match_id,date,season,venue,city,batting_team,bowling_team,toss_winner,toss_decision,match_won_by,team1,team2,h2h_win_pct_team1,team1_recent_form,team2_recent_form,venue_batting_first_win_pct,toss_winner_is_team1,team1_overall_win_pct,team2_overall_win_pct,team1_elo,team2_elo,team1_home_advantage,team2_home_advantage,team1_won
335982,2008-04-18,2008,"M Chinnaswamy Stadium, Bengaluru",Bengaluru,Kolkata Knight Riders,Royal Challengers Bengaluru,Royal Challengers Bengaluru,field,Kolkata Knight Riders,Kolkata Knight Riders,Royal Challengers Bengaluru,0.5,0.5,0.5,0.5,0,0.5,0.5,1500.0,1500.0,0,1,1
335983,2008-04-19,2008,"Punjab Cricket Association IS Bindra Stadium, Mohali, Chandigarh",Chandigarh,Chennai Super Kings,Punjab Kings,Chennai Super Kings,bat,Chennai Super Kings,Chennai Super Kings,Punjab Kings,0.5,0.5,0.5,0.5,1,0.5,0.5,1500.0,1500.0,0,1,1
335984,2008-04-19,2008,"Arun Jaitley Stadium, Delhi",Delhi,Rajasthan Royals,Delhi Capitals,Rajasthan Royals,bat,Delhi Capitals,Rajasthan Royals,Delhi Capitals,0.5,0.5,0.5,0.5,1,0.5,0.5,1500.0,1500.0,0,1,0
335985,2008-04-20,2008,"Wankhede Stadium, Mumbai",Mumbai,Mumbai Indians,Royal Challengers Bengaluru,Mumbai Indians,bat,Royal Challengers Bengaluru,Mumbai Indians,Royal Challengers Bengaluru,0.5,0.5,0.0,0.5,1,0.5,0.5,1500.0,1484.0,1,0,0
335986,2008-04-20,2008,"Eden Gardens, Kolkata",Kolkata,Deccan Chargers,Kolkata Knight Riders,Deccan Chargers,bat,Kolkata Knight Riders,Deccan Chargers,Kolkata Knight Riders,0.5,0.5,1.0,0.5,1,0.5,0.5,1500.0,1516.0,0,1,0
335987,2008-04-21,2008,"Sawai Mansingh Stadium, Jaipur",Jaipur,Punjab Kings,Rajasthan Royals,Punjab Kings,bat,Rajasthan Royals,Punjab Kings,Rajasthan Royals,0.5,0.0,0.0,0.5,1,0.5,0.5,1484.0,1484.0,0,1,0
335988,2008-04-22,2008,"Rajiv Gandhi International Stadium, Uppal, Hyderabad",Hyderabad,Deccan Chargers,Delhi Capitals,Deccan Chargers,bat,Delhi Capitals,Deccan Chargers,Delhi Capitals,0.5,0.0,1.0,0.5,1,0.5,0.5,1484.736306793522,1516.0,1,0,0
335989,2008-04-23,2008,"MA Chidambaram Stadium, Chepauk, Chennai",Chennai,Chennai Super Kings,Mumbai Indians,Mumbai Indians,field,Chennai Super Kings,Chennai Super Kings,Mumbai Indians,0.5,1.0,0.0,0.5,0,0.5,0.5,1516.0,1483.263693206478,1,0,1
335990,2008-04-24,2008,"Rajiv Gandhi International Stadium, Uppal, Hyderabad",Hyderabad,Deccan Chargers,Rajasthan Royals,Rajasthan Royals,field,Rajasthan Royals,Deccan Chargers,Rajasthan Royals,0.5,0.0,0.5,0.5,0,0.5,0.5,1470.1721796717984,1500.0,1,0,0
335991,2008-04-25,2008,"Punjab Cricket Association IS Bindra Stadium, Mohali, Chandigarh",Chandigarh,Punjab Kings,Mumbai Indians,Mumbai Indians,field,Punjab Kings,Punjab Kings,Mumbai Indians,0.5,0.0,0.0,0.5,0,0.5,0.5,1468.0,1468.766810297684,1,0,1
335992,2008-04-26,2008,"M Chinnaswamy Stadium, Bengaluru",Bengaluru,Royal Challengers Bengaluru,Rajasthan Royals,Rajasthan Royals,field,Rajasthan Royals,Royal Challengers Bengaluru,Rajasthan Royals,0.5,0.5,0.6666666666666666,0.5,0,0.5,0.5,1500.736306793522,1514.6297429318936,1,0,0
335993,2008-04-26,2008,"MA Chidambaram Stadium, Chepauk, Chennai",Chennai,Kolkata Knight Riders,Chennai Super Kings,Kolkata Knight Riders,bat,Chennai Super Kings,Kolkata Knight Riders,Chennai Super Kings,0.5,1.0,1.0,0.5,1,0.5,0.5,1531.263693206478,1530.4968829087939,0,1,0
335994,2008-04-27,2008,"Dr DY Patil Sports Academy, Mumbai",Mumbai,Mumbai Indians,Deccan Chargers,Deccan Chargers,field,Deccan Chargers,Mumbai Indians,Deccan Chargers,0.5,0.0,0.0,0.5,0,0.5,0.5,1452.7314974358096,1455.5424367399048,1,0,0
335995,2008-04-27,2008,"Punjab Cricket Association IS Bindra Stadium, Mohali, Chandigarh",Chandigarh,Delhi Capitals,Punjab Kings,Delhi Capitals,bat,Punjab Kings,Delhi Capitals,Punjab Kings,0.5,1.0,0.3333333333333333,0.5,1,0.5,0.5,1530.5641271217237,1484.0353128618744,0,1,0
335996,2008-04-28,2008,"M Chinnaswamy Stadium, Bengaluru",Bengaluru,Chennai Super Kings,Royal Challengers Bengaluru,Chennai Super Kings,bat,Chennai Super Kings,Chennai Super Kings,Royal Challengers Bengaluru,0.5,1.0,0.3333333333333333,0.5,1,0.5,0.5,1546.5321957706683,1485.375782350751,0,1,1
335997,2008-04-29,2008,"Eden Gardens, Kolkata",Kolkata,Kolkata Knight Riders,Mumbai Indians,Kolkata Knight Riders,bat,Mumbai Indians,Kolkata Knight Riders,Mumbai Indians,0.5,0.6666666666666666,0.0,0.5,1,0.5,0.5,1515.2283803446035,1436.8609431502357,1,0,0
335998,2008-04-30,2008,"Arun Jaitley Stadium, Delhi",Delhi,Delhi Capitals,Royal Challengers Bengaluru,Royal Challengers Bengaluru,field,Delhi Capitals,Delhi Capitals,Royal Challengers Bengaluru,0.5,0.6666666666666666,0.25,0.5,0,0.5,0.5,1512.4341145891694,1472.163408100876,1,0,1
335999,2008-05-01,2008,"Rajiv Gandhi International Stadium, Uppal, Hyderabad",Hyderabad,Deccan Chargers,Punjab Kings,Punjab Kings,field,Punjab Kings,Deccan Chargers,Punjab Kings,0.5,0.25,0.5,0.5,0,0.5,0.5,1471.4129910254787,1502.1653253944287,1,0,0
336000,2008-05-01,2008,"Sawai Mansingh Stadium, Jaipur",Jaipur,Rajasthan Royals,Kolkata Knight Riders,Rajasthan Royals,bat,Rajasthan Royals,Rajasthan Royals,Kolkata Knight Riders,0.5,0.75,0.5,0.5,1,0.5,0.5,1529.9902673746647,1495.6794104781666,1,0,1
336001,2008-05-02,2008,"MA Chidambaram Stadium, Chepauk, Chennai",Chennai,Chennai Super Kings,Delhi Capitals,Chennai Super Kings,bat,Delhi Capitals,Chennai Super Kings,Delhi Capitals,0.5,1.0,0.75,0.5,1,0.5,0.5,1559.7445700205433,1526.58784070638,1,0,0
336003,2008-05-03,2008,"Punjab Cricket Association IS Bindra Stadium, Mohali, Chandigarh",Chandigarh,Punjab Kings,Kolkata Knight Riders,Punjab Kings,bat,Punjab Kings,Punjab Kings,Kolkata Knight Riders,0.5,0.6,0.4,0.5,1,0.6,0.4,1516.7528148751478,1481.2543672510556,1,0,1
336034,2008-05-03,2008,"M Chinnaswamy Stadium, Bengaluru",Bengaluru,Royal Challengers Bengaluru,Deccan Chargers,Deccan Chargers,field,Royal Challengers Bengaluru,Royal Challengers Bengaluru,Deccan Chargers,0.5,0.2,0.2,0.5,0,0.2,0.2,1458.0096819836656,1456.8255015447596,1,0,1
336004,2008-05-04,2008,"Dr DY Patil Sports Academy, Mumbai",Mumbai,Mumbai Indians,Delhi Capitals,Delhi Capitals,field,Mumbai Indians,Mumbai Indians,Delhi Capitals,0.5,0.2,0.8,0.5,0,0.2,0.8,1456.4099130166726,1544.1101459049664,1,0,1
336005,2008-05-04,2008,"Sawai Mansingh Stadium, Jaipur",Jaipur,Chennai Super Kings,Rajasthan Royals,Chennai Super Kings,bat,Rajasthan Royals,Chennai Super Kings,Rajasthan Royals,0.5,0.8,0.8,0.5,1,0.8,0.8,1542.2222648219567,1544.4153106017757,0,1,0
336006,2008-05-05,2008,"M Chinnaswamy Stadium, Bengaluru",Bengaluru,Royal Challengers Bengaluru,Punjab Kings,Punjab Kings,field,Punjab Kings,Royal Challengers Bengaluru,Punjab Kings,0.5,0.4,0.8,0.5,0,0.3333333333333333,0.6666666666666666,1473.9551486703124,1531.1237158753893,1,0,0
336007,2008-05-06,2008,"MA Chidambaram Stadium, Chepauk, Chennai",Chennai,Chennai Super Kings,Deccan Chargers,Deccan Chargers,field,Deccan Chargers,Chennai Super Kings,Deccan Chargers,0.5,0.6,0.2,0.5,0,0.6666666666666666,0.16666666666666666,1526.323256971117,1440.8800348581128,1,0,0
336008,2008-05-07,2008,"Dr DY Patil Sports Academy, Mumbai",Mumbai,Rajasthan Royals,Mumbai Indians,Mumbai Indians,field,Mumbai Indians,Rajasthan Royals,Mumbai Indians,0.5,1.0,0.4,0.5,0,0.8333333333333334,0.3333333333333333,1560.3143184526155,1476.3650108107984,0,1,0
336009,2008-05-08,2008,"Arun Jaitley Stadium, Delhi",Delhi,Delhi Capitals,Chennai Super Kings,Chennai Super Kings,field,Chennai Super Kings,Delhi Capitals,Chennai Super Kings,1.0,0.6,0.4,0.5,0,0.6666666666666666,0.5714285714285714,1524.1550481108407,1506.465902776916,1,0,0
336010,2008-05-08,2008,"Eden Gardens, Kolkata",Kolkata,Kolkata Knight Riders,Royal Challengers Bengaluru,Kolkata Knight Riders,bat,Kolkata Knight Riders,Kolkata Knight Riders,Royal Challengers Bengaluru,1.0,0.2,0.2,0.5,1,0.3333333333333333,0.2857142857142857,1466.883466250814,1460.5643529415734,1,0,1
336011,2008-05-09,2008,"Sawai Mansingh Stadium, Jaipur",Jaipur,Deccan Chargers,Rajasthan Royals,Rajasthan Royals,field,Rajasthan Royals,Deccan Chargers,Rajasthan Royals,0.0,0.4,0.8,0.5,0,0.2857142857142857,0.7142857142857143,1460.7373890523138,1540.5218297803124,0,1,0
336013,2008-05-10,2008,"MA Chidambaram Stadium, Chepauk, Chennai",Chennai,Chennai Super Kings,Punjab Kings,Punjab Kings,field,Chennai Super Kings,Chennai Super Kings,Punjab Kings,1.0,0.4,1.0,0.5,0,0.625,0.7142857142857143,1523.2798148766883,1544.5145116041283,1,0,1
336014,2008-05-11,2008,"Rajiv Gandhi International Stadium, Uppal, Hyderabad",Hyderabad,Kolkata Knight Riders,Deccan Chargers,Kolkata Knight Riders,bat,Kolkata Knight Riders,Kolkata Knight Riders,Deccan Chargers,1.0,0.2,0.4,0.5,1,0.42857142857142855,0.25,1482.592492412552,1448.3483473580927,0,1,1
336015,2008-05-11,2008,"Sawai Mansingh Stadium, Jaipur",Jaipur,Delhi Capitals,Rajasthan Royals,Rajasthan Royals,field,Rajasthan Royals,Delhi Capitals,Rajasthan Royals,1.0,0.4,0.8,0.5,0,0.5714285714285714,0.75,1507.3411360110683,1552.9108714745335,0,1,0
336016,2008-05-12,2008,"Punjab Cricket Association IS Bindra Stadium, Mohali, Chandigarh",Chandigarh,Royal Challengers Bengaluru,Punjab Kings,Royal Challengers Bengaluru,bat,Punjab Kings,Royal Challengers Bengaluru,Punjab Kings,0.0,0.2,0.8,0.5,1,0.25,0.625,1444.8553267798354,1527.5378334910465,0,1,0
336017,2008-05-13,2008,"Eden Gardens, Kolkata",Kolkata,Kolkata Knight Riders,Delhi Capitals,Kolkata Knight Riders,bat,Kolkata Knight Riders,Kolkata Knight Riders,Delhi Capitals,0.5,0.4,0.4,0.5,1,0.5,0.5,1497.0205781232462,1493.42774824627,1,0,1
336018,2008-05-14,2008,"Wankhede Stadium, Mumbai",Mumbai,Chennai Super Kings,Mumbai Indians,Mumbai Indians,field,Mumbai Indians,Chennai Super Kings,Mumbai Indians,1.0,0.4,0.6,0.5,0,0.6666666666666666,0.42857142857142855,1540.25649298977,1496.1574994831014,0,1,0
336020,2008-05-15,2008,"Arun Jaitley Stadium, Delhi",Delhi,Delhi Capitals,Deccan Chargers,Deccan Chargers,field,Delhi Capitals,Delhi Capitals,Deccan Chargers,1.0,0.2,0.2,0.5,0,0.4444444444444444,0.2222222222222222,1477.5931982791078,1433.9202616473985,1,0,1
336021,2008-05-16,2008,"Wankhede Stadium, Mumbai",Mumbai,Kolkata Knight Riders,Mumbai Indians,Mumbai Indians,field,Mumbai Indians,Kolkata Knight Riders,Mumbai Indians,0.0,0.6,0.8,0.5,0,0.5555555555555556,0.5,1512.8551280904085,1514.1774970999948,0,1,0
336022,2008-05-17,2008,"Arun Jaitley Stadium, Delhi",Delhi,Delhi Capitals,Punjab Kings,Delhi Capitals,bat,Punjab Kings,Delhi Capitals,Punjab Kings,0.0,0.2,0.8,0.5,1,0.5,0.6666666666666666,1491.5925115524715,1539.8004528895824,1,0,0
336023,2008-05-17,2008,"Sawai Mansingh Stadium, Jaipur",Jaipur,Rajasthan Royals,Royal Challengers Bengaluru,Royal Challengers Bengaluru,field,Rajasthan Royals,Rajasthan Royals,Royal Challengers Bengaluru,1.0,0.8,0.2,0.2,0,0.7777777777777778,0.2222222222222222,1566.8242592393317,1432.5927073812995,1,0,1
336024,2008-05-18,2008,"Rajiv Gandhi International Stadium, Uppal, Hyderabad",Hyderabad,Mumbai Indians,Deccan Chargers,Deccan Chargers,field,Mumbai Indians,Mumbai Indians,Deccan Chargers,0.0,1.0,0.2,0.5,0,0.5555555555555556,0.2,1530.1166000506735,1419.9209483740349,0,1,1
336025,2008-05-18,2008,"Eden Gardens, Kolkata",Kolkata,Kolkata Knight Riders,Chennai Super Kings,Kolkata Knight Riders,bat,Chennai Super Kings,Kolkata Knight Riders,Chennai Super Kings,0.0,0.6,0.4,0.5,1,0.5,0.6,1496.9160251397298,1522.2364953728768,1,0,0
336026,2008-05-19,2008,"M Chinnaswamy Stadium, Bengaluru",Bengaluru,Royal Challengers Bengaluru,Delhi Capitals,Delhi Capitals,field,Delhi Capitals,Royal Challengers Bengaluru,Delhi Capitals,0.0,0.2,0.2,0.6,0,0.2,0.45454545454545453,1422.484049339574,1477.7984308964983,1,0,0
336027,2008-05-20,2008,"Eden Gardens, Kolkata",Kolkata,Kolkata Knight Riders,Rajasthan Royals,Rajasthan Royals,field,Rajasthan Royals,Kolkata Knight Riders,Rajasthan Royals,0.0,0.6,0.8,0.4,0,0.45454545454545453,0.8,1482.0800158751372,1576.9329172810571,1,0,0
336028,2008-05-21,2008,"Wankhede Stadium, Mumbai",Mumbai,Punjab Kings,Mumbai Indians,Mumbai Indians,field,Punjab Kings,Punjab Kings,Mumbai Indians,1.0,0.8,1.0,0.5,0,0.7,0.6,1553.5945335455556,1541.205488082149,0,1,1
336029,2008-05-21,2008,"MA Chidambaram Stadium, Chepauk, Chennai",Chennai,Royal Challengers Bengaluru,Chennai Super Kings,Royal Challengers Bengaluru,bat,Royal Challengers Bengaluru,Royal Challengers Bengaluru,Chennai Super Kings,0.0,0.0,0.6,0.4,1,0.18181818181818182,0.6363636363636364,1409.01006437687,1537.0725046374694,0,1,1
336031,2008-05-23,2008,"Punjab Cricket Association IS Bindra Stadium, Mohali, Chandigarh",Chandigarh,Deccan Chargers,Punjab Kings,Punjab Kings,field,Punjab Kings,Deccan Chargers,Punjab Kings,0.0,0.2,0.8,0.6,0,0.18181818181818182,0.7272727272727273,1408.8320603425593,1569.0242386130342,0,1,0
336032,2008-05-24,2008,"Arun Jaitley Stadium, Delhi",Delhi,Mumbai Indians,Delhi Capitals,Delhi Capitals,field,Delhi Capitals,Mumbai Indians,Delhi Capitals,1.0,0.8,0.4,0.4,0,0.5454545454545454,0.5,1525.7757830146704,1491.2724158592023,0,1,0
336033,2008-05-24,2008,"MA Chidambaram Stadium, Chepauk, Chennai",Chennai,Rajasthan Royals,Chennai Super Kings,Rajasthan Royals,bat,Rajasthan Royals,Rajasthan Royals,Chennai Super Kings,1.0,0.8,0.6,0.5,1,0.8181818181818182,0.5833333333333334,1588.6701634756776,1515.4283333989308,0,1,1
336035,2008-05-25,2008,"Eden Gardens, Kolkata",Kolkata,Punjab Kings,Kolkata Knight Riders,Punjab Kings,bat,Kolkata Knight Riders,Punjab Kings,Kolkata Knight Riders,1.0,0.8,0.4,0.3333333333333333,1,0.75,0.4166666666666667,1578.128942400162,1470.3427696805168,0,1,0
336002,2008-05-25,2008,"Rajiv Gandhi International Stadium, Uppal, Hyderabad",Hyderabad,Deccan Chargers,Royal Challengers Bengaluru,Deccan Chargers,bat,Royal Challengers Bengaluru,Deccan Chargers,Royal Challengers Bengaluru,0.0,0.0,0.2,0.4,1,0.16666666666666666,0.25,1399.7273565554315,1430.6542356154087,1,0,0
336036,2008-05-26,2008,"Sawai Mansingh Stadium, Jaipur",Jaipur,Mumbai Indians,Rajasthan Royals,Rajasthan Royals,field,Rajasthan Royals,Mumbai Indians,Rajasthan Royals,1.0,0.6,1.0,0.3333333333333333,0,0.5,0.8333333333333334,1508.1920471971862,1601.3463436649058,0,1,0
336037,2008-05-27,2008,"Rajiv Gandhi International Stadium, Uppal, Hyderabad",Hyderabad,Deccan Chargers,Chennai Super Kings,Deccan Chargers,bat,Chennai Super Kings,Deccan Chargers,Chennai Super Kings,1.0,0.0,0.4,0.3333333333333333,1,0.15384615384615385,0.5384615384615384,1385.1478421540646,1502.7521532097026,1,0,0
336012,2008-05-28,2008,"M Chinnaswamy Stadium, Bengaluru",Bengaluru,Royal Challengers Bengaluru,Mumbai Indians,Mumbai Indians,field,Mumbai Indians,Royal Challengers Bengaluru,Mumbai Indians,1.0,0.4,0.4,0.5,0,0.3076923076923077,0.46153846153846156,1445.2337500167755,1496.3820355273804,1,0,0
336019,2008-05-28,2008,"Punjab Cricket Association IS Bindra Stadium, Mohali, Chandigarh",Chandigarh,Punjab Kings,Rajasthan Royals,Rajasthan Royals,field,Punjab Kings,Punjab Kings,Rajasthan Royals,0.0,0.8,1.0,0.5,0,0.6923076923076923,0.8461538461538461,1557.3185496765168,1613.1563553347116,1,0,1
336038,2008-05-30,2008,"Wankhede Stadium, Mumbai",Mumbai,Rajasthan Royals,Delhi Capitals,Delhi Capitals,field,Rajasthan Royals,Rajasthan Royals,Delhi Capitals,0.5,0.8,0.6,0.5,0,0.7857142857142857,0.5384615384615384,1594.6068421353737,1508.8561516766865,0,0,1
336039,2008-05-31,2008,"Wankhede Stadium, Mumbai",Mumbai,Punjab Kings,Chennai Super Kings,Punjab Kings,bat,Chennai Super Kings,Punjab Kings,Chennai Super Kings,0.0,0.8,0.4,0.4,1,0.7142857142857143,0.5714285714285714,1575.8680628758548,1513.5340600368495,0,0,0
336040,2008-06-01,2008,"Dr DY Patil Sports Academy, Mumbai",Mumbai,Chennai Super Kings,Rajasthan Royals,Rajasthan Royals,field,Rajasthan Royals,Chennai Super Kings,Rajasthan Royals,0.0,0.6,0.8,0.5,0,0.6,0.8,1532.3742384024938,1606.7361543210202,0,0,0
392181,2009-04-18,2009,Newlands,Cape Town,Mumbai Indians,Chennai Super Kings,Chennai Super Kings,field,Mumbai Indians,Mumbai Indians,Chennai Super Kings,0.5,0.4,0.4,0.5,0,0.5,0.5625,1510.043440152451,1519.7473808342852,0,0,1
392182,2009-04-18,2009,Newlands,Cape Town,Royal Challengers Bengaluru,Rajasthan Royals,Royal Challengers Bengaluru,bat,Royal Challengers Bengaluru,Royal Challengers Bengaluru,Rajasthan Royals,0.0,0.4,0.8,0.5,1,0.2857142857142857,0.8125,1431.5723453917049,1619.3630118892288,0,0,1
392183,2009-04-19,2009,Newlands,Cape Town,Punjab Kings,Delhi Capitals,Delhi Capitals,field,Delhi Capitals,Punjab Kings,Delhi Capitals,1.0,0.6,0.6,0.5,0,0.6666666666666666,0.5,1557.0278845102105,1496.72683949104,0,0,0
392184,2009-04-19,2009,Newlands,Cape Town,Kolkata Knight Riders,Deccan Chargers,Kolkata Knight Riders,bat,Deccan Chargers,Kolkata Knight Riders,Deccan Chargers,1.0,0.4,0.0,0.5,1,0.46153846153846156,0.14285714285714285,1491.153162404162,1374.3659353269177,0,0,0
392185,2009-04-20,2009,St George's Park,Port Elizabeth,Chennai Super Kings,Royal Challengers Bengaluru,Chennai Super Kings,bat,Chennai Super Kings,Chennai Super Kings,Royal Challengers Bengaluru,0.5,0.4,0.6,0.5,1,0.5294117647058824,0.3333333333333333,1503.3006140186646,1455.466267433416,0,0,1
392186,2009-04-21,2009,Kingsmead,Durban,Punjab Kings,Kolkata Knight Riders,Kolkata Knight Riders,field,Kolkata Knight Riders,Punjab Kings,Kolkata Knight Riders,0.5,0.4,0.2,0.5,0,0.625,0.42857142857142855,1538.2784705283975,1469.968720912233,0,0,0
392188,2009-04-22,2009,Newlands,Cape Town,Deccan Chargers,Royal Challengers Bengaluru,Deccan Chargers,bat,Deccan Chargers,Deccan Chargers,Royal Challengers Bengaluru,0.0,0.2,0.6,0.5,1,0.2,0.3125,1395.5503768188466,1441.6553066359372,0,0,1
392189,2009-04-23,2009,Kingsmead,Durban,Delhi Capitals,Chennai Super Kings,Delhi Capitals,bat,Delhi Capitals,Delhi Capitals,Chennai Super Kings,0.5,0.6,0.6,0.5,1,0.5333333333333333,0.5555555555555556,1515.476253472853,1517.1115748161435,0,0,1
392191,2009-04-24,2009,Kingsmead,Durban,Royal Challengers Bengaluru,Punjab Kings,Royal Challengers Bengaluru,bat,Punjab Kings,Royal Challengers Bengaluru,Punjab Kings,0.0,0.4,0.2,0.5,1,0.29411764705882354,0.5882352941176471,1423.5444718553401,1519.172607616469,0,0,0
392192,2009-04-25,2009,Kingsmead,Durban,Deccan Chargers,Mumbai Indians,Deccan Chargers,bat,Deccan Chargers,Deccan Chargers,Mumbai Indians,0.5,0.4,0.4,0.5,1,0.25,0.5333333333333333,1413.6612115994437,1526.4902069680716,0,0,1
392195,2009-04-26,2009,Newlands,Cape Town,Punjab Kings,Rajasthan Royals,Punjab Kings,bat,Punjab Kings,Punjab Kings,Rajasthan Royals,0.5,0.4,0.6,0.6,1,0.6111111111111112,0.7647058823529411,1530.876706783211,1595.4690898475176,0,0,1
392194,2009-04-26,2009,St George's Park,Port Elizabeth,Royal Challengers Bengaluru,Delhi Capitals,Royal Challengers Bengaluru,bat,Delhi Capitals,Royal Challengers Bengaluru,Delhi Capitals,0.0,0.2,0.8,0.5,1,0.2777777777777778,0.5625,1411.840372688598,1531.5515622476628,0,0,0
392196,2009-04-27,2009,Kingsmead,Durban,Chennai Super Kings,Deccan Chargers,Deccan Chargers,field,Deccan Chargers,Chennai Super Kings,Deccan Chargers,0.5,0.4,0.6,0.5,0,0.5263157894736842,0.29411764705882354,1501.0362660413336,1434.6819110386443,0,0,0
392197,2009-04-27,2009,St George's Park,Port Elizabeth,Mumbai Indians,Kolkata Knight Riders,Mumbai Indians,bat,Mumbai Indians,Mumbai Indians,Kolkata Knight Riders,1.0,0.4,0.4,0.5,1,0.5,0.4666666666666667,1505.469507528871,1489.0745838241617,0,0,1
392198,2009-04-28,2009,SuperSport Park,Centurion,Delhi Capitals,Rajasthan Royals,Delhi Capitals,bat,Rajasthan Royals,Delhi Capitals,Rajasthan Royals,0.3333333333333333,0.8,0.4,0.5,1,0.5882352941176471,0.7222222222222222,1542.2469356733109,1576.5283038644213,0,0,0
392199,2009-04-29,2009,Kingsmead,Durban,Kolkata Knight Riders,Royal Challengers Bengaluru,Kolkata Knight Riders,bat,Royal Challengers Bengaluru,Kolkata Knight Riders,Royal Challengers Bengaluru,1.0,0.4,0.2,0.4,1,0.4375,0.2631578947368421,1473.8290380537092,1401.14499926295,0,0,0
392200,2009-04-29,2009,Kingsmead,Durban,Punjab Kings,Mumbai Indians,Punjab Kings,bat,Punjab Kings,Punjab Kings,Mumbai Indians,1.0,0.4,0.6,0.4,1,0.631578947368421,0.5294117647058824,1549.8174927663072,1520.7150532993235,0,0,1
392201,2009-04-30,2009,SuperSport Park,Centurion,Deccan Chargers,Delhi Capitals,Delhi Capitals,field,Delhi Capitals,Deccan Chargers,Delhi Capitals,0.0,0.8,0.6,0.5,0,0.3333333333333333,0.5555555555555556,1453.7010240050429,1527.8205475881657,0,0,0
392202,2009-04-30,2009,SuperSport Park,Centurion,Chennai Super Kings,Rajasthan Royals,Rajasthan Royals,field,Chennai Super Kings,Chennai Super Kings,Rajasthan Royals,0.0,0.2,0.6,0.5,0,0.5,0.7368421052631579,1482.017153074935,1590.9546919495665,0,0,1
392204,2009-05-01,2009,Kingsmead,Durban,Royal Challengers Bengaluru,Punjab Kings,Royal Challengers Bengaluru,bat,Royal Challengers Bengaluru,Royal Challengers Bengaluru,Punjab Kings,0.0,0.2,0.6,0.42857142857142855,1,0.3,0.65,1420.4442321993633,1564.480401597771,0,0,1
392203,2009-05-01,2009,Buffalo Park,East London,Mumbai Indians,Kolkata Knight Riders,Mumbai Indians,bat,Mumbai Indians,Mumbai Indians,Kolkata Knight Riders,1.0,0.6,0.4,0.5,1,0.5,0.4117647058823529,1506.0521444678595,1454.5298051172958,0,0,1
392205,2009-05-02,2009,St George's Park,Port Elizabeth,Deccan Chargers,Rajasthan Royals,Deccan Chargers,bat,Rajasthan Royals,Deccan Chargers,Rajasthan Royals,0.0,0.8,0.4,0.5,1,0.3157894736842105,0.7,1441.063498418185,1570.0961177356814,0,0,0
392206,2009-05-02,2009,New Wanderers Stadium,Johannesburg,Chennai Super Kings,Delhi Capitals,Delhi Capitals,field,Chennai Super Kings,Chennai Super Kings,Delhi Capitals,0.3333333333333333,0.4,0.8,0.5,0,0.5238095238095238,0.5789473684210527,1502.8757272888201,1540.4580731750236,0,0,1
392207,2009-05-03,2009,St George's Park,Port Elizabeth,Kolkata Knight Riders,Punjab Kings,Kolkata Knight Riders,bat,Punjab Kings,Kolkata Knight Riders,Punjab Kings,0.6666666666666666,0.2,0.6,0.5,1,0.3888888888888889,0.6190476190476191,1440.885255647443,1542.2028716279947,0,0,0
392208,2009-05-03,2009,New Wanderers Stadium,Johannesburg,Mumbai Indians,Royal Challengers Bengaluru,Mumbai Indians,bat,Royal Challengers Bengaluru,Mumbai Indians,Royal Challengers Bengaluru,0.5,0.6,0.4,0.5,1,0.5263157894736842,0.3333333333333333,1519.6966939377123,1442.7217621691398,0,0,0
392209,2009-05-04,2009,Buffalo Park,East London,Chennai Super Kings,Deccan Chargers,Chennai Super Kings,bat,Chennai Super Kings,Chennai Super Kings,Deccan Chargers,0.3333333333333333,0.6,0.6,0.5,1,0.5454545454545454,0.3,1520.5997393533753,1430.7467496713625,0,0,1
392210,2009-05-05,2009,Kingsmead,Durban,Rajasthan Royals,Punjab Kings,Punjab Kings,field,Rajasthan Royals,Rajasthan Royals,Punjab Kings,0.3333333333333333,0.4,0.8,0.5,0,0.7142857142857143,0.6363636363636364,1580.412866482504,1553.664934394155,0,0,1
392211,2009-05-05,2009,Kingsmead,Durban,Kolkata Knight Riders,Delhi Capitals,Kolkata Knight Riders,bat,Delhi Capitals,Kolkata Knight Riders,Delhi Capitals,1.0,0.2,0.6,0.5,1,0.3684210526315789,0.55,1429.4231928812828,1522.7340611104685,0,0,0
392212,2009-05-06,2009,SuperSport Park,Centurion,Deccan Chargers,Mumbai Indians,Deccan Chargers,bat,Deccan Chargers,Deccan Chargers,Mumbai Indians,0.6666666666666666,0.4,0.4,0.5,1,0.2857142857142857,0.5,1418.794784241186,1500.2087501846136,0,0,1
392213,2009-05-07,2009,SuperSport Park,Centurion,Royal Challengers Bengaluru,Rajasthan Royals,Rajasthan Royals,field,Rajasthan Royals,Royal Challengers Bengaluru,Rajasthan Royals,0.3333333333333333,0.6,0.6,0.5,0,0.36363636363636365,0.7272727272727273,1462.2097059222385,1595.1835065176228,0,0,0
392214,2009-05-07,2009,SuperSport Park,Centurion,Chennai Super Kings,Punjab Kings,Chennai Super Kings,bat,Chennai Super Kings,Chennai Super Kings,Punjab Kings,1.0,0.6,0.6,0.5,1,0.5652173913043478,0.6086956521739131,1532.5517047835517,1538.894294359036,0,0,1
392215,2009-05-08,2009,Buffalo Park,East London,Mumbai Indians,Delhi Capitals,Mumbai Indians,bat,Delhi Capitals,Mumbai Indians,Delhi Capitals,0.5,0.4,0.6,0.5,1,0.47619047619047616,0.5714285714285714,1480.5266474825985,1534.5373576526322,0,0,0
392216,2009-05-09,2009,De Beers Diamond Oval,Kimberley,Deccan Chargers,Punjab Kings,Punjab Kings,field,Punjab Kings,Deccan Chargers,Punjab Kings,0.0,0.4,0.4,0.5,0,0.3181818181818182,0.5833333333333334,1438.4768869432012,1522.6022397576446,0,0,0
392217,2009-05-09,2009,De Beers Diamond Oval,Kimberley,Rajasthan Royals,Chennai Super Kings,Rajasthan Royals,bat,Chennai Super Kings,Rajasthan Royals,Chennai Super Kings,0.75,0.8,0.8,0.5,1,0.7391304347826086,0.5833333333333334,1605.3422998747988,1548.843759384943,0,0,0
392218,2009-05-10,2009,St George's Park,Port Elizabeth,Mumbai Indians,Royal Challengers Bengaluru,Mumbai Indians,bat,Mumbai Indians,Mumbai Indians,Royal Challengers Bengaluru,0.3333333333333333,0.2,0.6,0.4,1,0.45454545454545453,0.34782608695652173,1466.9940882029218,1452.0509125650626,0,0,1
392219,2009-05-10,2009,New Wanderers Stadium,Johannesburg,Kolkata Knight Riders,Delhi Capitals,Delhi Capitals,field,Delhi Capitals,Kolkata Knight Riders,Delhi Capitals,0.5,0.0,0.6,0.5,0,0.35,0.5909090909090909,1417.6198963391191,1548.0699169323088,0,0,0
392220,2009-05-11,2009,De Beers Diamond Oval,Kimberley,Deccan Chargers,Rajasthan Royals,Deccan Chargers,bat,Deccan Chargers,Deccan Chargers,Rajasthan Royals,0.0,0.2,0.6,0.5,1,0.30434782608695654,0.7083333333333334,1426.277026386215,1586.7631403186513,0,0,1
392222,2009-05-12,2009,SuperSport Park,Centurion,Punjab Kings,Mumbai Indians,Punjab Kings,bat,Mumbai Indians,Punjab Kings,Mumbai Indians,1.0,0.4,0.4,0.5,1,0.6,0.4782608695652174,1534.8021003146307,1482.306353550643,0,0,0
392221,2009-05-12,2009,SuperSport Park,Centurion,Kolkata Knight Riders,Royal Challengers Bengaluru,Royal Challengers Bengaluru,field,Royal Challengers Bengaluru,Kolkata Knight Riders,Royal Challengers Bengaluru,0.6666666666666666,0.0,0.6,0.5,0,0.3333333333333333,0.3333333333333333,1407.360102940628,1436.7386472173414,0,0,0
392223,2009-05-13,2009,Kingsmead,Durban,Delhi Capitals,Deccan Chargers,Deccan Chargers,field,Delhi Capitals,Delhi Capitals,Deccan Chargers,1.0,0.8,0.4,0.5,0,0.6086956521739131,0.3333333333333333,1558.3297103308,1449.1833408249493,0,0,1
392224,2009-05-14,2009,Kingsmead,Durban,Chennai Super Kings,Royal Challengers Bengaluru,Chennai Super Kings,bat,Royal Challengers Bengaluru,Chennai Super Kings,Royal Challengers Bengaluru,0.6666666666666666,1.0,0.6,0.5454545454545454,1,0.6,0.36,1567.4229189410905,1451.388930591257,0,0,0
392225,2009-05-14,2009,Kingsmead,Durban,Rajasthan Royals,Mumbai Indians,Rajasthan Royals,bat,Rajasthan Royals,Rajasthan Royals,Mumbai Indians,0.5,0.6,0.4,0.5454545454545454,1,0.68,0.5,1563.856825879917,1500.7056414408457,0,0,1
392226,2009-05-15,2009,OUTsurance Oval,Bloemfontein,Delhi Capitals,Punjab Kings,Punjab Kings,field,Punjab Kings,Delhi Capitals,Punjab Kings,0.3333333333333333,0.8,0.4,0.5,0,0.625,0.5769230769230769,1569.4624074886374,1516.402812424428,0,0,0
392227,2009-05-16,2009,St George's Park,Port Elizabeth,Mumbai Indians,Chennai Super Kings,Mumbai Indians,bat,Chennai Super Kings,Mumbai Indians,Chennai Super Kings,0.6666666666666666,0.4,0.8,0.5,1,0.48,0.5769230769230769,1487.5822513209466,1546.2695451306279,0,0,0
392228,2009-05-16,2009,New Wanderers Stadium,Johannesburg,Kolkata Knight Riders,Deccan Chargers,Deccan Chargers,field,Deccan Chargers,Kolkata Knight Riders,Deccan Chargers,0.6666666666666666,0.0,0.4,0.5,0,0.3181818181818182,0.32,1392.7098195667124,1438.050643667112,0,0,0
392230,2009-05-17,2009,OUTsurance Oval,Bloemfontein,Delhi Capitals,Rajasthan Royals,Delhi Capitals,bat,Delhi Capitals,Delhi Capitals,Rajasthan Royals,0.25,0.8,0.6,0.5,1,0.6,0.6923076923076923,1551.0377435146975,1576.9802159998162,0,0,1
392229,2009-05-17,2009,New Wanderers Stadium,Johannesburg,Punjab Kings,Deccan Chargers,Deccan Chargers,field,Punjab Kings,Punjab Kings,Deccan Chargers,1.0,0.4,0.6,0.5,0,0.5925925925925926,0.34615384615384615,1534.827476398368,1451.974394788509,0,0,1
392231,2009-05-18,2009,SuperSport Park,Centurion,Chennai Super Kings,Kolkata Knight Riders,Chennai Super Kings,bat,Kolkata Knight Riders,Chennai Super Kings,Kolkata Knight Riders,1.0,0.8,0.0,0.375,1,0.5925925925925926,0.30434782608695654,1559.5923097941943,1378.7860684453153,0,0,0
392232,2009-05-19,2009,New Wanderers Stadium,Johannesburg,Delhi Capitals,Royal Challengers Bengaluru,Delhi Capitals,bat,Royal Challengers Bengaluru,Delhi Capitals,Royal Challengers Bengaluru,1.0,0.8,0.6,0.4,1,0.6153846153846154,0.38461538461538464,1568.2302231723763,1472.5423044017195,0,0,0
392233,2009-05-20,2009,Kingsmead,Durban,Rajasthan Royals,Kolkata Knight Riders,Kolkata Knight Riders,field,Kolkata Knight Riders,Rajasthan Royals,Kolkata Knight Riders,1.0,0.4,0.2,0.5384615384615384,0,0.6666666666666666,0.3333333333333333,1559.7877363421374,1402.4342343294481,0,0,0
392234,2009-05-20,2009,Kingsmead,Durban,Chennai Super Kings,Punjab Kings,Chennai Super Kings,bat,Chennai Super Kings,Chennai Super Kings,Punjab Kings,1.0,0.6,0.6,0.5384615384615384,1,0.5714285714285714,0.6071428571428571,1535.9441439100615,1547.0826699880008,0,0,1
392235,2009-05-21,2009,SuperSport Park,Centurion,Mumbai Indians,Delhi Capitals,Delhi Capitals,field,Delhi Capitals,Mumbai Indians,Delhi Capitals,0.3333333333333333,0.4,0.6,0.3333333333333333,0,0.46153846153846156,0.5925925925925926,1474.2594866573802,1547.9317678165135,0,0,0
392236,2009-05-21,2009,SuperSport Park,Centurion,Royal Challengers Bengaluru,Deccan Chargers,Royal Challengers Bengaluru,bat,Royal Challengers Bengaluru,Royal Challengers Bengaluru,Deccan Chargers,0.6666666666666666,0.6,0.4,0.3333333333333333,1,0.4074074074074074,0.3333333333333333,1492.8407597575824,1439.7192011988761,0,0,1
392237,2009-05-22,2009,SuperSport Park,Centurion,Delhi Capitals,Deccan Chargers,Deccan Chargers,field,Deccan Chargers,Delhi Capitals,Deccan Chargers,1.0,0.6,0.4,0.36363636363636365,0,0.6071428571428571,0.32142857142857145,1560.5889853604267,1426.146653091123,0,0,0
392238,2009-05-23,2009,New Wanderers Stadium,Johannesburg,Chennai Super Kings,Royal Challengers Bengaluru,Royal Challengers Bengaluru,field,Royal Challengers Bengaluru,Chennai Super Kings,Royal Challengers Bengaluru,0.5,0.6,0.8,0.3333333333333333,0,0.5862068965517241,0.42857142857142855,1552.4569163290776,1506.4133078653356,0,0,0
392239,2009-05-24,2009,New Wanderers Stadium,Johannesburg,Deccan Chargers,Royal Challengers Bengaluru,Royal Challengers Bengaluru,field,Deccan Chargers,Deccan Chargers,Royal Challengers Bengaluru,0.25,0.4,1.0,0.2857142857142857,0,0.3448275862068966,0.4482758620689655,1448.0463839452084,1524.5213677789402,0,0,1
419106,2010-03-12,2010,"Dr DY Patil Sports Academy, Mumbai",Mumbai,Kolkata Knight Riders,Deccan Chargers,Deccan Chargers,field,Kolkata Knight Riders,Kolkata Knight Riders,Deccan Chargers,0.5,0.4,0.6,0.5,0,0.36,0.36666666666666664,1425.222709735556,1467.5123915103586,0,0,1
419107,2010-03-13,2010,"Brabourne Stadium, Mumbai",Mumbai,Mumbai Indians,Rajasthan Royals,Mumbai Indians,bat,Mumbai Indians,Mumbai Indians,Rajasthan Royals,0.3333333333333333,0.4,0.2,0.5,1,0.4444444444444444,0.6428571428571429,1461.602269113467,1536.9992609360295,1,0,1
419108,2010-03-13,2010,"Punjab Cricket Association IS Bindra Stadium, Mohali, Chandigarh",Chandigarh,Punjab Kings,Delhi Capitals,Delhi Capitals,field,Delhi Capitals,Punjab Kings,Delhi Capitals,0.75,0.6,0.4,0.5714285714285714,0,0.5862068965517241,0.5862068965517241,1530.5698975689847,1538.6892545063413,1,0,0
419109,2010-03-14,2010,"Eden Gardens, Kolkata",Kolkata,Royal Challengers Bengaluru,Kolkata Knight Riders,Kolkata Knight Riders,field,Kolkata Knight Riders,Royal Challengers Bengaluru,Kolkata Knight Riders,0.5,0.8,0.6,0.2857142857142857,0,0.43333333333333335,0.38461538461538464,1505.05536021379,1443.1606603365656,0,1,0
419110,2010-03-14,2010,"MA Chidambaram Stadium, Chepauk, Chennai",Chennai,Deccan Chargers,Chennai Super Kings,Deccan Chargers,bat,Deccan Chargers,Deccan Chargers,Chennai Super Kings,0.5,0.4,0.4,0.5714285714285714,1,0.3548387096774194,0.5666666666666667,1449.574440909349,1534.348856415473,0,1,1
419111,2010-03-15,2010,"Narendra Modi Stadium, Ahmedabad",Ahmedabad,Rajasthan Royals,Delhi Capitals,Delhi Capitals,field,Delhi Capitals,Rajasthan Royals,Delhi Capitals,0.6,0.2,0.6,0.5,0,0.6206896551724138,0.6,1517.5805988135774,1554.3154123541485,0,0,0
419113,2010-03-16,2010,"Eden Gardens, Kolkata",Kolkata,Chennai Super Kings,Kolkata Knight Riders,Chennai Super Kings,bat,Chennai Super Kings,Chennai Super Kings,Kolkata Knight Riders,0.6666666666666666,0.4,0.8,0.25,1,0.5483870967741935,0.4074074074074074,1514.5205252039082,1461.981241136951,0,1,1
419112,2010-03-16,2010,"M Chinnaswamy Stadium, Bengaluru",Bengaluru,Punjab Kings,Royal Challengers Bengaluru,Punjab Kings,bat,Royal Challengers Bengaluru,Punjab Kings,Royal Challengers Bengaluru,0.75,0.4,0.6,0.42857142857142855,1,0.5666666666666667,0.41935483870967744,1514.9437397211775,1486.2347794134046,0,1,0
419114,2010-03-17,2010,"Arun Jaitley Stadium, Delhi",Delhi,Mumbai Indians,Delhi Capitals,Delhi Capitals,field,Mumbai Indians,Mumbai Indians,Delhi Capitals,0.25,0.4,0.6,0.3333333333333333,0,0.4642857142857143,0.6129032258064516,1481.020931235919,1568.6299875118254,0,1,1
419115,2010-03-18,2010,"M Chinnaswamy Stadium, Bengaluru",Bengaluru,Rajasthan Royals,Royal Challengers Bengaluru,Royal Challengers Bengaluru,field,Royal Challengers Bengaluru,Rajasthan Royals,Royal Challengers Bengaluru,0.75,0.2,0.6,0.375,0,0.6,0.4375,1503.2660236559004,1503.5538750478675,0,1,0
419116,2010-03-19,2010,"Arun Jaitley Stadium, Delhi",Delhi,Delhi Capitals,Chennai Super Kings,Delhi Capitals,bat,Chennai Super Kings,Delhi Capitals,Chennai Super Kings,0.5,0.6,0.4,0.42857142857142855,1,0.59375,0.5625,1548.678832242862,1528.1192774686358,1,0,0
419117,2010-03-19,2010,Barabati Stadium,Cuttack,Deccan Chargers,Punjab Kings,Punjab Kings,field,Deccan Chargers,Deccan Chargers,Punjab Kings,0.0,0.6,0.4,0.5,0,0.375,0.5483870967741935,1469.4027721209138,1497.6246440867146,0,0,1
419118,2010-03-20,2010,"Narendra Modi Stadium, Ahmedabad",Ahmedabad,Rajasthan Royals,Kolkata Knight Riders,Rajasthan Royals,bat,Rajasthan Royals,Rajasthan Royals,Kolkata Knight Riders,0.6666666666666666,0.0,0.8,0.5,1,0.5806451612903226,0.39285714285714285,1487.2792796993501,1448.3824888722233,0,0,1
419119,2010-03-20,2010,"Brabourne Stadium, Mumbai",Mumbai,Mumbai Indians,Royal Challengers Bengaluru,Mumbai Indians,bat,Royal Challengers Bengaluru,Mumbai Indians,Royal Challengers Bengaluru,0.5,0.4,0.6,0.5,1,0.4827586206896552,0.45454545454545453,1500.9720865048826,1519.5406190044177,1,0,0
419120,2010-03-21,2010,Barabati Stadium,Cuttack,Deccan Chargers,Delhi Capitals,Deccan Chargers,bat,Deccan Chargers,Deccan Chargers,Delhi Capitals,0.2,0.8,0.4,0.5,1,0.3939393939393939,0.5757575757575758,1486.6995864110986,1531.7331333493858,0,0,1
419122,2010-03-22,2010,"Brabourne Stadium, Mumbai",Mumbai,Kolkata Knight Riders,Mumbai Indians,Kolkata Knight Riders,bat,Mumbai Indians,Kolkata Knight Riders,Mumbai Indians,0.0,0.6,0.4,0.5,1,0.3793103448275862,0.4666666666666667,1434.1663059033356,1485.8263857988659,0,1,0
419123,2010-03-23,2010,"M Chinnaswamy Stadium, Bengaluru",Bengaluru,Royal Challengers Bengaluru,Chennai Super Kings,Chennai Super Kings,field,Royal Challengers Bengaluru,Royal Challengers Bengaluru,Chennai Super Kings,0.6,0.6,0.6,0.3333333333333333,0,0.47058823529411764,0.5757575757575758,1534.6863197104344,1545.064976362112,1,0,1
419124,2010-03-24,2010,"Punjab Cricket Association IS Bindra Stadium, Mohali, Chandigarh",Chandigarh,Rajasthan Royals,Punjab Kings,Punjab Kings,field,Rajasthan Royals,Rajasthan Royals,Punjab Kings,0.5,0.2,0.2,0.5,0,0.59375,0.53125,1501.495462668238,1480.3278297965298,0,1,1
419125,2010-03-25,2010,"Brabourne Stadium, Mumbai",Mumbai,Chennai Super Kings,Mumbai Indians,Mumbai Indians,field,Mumbai Indians,Chennai Super Kings,Mumbai Indians,0.5,0.4,0.6,0.5,0,0.5588235294117647,0.4838709677419355,1528.5871636767097,1499.4647299170915,0,1,0
419128,2010-03-25,2010,"M Chinnaswamy Stadium, Bengaluru",Bengaluru,Delhi Capitals,Royal Challengers Bengaluru,Royal Challengers Bengaluru,field,Delhi Capitals,Delhi Capitals,Royal Challengers Bengaluru,0.75,0.4,0.8,0.4,0,0.5588235294117647,0.4857142857142857,1513.6707984163006,1551.1641323958368,0,1,1
419126,2010-03-26,2010,"Narendra Modi Stadium, Ahmedabad",Ahmedabad,Deccan Chargers,Rajasthan Royals,Deccan Chargers,bat,Rajasthan Royals,Deccan Chargers,Rajasthan Royals,0.25,0.8,0.4,0.5,1,0.4117647058823529,0.6060606060606061,1504.7619213441837,1516.521861488134,0,0,0
419127,2010-03-27,2010,"Punjab Cricket Association IS Bindra Stadium, Mohali, Chandigarh",Chandigarh,Kolkata Knight Riders,Punjab Kings,Kolkata Knight Riders,bat,Kolkata Knight Riders,Kolkata Knight Riders,Punjab Kings,0.5,0.4,0.0,0.5555555555555556,1,0.36666666666666664,0.5151515151515151,1420.52796178511,1465.3014309766338,0,1,1
419129,2010-03-28,2010,"Narendra Modi Stadium, Ahmedabad",Ahmedabad,Rajasthan Royals,Chennai Super Kings,Rajasthan Royals,bat,Rajasthan Royals,Rajasthan Royals,Chennai Super Kings,0.6,0.6,0.4,0.5,1,0.6176470588235294,0.5428571428571428,1531.9805029553486,1511.2491581717065,0,0,1
419130,2010-03-28,2010,"Dr DY Patil Sports Academy, Mumbai",Mumbai,Mumbai Indians,Deccan Chargers,Deccan Chargers,field,Mumbai Indians,Mumbai Indians,Deccan Chargers,0.25,0.8,0.6,0.4,0,0.5,0.4,1516.8027354220947,1489.303279876969,1,0,1
419131,2010-03-29,2010,"Arun Jaitley Stadium, Delhi",Delhi,Delhi Capitals,Kolkata Knight Riders,Delhi Capitals,bat,Delhi Capitals,Delhi Capitals,Kolkata Knight Riders,0.6666666666666666,0.4,0.4,0.375,1,0.5714285714285714,0.3870967741935484,1531.39075881136,1438.5785175491994,1,0,1
419132,2010-03-30,2010,"Brabourne Stadium, Mumbai",Mumbai,Punjab Kings,Mumbai Indians,Mumbai Indians,field,Mumbai Indians,Punjab Kings,Mumbai Indians,0.75,0.0,0.8,0.5,0,0.5,0.5151515151515151,1447.2508752125443,1531.5389766116177,0,1,0
419134,2010-03-31,2010,"Arun Jaitley Stadium, Delhi",Delhi,Delhi Capitals,Rajasthan Royals,Delhi Capitals,bat,Delhi Capitals,Delhi Capitals,Rajasthan Royals,0.5,0.4,0.8,0.4444444444444444,1,0.5833333333333334,0.6285714285714286,1543.2154462263086,1547.0269207087872,1,0,1
419133,2010-03-31,2010,"MA Chidambaram Stadium, Chepauk, Chennai",Chennai,Royal Challengers Bengaluru,Chennai Super Kings,Royal Challengers Bengaluru,bat,Chennai Super Kings,Royal Challengers Bengaluru,Chennai Super Kings,0.6666666666666666,0.8,0.4,0.625,1,0.4722222222222222,0.5277777777777778,1533.4441720007774,1496.202740418268,0,1,0
419135,2010-04-01,2010,"Eden Gardens, Kolkata",Kolkata,Kolkata Knight Riders,Deccan Chargers,Kolkata Knight Riders,bat,Kolkata Knight Riders,Kolkata Knight Riders,Deccan Chargers,0.6,0.2,0.6,0.3333333333333333,1,0.375,0.3888888888888889,1426.7538301342508,1474.567038687446,1,0,1
419136,2010-04-02,2010,"Punjab Cricket Association IS Bindra Stadium, Mohali, Chandigarh",Chandigarh,Punjab Kings,Royal Challengers Bengaluru,Punjab Kings,bat,Royal Challengers Bengaluru,Punjab Kings,Royal Challengers Bengaluru,0.6,0.0,0.6,0.6,1,0.4857142857142857,0.4594594594594595,1435.0580859302484,1515.735678979055,1,0,0
419137,2010-04-03,2010,"MA Chidambaram Stadium, Chepauk, Chennai",Chennai,Chennai Super Kings,Rajasthan Royals,Chennai Super Kings,bat,Chennai Super Kings,Chennai Super Kings,Rajasthan Royals,0.3333333333333333,0.4,0.8,0.5555555555555556,1,0.5405405405405406,0.6111111111111112,1513.9112334399904,1530.8514028632676,1,0,1
419138,2010-04-03,2010,"Brabourne Stadium, Mumbai",Mumbai,Mumbai Indians,Deccan Chargers,Mumbai Indians,bat,Mumbai Indians,Mumbai Indians,Deccan Chargers,0.4,0.8,0.4,0.2,1,0.5294117647058824,0.3783783783783784,1543.7317658939137,1456.3789547140093,1,0,1
419139,2010-04-04,2010,"Eden Gardens, Kolkata",Kolkata,Kolkata Knight Riders,Punjab Kings,Kolkata Knight Riders,bat,Punjab Kings,Kolkata Knight Riders,Punjab Kings,0.6,0.4,0.0,0.4,1,0.3939393939393939,0.4722222222222222,1444.9419141076876,1422.7080577378663,1,0,0
419140,2010-04-04,2010,"Arun Jaitley Stadium, Delhi",Delhi,Delhi Capitals,Royal Challengers Bengaluru,Delhi Capitals,bat,Delhi Capitals,Delhi Capitals,Royal Challengers Bengaluru,0.8,0.6,0.6,0.5,1,0.5945945945945946,0.47368421052631576,1559.3909640718282,1528.085707171437,1,0,1
419141,2010-04-05,2010,"Vidarbha Cricket Association Stadium, Jamtha",Nagpur,Rajasthan Royals,Deccan Chargers,Rajasthan Royals,bat,Rajasthan Royals,Rajasthan Royals,Deccan Chargers,0.8,0.6,0.2,0.5,1,0.5945945945945946,0.3684210526315789,1514.0718968443484,1444.3190270740258,0,0,1
419142,2010-04-06,2010,"MA Chidambaram Stadium, Chepauk, Chennai",Chennai,Chennai Super Kings,Mumbai Indians,Chennai Super Kings,bat,Chennai Super Kings,Chennai Super Kings,Mumbai Indians,0.4,0.4,1.0,0.6,1,0.5526315789473685,0.5428571428571428,1530.6907394589095,1555.7916935338972,1,0,1
419143,2010-04-07,2010,"Sawai Mansingh Stadium, Jaipur",Jaipur,Punjab Kings,Rajasthan Royals,Punjab Kings,bat,Rajasthan Royals,Punjab Kings,Rajasthan Royals,0.4,0.2,0.6,0.2857142857142857,1,0.4864864864864865,0.6052631578947368,1439.7305692282923,1526.902131906009,0,1,0
419144,2010-04-07,2010,"Eden Gardens, Kolkata",Kolkata,Kolkata Knight Riders,Delhi Capitals,Kolkata Knight Riders,bat,Kolkata Knight Riders,Kolkata Knight Riders,Delhi Capitals,0.25,0.4,0.8,0.36363636363636365,1,0.38235294117647056,0.6052631578947368,1427.9194026172615,1573.9531925503993,1,0,1
419145,2010-04-08,2010,"M Chinnaswamy Stadium, Bengaluru",Bengaluru,Royal Challengers Bengaluru,Deccan Chargers,Deccan Chargers,field,Deccan Chargers,Royal Challengers Bengaluru,Deccan Chargers,0.6,0.4,0.0,0.45454545454545453,0,0.46153846153846156,0.358974358974359,1513.5234786928659,1431.4887920123654,1,0,0
419146,2010-04-09,2010,"Punjab Cricket Association IS Bindra Stadium, Mohali, Chandigarh",Chandigarh,Mumbai Indians,Punjab Kings,Mumbai Indians,bat,Punjab Kings,Mumbai Indians,Punjab Kings,0.4,0.8,0.2,0.5454545454545454,1,0.5277777777777778,0.47368421052631576,1538.637758849888,1427.6627999404973,0,1,0
419147,2010-04-10,2010,"Vidarbha Cricket Association Stadium, Jamtha",Nagpur,Chennai Super Kings,Deccan Chargers,Chennai Super Kings,bat,Deccan Chargers,Chennai Super Kings,Deccan Chargers,0.4,0.6,0.2,0.5,1,0.5641025641025641,0.375,1547.8446741429186,1451.197954918092,0,0,0
419148,2010-04-10,2010,"M Chinnaswamy Stadium, Bengaluru",Bengaluru,Kolkata Knight Riders,Royal Challengers Bengaluru,Royal Challengers Bengaluru,field,Royal Challengers Bengaluru,Kolkata Knight Riders,Royal Challengers Bengaluru,0.6,0.6,0.2,0.4166666666666667,0,0.4,0.45,1450.2745892982193,1493.8143157871393,0,1,0
419150,2010-04-11,2010,"Sawai Mansingh Stadium, Jaipur",Jaipur,Mumbai Indians,Rajasthan Royals,Rajasthan Royals,field,Mumbai Indians,Mumbai Indians,Rajasthan Royals,0.5,0.6,0.6,0.25,0,0.5135135135135135,0.6153846153846154,1517.6941621019773,1538.969901193804,0,1,1
419149,2010-04-11,2010,"Arun Jaitley Stadium, Delhi",Delhi,Delhi Capitals,Punjab Kings,Delhi Capitals,bat,Punjab Kings,Delhi Capitals,Punjab Kings,0.4,0.8,0.4,0.5454545454545454,1,0.5897435897435898,0.48717948717948717,1551.5980058694415,1448.606396688408,1,0,0
419151,2010-04-12,2010,"Vidarbha Cricket Association Stadium, Jamtha",Nagpur,Deccan Chargers,Royal Challengers Bengaluru,Royal Challengers Bengaluru,field,Deccan Chargers,Deccan Chargers,Royal Challengers Bengaluru,0.5,0.4,0.4,0.5,0,0.3902439024390244,0.4634146341463415,1471.5373473831296,1507.8196679852713,0,0,1
419152,2010-04-13,2010,"Brabourne Stadium, Mumbai",Mumbai,Mumbai Indians,Delhi Capitals,Mumbai Indians,bat,Mumbai Indians,Mumbai Indians,Delhi Capitals,0.4,0.6,0.6,0.3333333333333333,1,0.5263157894736842,0.575,1534.672723229471,1530.9892768955,1,0,1
419153,2010-04-13,2010,"MA Chidambaram Stadium, Chepauk, Chennai",Chennai,Kolkata Knight Riders,Chennai Super Kings,Kolkata Knight Riders,bat,Chennai Super Kings,Kolkata Knight Riders,Chennai Super Kings,0.25,0.4,0.6,0.6363636363636364,1,0.3888888888888889,0.55,1436.2692371000874,1527.505281677881,0,1,0
419154,2010-04-14,2010,"Sawai Mansingh Stadium, Jaipur",Jaipur,Rajasthan Royals,Royal Challengers Bengaluru,Rajasthan Royals,bat,Royal Challengers Bengaluru,Rajasthan Royals,Royal Challengers Bengaluru,0.6,0.4,0.4,0.3333333333333333,1,0.6,0.4523809523809524,1521.9913400663102,1490.1548528028495,1,0,0
419155,2010-04-15,2010,"MA Chidambaram Stadium, Chepauk, Chennai",Chennai,Chennai Super Kings,Delhi Capitals,Chennai Super Kings,bat,Delhi Capitals,Chennai Super Kings,Delhi Capitals,0.6,0.8,0.4,0.5833333333333334,1,0.5609756097560976,0.5609756097560976,1539.397692303765,1515.1588995128334,1,0,0
419156,2010-04-16,2010,"Himachal Pradesh Cricket Association Stadium, Dharamsala",Dharamsala,Punjab Kings,Deccan Chargers,Deccan Chargers,field,Deccan Chargers,Punjab Kings,Deccan Chargers,0.8,0.6,0.6,0.5,0,0.5,0.40476190476190477,1469.2151256623495,1489.2021625655514,0,0,0
419158,2010-04-17,2010,"Eden Gardens, Kolkata",Kolkata,Rajasthan Royals,Kolkata Knight Riders,Rajasthan Royals,bat,Kolkata Knight Riders,Rajasthan Royals,Kolkata Knight Riders,0.75,0.4,0.4,0.4166666666666667,1,0.5853658536585366,0.3783783783783784,1504.5293053812413,1424.3768264742032,0,1,0
419157,2010-04-17,2010,"M Chinnaswamy Stadium, Bengaluru",Bengaluru,Mumbai Indians,Royal Challengers Bengaluru,Royal Challengers Bengaluru,field,Mumbai Indians,Mumbai Indians,Royal Challengers Bengaluru,0.4,0.6,0.4,0.38461538461538464,0,0.5384615384615384,0.46511627906976744,1550.5031006121378,1507.6168874879183,0,1,1
419159,2010-04-18,2010,"Himachal Pradesh Cricket Association Stadium, Dharamsala",Dharamsala,Punjab Kings,Chennai Super Kings,Chennai Super Kings,field,Chennai Super Kings,Punjab Kings,Chennai Super Kings,0.0,0.6,0.6,0.5,0,0.4878048780487805,0.5476190476190477,1454.1345487067751,1522.283262085694,0,0,0
419160,2010-04-18,2010,"Arun Jaitley Stadium, Delhi",Delhi,Deccan Chargers,Delhi Capitals,Deccan Chargers,bat,Deccan Chargers,Deccan Chargers,Delhi Capitals,0.3333333333333333,0.8,0.4,0.5,1,0.4186046511627907,0.5714285714285714,1504.2827395211257,1532.2733297309044,0,1,1
419161,2010-04-19,2010,"Eden Gardens, Kolkata",Kolkata,Mumbai Indians,Kolkata Knight Riders,Mumbai Indians,bat,Kolkata Knight Riders,Mumbai Indians,Kolkata Knight Riders,1.0,0.6,0.4,0.38461538461538464,1,0.55,0.39473684210526316,1564.5380873997888,1444.0038664500314,0,1,0
419162,2010-04-21,2010,"Dr DY Patil Sports Academy, Mumbai",Mumbai,Mumbai Indians,Royal Challengers Bengaluru,Mumbai Indians,bat,Mumbai Indians,Mumbai Indians,Royal Challengers Bengaluru,0.5,0.6,0.4,0.5,1,0.5365853658536586,0.45454545454545453,1543.199751486507,1493.5819007002674,1,0,1
419163,2010-04-22,2010,"Dr DY Patil Sports Academy, Mumbai",Mumbai,Chennai Super Kings,Deccan Chargers,Chennai Super Kings,bat,Chennai Super Kings,Chennai Super Kings,Deccan Chargers,0.3333333333333333,0.6,1.0,0.5714285714285714,1,0.5581395348837209,0.4318181818181818,1535.1845363647672,1521.5689722919997,0,0,1
419164,2010-04-24,2010,"Dr DY Patil Sports Academy, Mumbai",Mumbai,Deccan Chargers,Royal Challengers Bengaluru,Deccan Chargers,bat,Royal Challengers Bengaluru,Deccan Chargers,Royal Challengers Bengaluru,0.5714285714285714,0.8,0.4,0.625,1,0.4222222222222222,0.4444444444444444,1506.1956714028624,1479.851478635138,0,0,0
419165,2010-04-25,2010,"Dr DY Patil Sports Academy, Mumbai",Mumbai,Chennai Super Kings,Mumbai Indians,Chennai Super Kings,bat,Chennai Super Kings,Chennai Super Kings,Mumbai Indians,0.5,0.6,0.8,0.5555555555555556,1,0.5681818181818182,0.5476190476190477,1550.5578372539044,1556.9301735516365,0,1,1
501198,2011-04-08,2011,"MA Chidambaram Stadium, Chepauk, Chennai",Chennai,Chennai Super Kings,Kolkata Knight Riders,Chennai Super Kings,bat,Chennai Super Kings,Chennai Super Kings,Kolkata Knight Riders,0.8,0.8,0.6,0.5384615384615384,1,0.5777777777777777,0.41025641025641024,1566.851261283908,1465.3422023633132,1,0,1
501200,2011-04-09,2011,Nehru Stadium,Kochi,Kochi Tuskers Kerala,Royal Challengers Bengaluru,Kochi Tuskers Kerala,bat,Royal Challengers Bengaluru,Kochi Tuskers Kerala,Royal Challengers Bengaluru,0.5,0.5,0.4,0.5,1,0.5,0.45652173913043476,1500.0,1497.0623538403345,1,0,0
501199,2011-04-09,2011,"Rajiv Gandhi International Stadium, Uppal, Hyderabad",Hyderabad,Deccan Chargers,Rajasthan Royals,Rajasthan Royals,field,Rajasthan Royals,Deccan Chargers,Rajasthan Royals,0.16666666666666666,0.6,0.4,0.2857142857142857,0,0.41304347826086957,0.5714285714285714,1488.984796197666,1484.9022654054131,1,0,0
501201,2011-04-10,2011,"Arun Jaitley Stadium, Delhi",Delhi,Delhi Capitals,Mumbai Indians,Delhi Capitals,bat,Mumbai Indians,Delhi Capitals,Mumbai Indians,0.5,0.2,0.6,0.5384615384615384,1,0.5581395348837209,0.5348837209302325,1514.9870969600304,1540.636749521633,1,0,0
501202,2011-04-10,2011,"Dr DY Patil Sports Academy, Mumbai",Mumbai,Punjab Kings,Pune Warriors,Punjab Kings,bat,Pune Warriors,Punjab Kings,Pune Warriors,0.5,0.4,0.5,0.6,1,0.47619047619047616,0.5,1441.233274427702,1500.0,0,0,0
501203,2011-04-11,2011,"Eden Gardens, Kolkata",Kolkata,Kolkata Knight Riders,Deccan Chargers,Kolkata Knight Riders,bat,Kolkata Knight Riders,Kolkata Knight Riders,Deccan Chargers,0.6666666666666666,0.4,0.4,0.35714285714285715,1,0.4,0.40425531914893614,1453.888245413667,1472.7967973592604,1,0,1
501204,2011-04-12,2011,"Sawai Mansingh Stadium, Jaipur",Jaipur,Delhi Capitals,Rajasthan Royals,Delhi Capitals,bat,Rajasthan Royals,Delhi Capitals,Rajasthan Royals,0.5714285714285714,0.2,0.4,0.3,1,0.5454545454545454,0.5813953488372093,1500.1661658272485,1501.0902642438186,0,1,0
501205,2011-04-12,2011,"M Chinnaswamy Stadium, Bengaluru",Bengaluru,Royal Challengers Bengaluru,Mumbai Indians,Mumbai Indians,field,Mumbai Indians,Royal Challengers Bengaluru,Mumbai Indians,0.42857142857142855,0.6,0.6,0.42857142857142855,0,0.46808510638297873,0.5454545454545454,1513.1976342216954,1555.4576806544148,1,0,0
501206,2011-04-13,2011,"Punjab Cricket Association IS Bindra Stadium, Mohali, Chandigarh",Chandigarh,Chennai Super Kings,Punjab Kings,Punjab Kings,field,Punjab Kings,Chennai Super Kings,Punjab Kings,1.0,0.8,0.4,0.5,0,0.5869565217391305,0.46511627906976744,1578.3052182335541,1427.9140651786845,0,1,0
501207,2011-04-13,2011,"Dr DY Patil Sports Academy, Mumbai",Mumbai,Kochi Tuskers Kerala,Pune Warriors,Kochi Tuskers Kerala,bat,Pune Warriors,Kochi Tuskers Kerala,Pune Warriors,0.5,0.0,1.0,0.5454545454545454,1,0.5,0.5,1483.8647196186391,1513.3192092490176,0,0,0
501208,2011-04-14,2011,"Rajiv Gandhi International Stadium, Uppal, Hyderabad",Hyderabad,Deccan Chargers,Royal Challengers Bengaluru,Royal Challengers Bengaluru,field,Deccan Chargers,Deccan Chargers,Royal Challengers Bengaluru,0.5,0.2,0.4,0.25,0,0.3958333333333333,0.4583333333333333,1455.9268850525007,1499.1342400725825,1,0,1
501209,2011-04-15,2011,"Sawai Mansingh Stadium, Jaipur",Jaipur,Rajasthan Royals,Kolkata Knight Riders,Kolkata Knight Riders,field,Kolkata Knight Riders,Rajasthan Royals,Kolkata Knight Riders,0.6,0.4,0.6,0.2727272727272727,0,0.5909090909090909,0.4146341463414634,1517.0477080394023,1470.7581577204267,1,0,0
501210,2011-04-15,2011,"Wankhede Stadium, Mumbai",Mumbai,Mumbai Indians,Kochi Tuskers Kerala,Kochi Tuskers Kerala,field,Kochi Tuskers Kerala,Mumbai Indians,Kochi Tuskers Kerala,0.5,0.6,0.0,0.3333333333333333,0,0.5555555555555556,0.5,1569.5210748035277,1469.2179087053005,1,0,0
501211,2011-04-16,2011,"MA Chidambaram Stadium, Chepauk, Chennai",Chennai,Chennai Super Kings,Royal Challengers Bengaluru,Chennai Super Kings,bat,Chennai Super Kings,Chennai Super Kings,Royal Challengers Bengaluru,0.42857142857142855,0.8,0.4,0.5714285714285714,1,0.574468085106383,0.4489795918367347,1555.7818722538454,1481.1546624530054,1,0,1
501212,2011-04-16,2011,"Rajiv Gandhi International Stadium, Uppal, Hyderabad",Hyderabad,Deccan Chargers,Punjab Kings,Punjab Kings,field,Punjab Kings,Deccan Chargers,Punjab Kings,0.3333333333333333,0.2,0.4,0.3333333333333333,0,0.40816326530612246,0.4772727272727273,1473.9064626720779,1450.4374111583932,1,0,0
501213,2011-04-17,2011,"Dr DY Patil Sports Academy, Mumbai",Mumbai,Pune Warriors,Delhi Capitals,Delhi Capitals,field,Delhi Capitals,Pune Warriors,Delhi Capitals,0.5,1.0,0.2,0.5,0,0.5,0.5333333333333333,1527.9660201623562,1484.2087220316648,0,0,0
501214,2011-04-17,2011,"Eden Gardens, Kolkata",Kolkata,Rajasthan Royals,Kolkata Knight Riders,Kolkata Knight Riders,field,Kolkata Knight Riders,Rajasthan Royals,Kolkata Knight Riders,0.5,0.4,0.8,0.4,0,0.5777777777777777,0.42857142857142855,1498.9285197338627,1488.8773460259663,0,1,0
501215,2011-04-18,2011,Nehru Stadium,Kochi,Chennai Super Kings,Kochi Tuskers Kerala,Kochi Tuskers Kerala,field,Kochi Tuskers Kerala,Chennai Super Kings,Kochi Tuskers Kerala,0.5,0.8,0.3333333333333333,0.5,0,0.5833333333333334,0.5,1568.3970574716514,1489.7128512827192,0,1,0
501216,2011-04-19,2011,"Arun Jaitley Stadium, Delhi",Delhi,Deccan Chargers,Delhi Capitals,Deccan Chargers,bat,Deccan Chargers,Deccan Chargers,Delhi Capitals,0.42857142857142855,0.2,0.4,0.5,1,0.4,0.5434782608695652,1456.8273137650556,1502.213232888046,0,1,1
501219,2011-04-20,2011,"Eden Gardens, Kolkata",Kolkata,Kochi Tuskers Kerala,Kolkata Knight Riders,Kolkata Knight Riders,field,Kochi Tuskers Kerala,Kochi Tuskers Kerala,Kolkata Knight Riders,0.5,0.5,0.8,0.375,0,0.5,0.4418604651162791,1509.275688375578,1505.3400905944102,0,1,1
501218,2011-04-20,2011,"Wankhede Stadium, Mumbai",Mumbai,Pune Warriors,Mumbai Indians,Pune Warriors,bat,Mumbai Indians,Pune Warriors,Mumbai Indians,0.5,0.6666666666666666,0.6,0.2857142857142857,1,0.5,0.5434782608695652,1509.9615093059751,1549.026132226109,0,1,0
501220,2011-04-21,2011,"Punjab Cricket Association IS Bindra Stadium, Mohali, Chandigarh",Chandigarh,Punjab Kings,Rajasthan Royals,Rajasthan Royals,field,Punjab Kings,Punjab Kings,Rajasthan Royals,0.3333333333333333,0.4,0.4,0.46153846153846156,0,0.4888888888888889,0.5652173913043478,1467.5165600654154,1482.4657751654188,1,0,1
501221,2011-04-22,2011,"Wankhede Stadium, Mumbai",Mumbai,Mumbai Indians,Chennai Super Kings,Chennai Super Kings,field,Mumbai Indians,Mumbai Indians,Chennai Super Kings,0.42857142857142855,0.6,0.6,0.25,0,0.5531914893617021,0.5714285714285714,1563.234682721706,1548.8342203787925,1,0,1
501222,2011-04-22,2011,"Eden Gardens, Kolkata",Kolkata,Kolkata Knight Riders,Royal Challengers Bengaluru,Royal Challengers Bengaluru,field,Royal Challengers Bengaluru,Kolkata Knight Riders,Royal Challengers Bengaluru,0.5,0.6,0.4,0.4117647058823529,0,0.4318181818181818,0.44,1489.5213238185704,1468.5394772351995,1,0,0
501223,2011-04-23,2011,"Arun Jaitley Stadium, Delhi",Delhi,Delhi Capitals,Punjab Kings,Punjab Kings,field,Delhi Capitals,Delhi Capitals,Punjab Kings,0.3333333333333333,0.2,0.6,0.5333333333333333,0,0.5319148936170213,0.5,1484.134942311107,1484.2045723311358,1,0,1
501224,2011-04-24,2011,"Rajiv Gandhi International Stadium, Uppal, Hyderabad",Hyderabad,Mumbai Indians,Deccan Chargers,Deccan Chargers,field,Mumbai Indians,Mumbai Indians,Deccan Chargers,0.5,0.8,0.4,0.3,0,0.5625,0.4117647058823529,1578.5718964189036,1474.9056043419946,0,1,1
501225,2011-04-24,2011,"Sawai Mansingh Stadium, Jaipur",Jaipur,Kochi Tuskers Kerala,Rajasthan Royals,Rajasthan Royals,field,Rajasthan Royals,Kochi Tuskers Kerala,Rajasthan Royals,0.5,0.6,0.4,0.25,0,0.6,0.5531914893617021,1525.0944551514178,1465.7777628996985,0,1,0
501226,2011-04-25,2011,"MA Chidambaram Stadium, Chepauk, Chennai",Chennai,Chennai Super Kings,Pune Warriors,Pune Warriors,field,Chennai Super Kings,Chennai Super Kings,Pune Warriors,0.5,0.4,0.5,0.6,0,0.56,0.5,1533.4970066815947,1495.7529588103782,1,0,1
501227,2011-04-26,2011,"Arun Jaitley Stadium, Delhi",Delhi,Delhi Capitals,Royal Challengers Bengaluru,Royal Challengers Bengaluru,field,Royal Challengers Bengaluru,Delhi Capitals,Royal Challengers Bengaluru,0.8333333333333334,0.4,0.4,0.5625,0,0.5416666666666666,0.45098039215686275,1500.138148891987,1485.50455404372,1,0,0
501228,2011-04-27,2011,"Dr DY Patil Sports Academy, Mumbai",Mumbai,Pune Warriors,Chennai Super Kings,Pune Warriors,bat,Chennai Super Kings,Pune Warriors,Chennai Super Kings,0.0,0.4,0.4,0.46153846153846156,1,0.4,0.5686274509803921,1481.4843306996183,1547.7656347923546,0,0,0
501229,2011-04-27,2011,Nehru Stadium,Kochi,Deccan Chargers,Kochi Tuskers Kerala,Kochi Tuskers Kerala,field,Deccan Chargers,Deccan Chargers,Kochi Tuskers Kerala,0.5,0.4,0.6,0.5,0,0.40384615384615385,0.5,1463.542809737278,1506.3890550435756,0,1,1
501230,2011-04-28,2011,"Arun Jaitley Stadium, Delhi",Delhi,Kolkata Knight Riders,Delhi Capitals,Delhi Capitals,field,Kolkata Knight Riders,Kolkata Knight Riders,Delhi Capitals,0.4,0.6,0.4,0.5294117647058824,0,0.4222222222222222,0.5306122448979592,1472.55624701005,1483.4646451628626,0,1,1
501231,2011-04-29,2011,"Sawai Mansingh Stadium, Jaipur",Jaipur,Mumbai Indians,Rajasthan Royals,Rajasthan Royals,field,Rajasthan Royals,Mumbai Indians,Rajasthan Royals,0.6,0.8,0.4,0.23076923076923078,0,0.5714285714285714,0.5625,1589.9346910236202,1484.4831630075407,0,1,0
501232,2011-04-29,2011,"M Chinnaswamy Stadium, Bengaluru",Bengaluru,Royal Challengers Bengaluru,Pune Warriors,Pune Warriors,field,Royal Challengers Bengaluru,Royal Challengers Bengaluru,Pune Warriors,0.5,0.4,0.2,0.4,0,0.46153846153846156,0.3333333333333333,1502.1780577728443,1468.5001992002071,1,0,1
501233,2011-04-30,2011,Nehru Stadium,Kochi,Delhi Capitals,Kochi Tuskers Kerala,Delhi Capitals,bat,Delhi Capitals,Delhi Capitals,Kochi Tuskers Kerala,0.5,0.4,0.6,0.5,1,0.52,0.42857142857142855,1466.9624598647365,1488.4258546810984,0,1,1
501234,2011-04-30,2011,"Eden Gardens, Kolkata",Kolkata,Punjab Kings,Kolkata Knight Riders,Kolkata Knight Riders,field,Kolkata Knight Riders,Punjab Kings,Kolkata Knight Riders,0.5,0.6,0.6,0.3888888888888889,0,0.48936170212765956,0.43478260869565216,1468.2013657502557,1489.058432308176,0,1,0
501235,2011-05-01,2011,"Sawai Mansingh Stadium, Jaipur",Jaipur,Pune Warriors,Rajasthan Royals,Rajasthan Royals,field,Rajasthan Royals,Pune Warriors,Rajasthan Royals,0.5,0.0,0.4,0.21428571428571427,0,0.2857142857142857,0.5714285714285714,1454.046282629399,1505.195563112975,0,1,0
501236,2011-05-01,2011,"MA Chidambaram Stadium, Chepauk, Chennai",Chennai,Chennai Super Kings,Deccan Chargers,Chennai Super Kings,bat,Chennai Super Kings,Chennai Super Kings,Deccan Chargers,0.42857142857142855,0.6,0.6,0.625,1,0.5769230769230769,0.41509433962264153,1560.7497662917658,1481.5060100997553,1,0,1
501238,2011-05-02,2011,"Arun Jaitley Stadium, Delhi",Delhi,Delhi Capitals,Kochi Tuskers Kerala,Kochi Tuskers Kerala,field,Kochi Tuskers Kerala,Delhi Capitals,Kochi Tuskers Kerala,1.0,0.4,0.4,0.5555555555555556,0,0.5294117647058824,0.375,1483.949630247111,1471.438684298724,1,0,0
501237,2011-05-02,2011,"Wankhede Stadium, Mumbai",Mumbai,Mumbai Indians,Punjab Kings,Punjab Kings,field,Mumbai Indians,Mumbai Indians,Punjab Kings,0.3333333333333333,0.6,0.6,0.3333333333333333,0,0.56,0.4791666666666667,1569.222290918186,1453.160717008635,1,0,1
501239,2011-05-03,2011,"Rajiv Gandhi International Stadium, Uppal, Hyderabad",Hyderabad,Kolkata Knight Riders,Deccan Chargers,Deccan Chargers,field,Kolkata Knight Riders,Kolkata Knight Riders,Deccan Chargers,0.7142857142857143,0.6,0.4,0.36363636363636365,0,0.44680851063829785,0.4074074074074074,1504.0990810497967,1469.0933288990855,0,1,1
501240,2011-05-04,2011,"MA Chidambaram Stadium, Chepauk, Chennai",Chennai,Rajasthan Royals,Chennai Super Kings,Rajasthan Royals,bat,Chennai Super Kings,Rajasthan Royals,Chennai Super Kings,0.5714285714285714,0.6,0.6,0.6470588235294118,1,0.58,0.5849056603773585,1518.8569228967406,1573.1624474924356,0,1,0
501241,2011-05-04,2011,"Dr DY Patil Sports Academy, Mumbai",Mumbai,Mumbai Indians,Pune Warriors,Pune Warriors,field,Mumbai Indians,Mumbai Indians,Pune Warriors,1.0,0.8,0.0,0.42857142857142855,0,0.5686274509803921,0.25,1580.0677785613357,1440.3849228456334,1,0,1
501242,2011-05-05,2011,Nehru Stadium,Kochi,Kochi Tuskers Kerala,Kolkata Knight Riders,Kolkata Knight Riders,field,Kochi Tuskers Kerala,Kochi Tuskers Kerala,Kolkata Knight Riders,1.0,0.4,0.6,0.5,0,0.4444444444444444,0.4583333333333333,1488.0145857537113,1518.4924395199184,1,0,1
501243,2011-05-05,2011,"Rajiv Gandhi International Stadium, Uppal, Hyderabad",Hyderabad,Deccan Chargers,Delhi Capitals,Delhi Capitals,field,Delhi Capitals,Deccan Chargers,Delhi Capitals,0.5,0.4,0.4,0.4166666666666667,0,0.4,0.5192307692307693,1454.6999704289638,1467.3737287921235,1,0,0
501244,2011-05-06,2011,"M Chinnaswamy Stadium, Bengaluru",Bengaluru,Royal Challengers Bengaluru,Punjab Kings,Punjab Kings,field,Royal Challengers Bengaluru,Royal Challengers Bengaluru,Punjab Kings,0.5,0.6,0.4,0.4375,0,0.4716981132075472,0.46938775510204084,1516.6319743436525,1442.3152293654853,1,0,1
501245,2011-05-07,2011,"Eden Gardens, Kolkata",Kolkata,Chennai Super Kings,Kolkata Knight Riders,Chennai Super Kings,bat,Kolkata Knight Riders,Chennai Super Kings,Kolkata Knight Riders,0.8333333333333334,0.8,0.6,0.3684210526315789,1,0.5925925925925926,0.4489795918367347,1586.681754688429,1501.092471657055,0,1,0
501246,2011-05-07,2011,"Wankhede Stadium, Mumbai",Mumbai,Mumbai Indians,Delhi Capitals,Delhi Capitals,field,Mumbai Indians,Mumbai Indians,Delhi Capitals,0.5714285714285714,0.8,0.4,0.4,0,0.5769230769230769,0.5283018867924528,1589.9606945709022,1482.7903393890101,1,0,1
501247,2011-05-08,2011,"M Chinnaswamy Stadium, Bengaluru",Bengaluru,Kochi Tuskers Kerala,Royal Challengers Bengaluru,Kochi Tuskers Kerala,bat,Royal Challengers Bengaluru,Kochi Tuskers Kerala,Royal Challengers Bengaluru,0.0,0.4,0.8,0.47058823529411764,1,0.5,0.48148148148148145,1505.4145536165747,1529.2608197092018,0,1,0
501248,2011-05-08,2011,"Punjab Cricket Association IS Bindra Stadium, Mohali, Chandigarh",Chandigarh,Punjab Kings,Pune Warriors,Punjab Kings,bat,Pune Warriors,Punjab Kings,Pune Warriors,0.0,0.2,0.0,0.5,1,0.46,0.2222222222222222,1429.686383999936,1430.4920068360668,1,0,0
501249,2011-05-09,2011,"Sawai Mansingh Stadium, Jaipur",Jaipur,Chennai Super Kings,Rajasthan Royals,Rajasthan Royals,field,Chennai Super Kings,Chennai Super Kings,Rajasthan Royals,0.5,0.8,0.6,0.2,0,0.5818181818181818,0.5686274509803921,1566.8180657305809,1505.3376157007472,0,1,1
501250,2011-05-10,2011,"Rajiv Gandhi International Stadium, Uppal, Hyderabad",Hyderabad,Deccan Chargers,Pune Warriors,Deccan Chargers,bat,Pune Warriors,Deccan Chargers,Pune Warriors,0.5,0.2,0.2,0.38461538461538464,1,0.39285714285714285,0.3,1439.2833598320772,1446.4549065998979,1,0,0
501251,2011-05-10,2011,"Punjab Cricket Association IS Bindra Stadium, Mohali, Chandigarh",Chandigarh,Punjab Kings,Mumbai Indians,Mumbai Indians,field,Punjab Kings,Punjab Kings,Mumbai Indians,0.5714285714285714,0.0,0.8,0.4666666666666667,0,0.45098039215686275,0.5849056603773585,1413.723484236105,1601.1761116051434,1,0,1
501252,2011-05-11,2011,"Sawai Mansingh Stadium, Jaipur",Jaipur,Rajasthan Royals,Royal Challengers Bengaluru,Royal Challengers Bengaluru,field,Royal Challengers Bengaluru,Rajasthan Royals,Royal Challengers Bengaluru,0.5,0.6,1.0,0.25,0,0.5576923076923077,0.4909090909090909,1492.1397085639626,1544.1643797254565,1,0,0
501253,2011-05-12,2011,"MA Chidambaram Stadium, Chepauk, Chennai",Chennai,Chennai Super Kings,Delhi Capitals,Chennai Super Kings,bat,Chennai Super Kings,Chennai Super Kings,Delhi Capitals,0.5,0.8,0.4,0.6111111111111112,1,0.5892857142857143,0.5185185185185185,1580.0159728673655,1471.574922354769,1,0,1
501254,2011-05-13,2011,Holkar Cricket Stadium,Indore,Kochi Tuskers Kerala,Punjab Kings,Punjab Kings,field,Punjab Kings,Kochi Tuskers Kerala,Punjab Kings,0.5,0.4,0.2,0.5,0,0.45454545454545453,0.46153846153846156,1490.51099360032,1437.6056226424034,0,0,0
501255,2011-05-14,2011,"M Chinnaswamy Stadium, Bengaluru",Bengaluru,Kolkata Knight Riders,Royal Challengers Bengaluru,Royal Challengers Bengaluru,field,Royal Challengers Bengaluru,Kolkata Knight Riders,Royal Challengers Bengaluru,0.42857142857142855,0.8,1.0,0.4444444444444444,0,0.46,0.5,1520.9561606149032,1557.7863021462897,0,1,0
501256,2011-05-14,2011,"Wankhede Stadium, Mumbai",Mumbai,Deccan Chargers,Mumbai Indians,Deccan Chargers,bat,Deccan Chargers,Deccan Chargers,Mumbai Indians,0.42857142857142855,0.2,0.6,0.45454545454545453,1,0.38596491228070173,0.5740740740740741,1423.613574869214,1577.293973198845,0,1,1
501257,2011-05-15,2011,"Himachal Pradesh Cricket Association Stadium, Dharamsala",Dharamsala,Punjab Kings,Delhi Capitals,Delhi Capitals,field,Punjab Kings,Punjab Kings,Delhi Capitals,0.5714285714285714,0.4,0.4,0.5,0,0.4716981132075472,0.509090909090909,1456.0233469701006,1460.4127317385132,0,0,1
501258,2011-05-15,2011,Holkar Cricket Stadium,Indore,Rajasthan Royals,Kochi Tuskers Kerala,Kochi Tuskers Kerala,field,Kochi Tuskers Kerala,Rajasthan Royals,Kochi Tuskers Kerala,1.0,0.4,0.4,0.5,0,0.5471698113207547,0.4166666666666667,1478.5177861431293,1472.0932692726228,0,0,0
501259,2011-05-16,2011,"Dr DY Patil Sports Academy, Mumbai",Mumbai,Pune Warriors,Deccan Chargers,Deccan Chargers,field,Deccan Chargers,Pune Warriors,Deccan Chargers,1.0,0.4,0.2,0.4666666666666667,0,0.36363636363636365,0.39655172413793105,1462.124691562761,1446.2627275849186,0,0,0
501260,2011-05-17,2011,"Himachal Pradesh Cricket Association Stadium, Dharamsala",Dharamsala,Punjab Kings,Royal Challengers Bengaluru,Punjab Kings,bat,Punjab Kings,Punjab Kings,Royal Challengers Bengaluru,0.42857142857142855,0.6,1.0,0.5,1,0.48148148148148145,0.5087719298245614,1472.2254748550754,1572.0965361263418,0,0,1
501261,2011-05-18,2011,"MA Chidambaram Stadium, Chepauk, Chennai",Chennai,Chennai Super Kings,Kochi Tuskers Kerala,Chennai Super Kings,bat,Chennai Super Kings,Chennai Super Kings,Kochi Tuskers Kerala,0.0,0.8,0.6,0.631578947368421,1,0.5964912280701754,0.46153846153846156,1591.1781634836211,1488.3890954919962,1,0,1
501262,2011-05-19,2011,"Dr DY Patil Sports Academy, Mumbai",Mumbai,Pune Warriors,Kolkata Knight Riders,Kolkata Knight Riders,field,Kolkata Knight Riders,Pune Warriors,Kolkata Knight Riders,0.5,0.4,0.6,0.4375,0,0.3333333333333333,0.45098039215686275,1445.3947282164318,1506.645926634851,0,0,0
501263,2011-05-20,2011,"Wankhede Stadium, Mumbai",Mumbai,Mumbai Indians,Rajasthan Royals,Mumbai Indians,bat,Rajasthan Royals,Mumbai Indians,Rajasthan Royals,0.5,0.6,0.2,0.5,1,0.5636363636363636,0.5370370370370371,1554.6448204831404,1462.221959923756,1,0,0
501264,2011-05-21,2011,"Himachal Pradesh Cricket Association Stadium, Dharamsala",Dharamsala,Deccan Chargers,Punjab Kings,Punjab Kings,field,Deccan Chargers,Deccan Chargers,Punjab Kings,0.2857142857142857,0.4,0.8,0.5,0,0.4067796610169492,0.4909090909090909,1462.9926909312478,1492.7020823918544,0,0,1
501266,2011-05-22,2011,"M Chinnaswamy Stadium, Bengaluru",Bengaluru,Chennai Super Kings,Royal Challengers Bengaluru,Royal Challengers Bengaluru,field,Royal Challengers Bengaluru,Chennai Super Kings,Royal Challengers Bengaluru,0.5,0.8,0.8,0.42105263157894735,0,0.603448275862069,0.5,1602.5779894178302,1551.6199285895627,0,1,0
501267,2011-05-22,2011,"Eden Gardens, Kolkata",Kolkata,Kolkata Knight Riders,Mumbai Indians,Mumbai Indians,field,Mumbai Indians,Kolkata Knight Riders,Mumbai Indians,0.16666666666666666,0.6,0.4,0.35,0,0.46153846153846156,0.5535714285714286,1519.8540685750133,1534.4862233043377,1,0,0
501268,2011-05-24,2011,"Wankhede Stadium, Mumbai",Mumbai,Royal Challengers Bengaluru,Chennai Super Kings,Chennai Super Kings,field,Chennai Super Kings,Royal Challengers Bengaluru,Chennai Super Kings,0.5555555555555556,0.8,0.6,0.46153846153846156,0,0.5084745762711864,0.5932203389830508,1569.9499502558297,1584.2479677515632,0,0,0
501269,2011-05-25,2011,"Wankhede Stadium, Mumbai",Mumbai,Kolkata Knight Riders,Mumbai Indians,Mumbai Indians,field,Mumbai Indians,Kolkata Knight Riders,Mumbai Indians,0.14285714285714285,0.4,0.4,0.42857142857142855,0,0.4528301886792453,0.5614035087719298,1504.5275061017105,1549.8127857776406,0,1,0
501270,2011-05-27,2011,"MA Chidambaram Stadium, Chepauk, Chennai",Chennai,Royal Challengers Bengaluru,Mumbai Indians,Mumbai Indians,field,Royal Challengers Bengaluru,Royal Challengers Bengaluru,Mumbai Indians,0.375,0.6,0.4,0.65,0,0.5,0.5689655172413793,1554.6080268371682,1563.7390517934757,0,0,1
501271,2011-05-28,2011,"MA Chidambaram Stadium, Chepauk, Chennai",Chennai,Chennai Super Kings,Royal Challengers Bengaluru,Chennai Super Kings,bat,Chennai Super Kings,Chennai Super Kings,Royal Challengers Bengaluru,0.5,0.8,0.6,0.6666666666666666,1,0.6,0.5081967213114754,1599.5898911702247,1571.0284292897054,1,0,1
548306,2012-04-04,2012,"MA Chidambaram Stadium, Chepauk, Chennai",Chennai,Chennai Super Kings,Mumbai Indians,Mumbai Indians,field,Mumbai Indians,Chennai Super Kings,Mumbai Indians,0.5,0.8,0.4,0.6818181818181818,0,0.6065573770491803,0.559322033898305,1614.2775421565952,1547.3186493409385,1,0,0
548307,2012-04-05,2012,"Eden Gardens, Kolkata",Kolkata,Kolkata Knight Riders,Delhi Capitals,Delhi Capitals,field,Delhi Capitals,Kolkata Knight Riders,Delhi Capitals,0.5,0.4,0.2,0.3333333333333333,0,0.4444444444444444,0.5,1490.6012400858754,1444.2106038535385,1,0,0
548308,2012-04-06,2012,"Wankhede Stadium, Mumbai",Mumbai,Pune Warriors,Mumbai Indians,Mumbai Indians,field,Pune Warriors,Pune Warriors,Mumbai Indians,0.0,0.4,0.6,0.4,0,0.3076923076923077,0.5666666666666667,1432.1865862762695,1566.3646022023102,0,1,1
548309,2012-04-06,2012,"Sawai Mansingh Stadium, Jaipur",Jaipur,Rajasthan Royals,Punjab Kings,Punjab Kings,field,Rajasthan Royals,Rajasthan Royals,Punjab Kings,0.5714285714285714,0.2,0.8,0.23529411764705882,0,0.5454545454545454,0.48214285714285715,1482.3805571025587,1475.3372393318045,1,0,1
548310,2012-04-07,2012,"M Chinnaswamy Stadium, Bengaluru",Bengaluru,Royal Challengers Bengaluru,Delhi Capitals,Delhi Capitals,field,Royal Challengers Bengaluru,Royal Challengers Bengaluru,Delhi Capitals,0.2857142857142857,0.4,0.4,0.4,0,0.5,0.5087719298245614,1556.340778303335,1462.3343654961516,1,0,1
548311,2012-04-07,2012,"Dr. Y.S. Rajasekhara Reddy ACA-VDCA Cricket Stadium, Visakhapatnam",Visakhapatnam,Chennai Super Kings,Deccan Chargers,Deccan Chargers,field,Chennai Super Kings,Chennai Super Kings,Deccan Chargers,0.5,0.6,0.6,0.5,0,0.5967741935483871,0.4166666666666667,1595.2315892952236,1480.3575339912977,0,0,1
548312,2012-04-08,2012,"Sawai Mansingh Stadium, Jaipur",Jaipur,Rajasthan Royals,Kolkata Knight Riders,Kolkata Knight Riders,field,Rajasthan Royals,Rajasthan Royals,Kolkata Knight Riders,0.42857142857142855,0.4,0.2,0.2777777777777778,0,0.5535714285714286,0.43636363636363634,1498.0562447583816,1472.4774784432623,1,0,1
548313,2012-04-08,2012,"Maharashtra Cricket Association Stadium, Pune",Pune,Pune Warriors,Punjab Kings,Pune Warriors,bat,Pune Warriors,Pune Warriors,Punjab Kings,1.0,0.6,0.6,0.5,1,0.35714285714285715,0.47368421052631576,1454.07579694912,1459.6615516759816,1,0,1
548314,2012-04-09,2012,"Dr. Y.S. Rajasekhara Reddy ACA-VDCA Cricket Stadium, Visakhapatnam",Visakhapatnam,Deccan Chargers,Mumbai Indians,Deccan Chargers,bat,Mumbai Indians,Deccan Chargers,Mumbai Indians,0.5,0.6,0.6,0.5,1,0.4098360655737705,0.5573770491803278,1469.4629809842668,1544.4753915294596,0,0,0
548315,2012-04-10,2012,"M Chinnaswamy Stadium, Bengaluru",Bengaluru,Kolkata Knight Riders,Royal Challengers Bengaluru,Royal Challengers Bengaluru,field,Kolkata Knight Riders,Kolkata Knight Riders,Royal Challengers Bengaluru,0.375,0.2,0.6,0.42857142857142855,0,0.42857142857142855,0.5079365079365079,1457.653300556862,1568.1142632012975,0,1,1
548316,2012-04-10,2012,"Arun Jaitley Stadium, Delhi",Delhi,Chennai Super Kings,Delhi Capitals,Delhi Capitals,field,Delhi Capitals,Chennai Super Kings,Delhi Capitals,0.5714285714285714,0.6,0.2,0.5263157894736842,0,0.6031746031746031,0.5,1606.1261423022543,1450.560880598189,0,1,0
548317,2012-04-11,2012,"Wankhede Stadium, Mumbai",Mumbai,Mumbai Indians,Rajasthan Royals,Rajasthan Royals,field,Mumbai Indians,Mumbai Indians,Rajasthan Royals,0.42857142857142855,0.6,0.6,0.4375,0,0.5645161290322581,0.5614035087719298,1557.0736354721244,1512.880422644782,1,0,1
548318,2012-04-12,2012,"MA Chidambaram Stadium, Chepauk, Chennai",Chennai,Royal Challengers Bengaluru,Chennai Super Kings,Royal Challengers Bengaluru,bat,Chennai Super Kings,Royal Challengers Bengaluru,Chennai Super Kings,0.45454545454545453,0.4,0.6,0.6521739130434783,1,0.5,0.59375,1547.1920869266933,1583.4053412273227,0,1,0
548319,2012-04-12,2012,"Punjab Cricket Association IS Bindra Stadium, Mohali, Chandigarh",Chandigarh,Pune Warriors,Punjab Kings,Punjab Kings,field,Punjab Kings,Pune Warriors,Punjab Kings,1.0,0.6,0.4,0.5,0,0.4,0.46551724137931033,1470.3330083001188,1443.404340324983,0,1,0
548320,2012-04-13,2012,"Eden Gardens, Kolkata",Kolkata,Rajasthan Royals,Kolkata Knight Riders,Rajasthan Royals,bat,Kolkata Knight Riders,Rajasthan Royals,Kolkata Knight Riders,0.5,0.6,0.2,0.3181818181818182,1,0.5517241379310345,0.43859649122807015,1498.9046899166628,1478.5754768314662,0,1,0
548322,2012-04-14,2012,"Maharashtra Cricket Association Stadium, Pune",Pune,Chennai Super Kings,Pune Warriors,Chennai Super Kings,bat,Pune Warriors,Chennai Super Kings,Pune Warriors,1.0,0.6,0.4,0.5,1,0.6,0.375,1597.7436722953546,1453.0953746084629,0,1,0
548324,2012-04-15,2012,"M Chinnaswamy Stadium, Bengaluru",Bengaluru,Rajasthan Royals,Royal Challengers Bengaluru,Rajasthan Royals,bat,Rajasthan Royals,Rajasthan Royals,Royal Challengers Bengaluru,0.42857142857142855,0.6,0.4,0.45454545454545453,1,0.5423728813559322,0.49230769230769234,1481.9695620044868,1532.8537558586613,0,1,1
548323,2012-04-15,2012,"Eden Gardens, Kolkata",Kolkata,Punjab Kings,Kolkata Knight Riders,Kolkata Knight Riders,field,Punjab Kings,Punjab Kings,Kolkata Knight Riders,0.42857142857142855,0.4,0.4,0.30434782608695654,0,0.4745762711864407,0.4482758620689655,1460.6419740166389,1495.5106047436423,0,1,1
548325,2012-04-16,2012,"Wankhede Stadium, Mumbai",Mumbai,Mumbai Indians,Delhi Capitals,Delhi Capitals,field,Delhi Capitals,Mumbai Indians,Delhi Capitals,0.625,0.6,0.4,0.47058823529411764,0,0.5714285714285714,0.5084745762711864,1571.0493682002434,1473.2816816731206,1,0,0
548326,2012-04-17,2012,"Sawai Mansingh Stadium, Jaipur",Jaipur,Deccan Chargers,Rajasthan Royals,Deccan Chargers,bat,Rajasthan Royals,Deccan Chargers,Rajasthan Royals,0.14285714285714285,0.6,0.6,0.3157894736842105,1,0.4032258064516129,0.55,1456.864737041602,1500.296254007814,0,1,0
548327,2012-04-17,2012,"M Chinnaswamy Stadium, Bengaluru",Bengaluru,Pune Warriors,Royal Challengers Bengaluru,Pune Warriors,bat,Royal Challengers Bengaluru,Pune Warriors,Royal Challengers Bengaluru,0.0,0.6,0.2,0.4782608695652174,1,0.4117647058823529,0.48484848484848486,1475.39673826714,1514.527063855334,0,1,0
548328,2012-04-18,2012,"Punjab Cricket Association IS Bindra Stadium, Mohali, Chandigarh",Chandigarh,Punjab Kings,Kolkata Knight Riders,Punjab Kings,bat,Kolkata Knight Riders,Punjab Kings,Kolkata Knight Riders,0.5,0.4,0.4,0.47058823529411764,1,0.48333333333333334,0.4406779661016949,1478.2423642962542,1477.910214464027,1,0,0
548321,2012-04-19,2012,"Arun Jaitley Stadium, Delhi",Delhi,Deccan Chargers,Delhi Capitals,Deccan Chargers,bat,Delhi Capitals,Deccan Chargers,Delhi Capitals,0.4444444444444444,0.4,0.6,0.5,1,0.3968253968253968,0.5166666666666667,1442.8544788672946,1493.668857472799,0,1,0
548330,2012-04-19,2012,"MA Chidambaram Stadium, Chepauk, Chennai",Chennai,Chennai Super Kings,Pune Warriors,Pune Warriors,field,Chennai Super Kings,Chennai Super Kings,Pune Warriors,0.6666666666666666,0.4,0.6,0.625,0,0.5909090909090909,0.3888888888888889,1575.4423086366774,1461.1911754966156,1,0,1
548331,2012-04-20,2012,"Punjab Cricket Association IS Bindra Stadium, Mohali, Chandigarh",Chandigarh,Punjab Kings,Royal Challengers Bengaluru,Royal Challengers Bengaluru,field,Royal Challengers Bengaluru,Punjab Kings,Royal Challengers Bengaluru,0.5,0.4,0.4,0.4444444444444444,0,0.47540983606557374,0.4925373134328358,1462.2270682358676,1528.7326266258585,1,0,0
548332,2012-04-21,2012,"MA Chidambaram Stadium, Chepauk, Chennai",Chennai,Rajasthan Royals,Chennai Super Kings,Rajasthan Royals,bat,Chennai Super Kings,Rajasthan Royals,Chennai Super Kings,0.4444444444444444,0.6,0.6,0.64,1,0.5573770491803278,0.5970149253731343,1514.3065121821214,1586.3626421557872,0,1,0
548333,2012-04-21,2012,"Arun Jaitley Stadium, Delhi",Delhi,Pune Warriors,Delhi Capitals,Delhi Capitals,field,Pune Warriors,Pune Warriors,Delhi Capitals,0.0,0.4,0.8,0.47619047619047616,0,0.3684210526315789,0.5245901639344263,1450.2708419775058,1507.3453126841705,0,1,1
548334,2012-04-22,2012,"Wankhede Stadium, Mumbai",Mumbai,Mumbai Indians,Punjab Kings,Mumbai Indians,bat,Punjab Kings,Mumbai Indians,Punjab Kings,0.375,0.6,0.4,0.4444444444444444,1,0.5625,0.46774193548387094,1550.6621924005651,1449.2528958955245,1,0,0
548335,2012-04-22,2012,Barabati Stadium,Cuttack,Deccan Chargers,Kolkata Knight Riders,Kolkata Knight Riders,field,Kolkata Knight Riders,Deccan Chargers,Kolkata Knight Riders,0.25,0.2,0.6,0.5,0,0.390625,0.45,1429.178023655923,1493.9255105244135,0,0,0
548336,2012-04-23,2012,"Sawai Mansingh Stadium, Jaipur",Jaipur,Royal Challengers Bengaluru,Rajasthan Royals,Rajasthan Royals,field,Royal Challengers Bengaluru,Royal Challengers Bengaluru,Rajasthan Royals,0.5,0.4,0.4,0.3,0,0.5,0.5483870967741935,1541.7067989662016,1501.578048056627,0,1,1
548337,2012-04-24,2012,"Maharashtra Cricket Association Stadium, Pune",Pune,Pune Warriors,Delhi Capitals,Pune Warriors,bat,Delhi Capitals,Pune Warriors,Delhi Capitals,0.5,0.4,0.6,0.5,1,0.4,0.5161290322580645,1468.875827996578,1488.7403266650983,1,0,0
548339,2012-04-25,2012,"Punjab Cricket Association IS Bindra Stadium, Mohali, Chandigarh",Chandigarh,Punjab Kings,Mumbai Indians,Punjab Kings,bat,Mumbai Indians,Punjab Kings,Mumbai Indians,0.6666666666666666,0.6,0.4,0.42105263157894735,1,0.47619047619047616,0.5538461538461539,1469.7947152578122,1530.1203730382774,1,0,0
548341,2012-04-26,2012,"Maharashtra Cricket Association Stadium, Pune",Pune,Deccan Chargers,Pune Warriors,Deccan Chargers,bat,Deccan Chargers,Deccan Chargers,Pune Warriors,0.5,0.0,0.4,0.5,1,0.38461538461538464,0.38095238095238093,1416.1257105677557,1453.7896264670794,0,1,1
548342,2012-04-27,2012,"Arun Jaitley Stadium, Delhi",Delhi,Delhi Capitals,Mumbai Indians,Mumbai Indians,field,Delhi Capitals,Delhi Capitals,Mumbai Indians,0.4444444444444444,0.8,0.6,0.5,0,0.5238095238095238,0.5606060606060606,1503.826528194597,1543.3698590795887,1,0,1
548343,2012-04-28,2012,"MA Chidambaram Stadium, Chepauk, Chennai",Chennai,Punjab Kings,Chennai Super Kings,Punjab Kings,bat,Punjab Kings,Punjab Kings,Chennai Super Kings,0.14285714285714285,0.4,0.6,0.6153846153846154,1,0.46875,0.6029411764705882,1456.545229216501,1599.0911062812816,0,1,1
548344,2012-04-28,2012,"Eden Gardens, Kolkata",Kolkata,Kolkata Knight Riders,Royal Challengers Bengaluru,Kolkata Knight Riders,bat,Kolkata Knight Riders,Kolkata Knight Riders,Royal Challengers Bengaluru,0.4444444444444444,0.8,0.6,0.3333333333333333,1,0.45901639344262296,0.5072463768115942,1506.9778236125808,1555.866975636842,1,0,1
548346,2012-04-29,2012,"Wankhede Stadium, Mumbai",Mumbai,Deccan Chargers,Mumbai Indians,Mumbai Indians,field,Mumbai Indians,Deccan Chargers,Mumbai Indians,0.4444444444444444,0.2,0.4,0.42105263157894735,0,0.3939393939393939,0.5522388059701493,1433.8534353631555,1525.556643996829,0,1,0
548345,2012-04-29,2012,"Arun Jaitley Stadium, Delhi",Delhi,Delhi Capitals,Rajasthan Royals,Delhi Capitals,bat,Delhi Capitals,Delhi Capitals,Rajasthan Royals,0.5,0.8,0.4,0.5217391304347826,1,0.53125,0.5396825396825397,1521.6397432773565,1487.4178713859867,1,0,1
548347,2012-04-30,2012,"MA Chidambaram Stadium, Chepauk, Chennai",Chennai,Chennai Super Kings,Kolkata Knight Riders,Chennai Super Kings,bat,Kolkata Knight Riders,Chennai Super Kings,Kolkata Knight Riders,0.7142857142857143,0.6,0.8,0.6296296296296297,1,0.5942028985507246,0.46774193548387094,1576.8717396961274,1525.214509209719,1,0,0
548349,2012-05-01,2012,"Sawai Mansingh Stadium, Jaipur",Jaipur,Rajasthan Royals,Delhi Capitals,Rajasthan Royals,bat,Delhi Capitals,Rajasthan Royals,Delhi Capitals,0.4444444444444444,0.4,0.8,0.3333333333333333,1,0.53125,0.5384615384615384,1472.988769852061,1536.068844811282,1,0,0
548348,2012-05-01,2012,Barabati Stadium,Cuttack,Deccan Chargers,Pune Warriors,Deccan Chargers,bat,Deccan Chargers,Deccan Chargers,Pune Warriors,0.6666666666666666,0.2,0.2,0.5,1,0.3880597014925373,0.36363636363636365,1421.9811135787666,1436.0619016716796,0,0,1
548350,2012-05-02,2012,"M Chinnaswamy Stadium, Bengaluru",Bengaluru,Royal Challengers Bengaluru,Punjab Kings,Punjab Kings,field,Punjab Kings,Royal Challengers Bengaluru,Punjab Kings,0.5555555555555556,0.6,0.4,0.4583333333333333,0,0.5,0.47692307692307695,1537.6302900397038,1478.764595801655,1,0,0
548351,2012-05-03,2012,"Maharashtra Cricket Association Stadium, Pune",Pune,Mumbai Indians,Pune Warriors,Mumbai Indians,bat,Mumbai Indians,Mumbai Indians,Pune Warriors,0.6666666666666666,0.4,0.2,0.5,1,0.5588235294117647,0.34782608695652173,1537.428965781218,1419.4138122065667,0,1,1
548352,2012-05-04,2012,"MA Chidambaram Stadium, Chepauk, Chennai",Chennai,Chennai Super Kings,Deccan Chargers,Chennai Super Kings,bat,Chennai Super Kings,Chennai Super Kings,Deccan Chargers,0.5555555555555556,0.4,0.4,0.6071428571428571,1,0.5857142857142857,0.39705882352941174,1558.510212175782,1438.6292030438794,1,0,1
548353,2012-05-05,2012,"Eden Gardens, Kolkata",Kolkata,Kolkata Knight Riders,Pune Warriors,Kolkata Knight Riders,bat,Kolkata Knight Riders,Kolkata Knight Riders,Pune Warriors,1.0,0.8,0.2,0.36,1,0.47619047619047616,0.3333333333333333,1543.5760367300643,1408.648806495069,1,0,1
548354,2012-05-05,2012,"Punjab Cricket Association IS Bindra Stadium, Mohali, Chandigarh",Chandigarh,Rajasthan Royals,Punjab Kings,Rajasthan Royals,bat,Rajasthan Royals,Rajasthan Royals,Punjab Kings,0.625,0.2,0.6,0.4,1,0.5230769230769231,0.48484848484848486,1459.862210754078,1497.4498160698452,0,1,1
548355,2012-05-06,2012,"Wankhede Stadium, Mumbai",Mumbai,Chennai Super Kings,Mumbai Indians,Mumbai Indians,field,Mumbai Indians,Chennai Super Kings,Mumbai Indians,0.4444444444444444,0.6,0.6,0.4,0,0.5915492957746479,0.5652173913043478,1569.1986258627105,1548.1939714927157,0,1,0
548356,2012-05-06,2012,"M Chinnaswamy Stadium, Bengaluru",Bengaluru,Deccan Chargers,Royal Challengers Bengaluru,Royal Challengers Bengaluru,field,Royal Challengers Bengaluru,Deccan Chargers,Royal Challengers Bengaluru,0.5555555555555556,0.4,0.6,0.44,0,0.391304347826087,0.49295774647887325,1427.940789356951,1518.9450697715138,0,1,0
548357,2012-05-07,2012,"Arun Jaitley Stadium, Delhi",Delhi,Delhi Capitals,Kolkata Knight Riders,Delhi Capitals,bat,Kolkata Knight Riders,Delhi Capitals,Kolkata Knight Riders,0.5714285714285714,0.8,1.0,0.5416666666666666,1,0.5454545454545454,0.484375,1549.195403909265,1553.6570215668987,1,0,0
548358,2012-05-08,2012,"Maharashtra Cricket Association Stadium, Pune",Pune,Pune Warriors,Rajasthan Royals,Pune Warriors,bat,Rajasthan Royals,Pune Warriors,Rajasthan Royals,0.0,0.0,0.2,0.6,1,0.32,0.5303030303030303,1398.5678216582346,1477.5864622118625,1,0,0
548359,2012-05-08,2012,"Rajiv Gandhi International Stadium, Uppal, Hyderabad",Hyderabad,Punjab Kings,Deccan Chargers,Deccan Chargers,field,Punjab Kings,Punjab Kings,Deccan Chargers,0.625,0.6,0.4,0.35714285714285715,0,0.47761194029850745,0.38571428571428573,1479.7255646120607,1416.0384073291207,0,1,1
548360,2012-05-09,2012,"Wankhede Stadium, Mumbai",Mumbai,Mumbai Indians,Royal Challengers Bengaluru,Royal Challengers Bengaluru,field,Royal Challengers Bengaluru,Mumbai Indians,Royal Challengers Bengaluru,0.5555555555555556,0.8,0.6,0.38095238095238093,0,0.5714285714285714,0.5,1565.1600948131677,1530.847451799344,1,0,0
548329,2012-05-10,2012,"Rajiv Gandhi International Stadium, Uppal, Hyderabad",Hyderabad,Deccan Chargers,Delhi Capitals,Deccan Chargers,bat,Delhi Capitals,Deccan Chargers,Delhi Capitals,0.4,0.2,0.8,0.4,1,0.38028169014084506,0.5373134328358209,1402.9388951991677,1533.4008577020595,1,0,0
548361,2012-05-10,2012,"Sawai Mansingh Stadium, Jaipur",Jaipur,Rajasthan Royals,Chennai Super Kings,Chennai Super Kings,field,Chennai Super Kings,Rajasthan Royals,Chennai Super Kings,0.4,0.4,0.4,0.3181818181818182,0,0.5373134328358209,0.5833333333333334,1490.0089906636372,1552.2325025422585,1,0,0
548362,2012-05-11,2012,"Maharashtra Cricket Association Stadium, Pune",Pune,Royal Challengers Bengaluru,Pune Warriors,Pune Warriors,field,Royal Challengers Bengaluru,Royal Challengers Bengaluru,Pune Warriors,1.0,0.6,0.0,0.5,0,0.5068493150684932,0.3076923076923077,1548.4224900289441,1386.1452932064599,0,1,1
548364,2012-05-12,2012,"MA Chidambaram Stadium, Chepauk, Chennai",Chennai,Delhi Capitals,Chennai Super Kings,Chennai Super Kings,field,Chennai Super Kings,Delhi Capitals,Chennai Super Kings,0.5,0.8,0.4,0.6206896551724138,0,0.5441176470588235,0.589041095890411,1543.6601719451044,1565.3972524181347,0,1,0
548363,2012-05-12,2012,"Eden Gardens, Kolkata",Kolkata,Mumbai Indians,Kolkata Knight Riders,Mumbai Indians,bat,Mumbai Indians,Mumbai Indians,Kolkata Knight Riders,0.875,0.6,1.0,0.38461538461538464,1,0.5633802816901409,0.49230769230769234,1547.5850565835676,1569.4515677741042,0,1,1
548365,2012-05-13,2012,"Sawai Mansingh Stadium, Jaipur",Jaipur,Rajasthan Royals,Pune Warriors,Rajasthan Royals,bat,Rajasthan Royals,Rajasthan Royals,Pune Warriors,1.0,0.4,0.0,0.30434782608695654,1,0.5294117647058824,0.2962962962962963,1476.844240787761,1377.1185725724292,1,0,1
548366,2012-05-13,2012,"Punjab Cricket Association IS Bindra Stadium, Mohali, Chandigarh",Chandigarh,Deccan Chargers,Punjab Kings,Deccan Chargers,bat,Punjab Kings,Deccan Chargers,Punjab Kings,0.3333333333333333,0.2,0.6,0.42857142857142855,1,0.375,0.4852941176470588,1392.679580956123,1492.8250767420136,0,1,0
548367,2012-05-14,2012,"M Chinnaswamy Stadium, Bengaluru",Bengaluru,Royal Challengers Bengaluru,Mumbai Indians,Mumbai Indians,field,Mumbai Indians,Royal Challengers Bengaluru,Mumbai Indians,0.5,0.6,0.8,0.4230769230769231,0,0.5135135135135135,0.5694444444444444,1557.4492106629748,1564.5907191613312,1,0,0
548368,2012-05-14,2012,"Eden Gardens, Kolkata",Kolkata,Kolkata Knight Riders,Chennai Super Kings,Chennai Super Kings,field,Chennai Super Kings,Kolkata Knight Riders,Chennai Super Kings,0.375,0.8,0.6,0.4074074074074074,0,0.48484848484848486,0.5945945945945946,1552.4459051963406,1580.3975269362734,1,0,0
548369,2012-05-15,2012,"Arun Jaitley Stadium, Delhi",Delhi,Punjab Kings,Delhi Capitals,Punjab Kings,bat,Delhi Capitals,Punjab Kings,Delhi Capitals,0.625,0.8,0.6,0.52,1,0.4927536231884058,0.5362318840579711,1504.3368229380337,1528.6598974269657,0,1,0
548370,2012-05-16,2012,"Wankhede Stadium, Mumbai",Mumbai,Kolkata Knight Riders,Mumbai Indians,Mumbai Indians,field,Kolkata Knight Riders,Kolkata Knight Riders,Mumbai Indians,0.1111111111111111,0.6,0.8,0.36363636363636365,0,0.47761194029850745,0.5753424657534246,1537.7303549841258,1580.261886850872,0,1,1
548372,2012-05-17,2012,"Arun Jaitley Stadium, Delhi",Delhi,Royal Challengers Bengaluru,Delhi Capitals,Delhi Capitals,field,Royal Challengers Bengaluru,Royal Challengers Bengaluru,Delhi Capitals,0.375,0.6,0.6,0.5,0,0.5066666666666667,0.5428571428571428,1541.778042973434,1543.5416047883612,0,1,1
548371,2012-05-17,2012,"Himachal Pradesh Cricket Association Stadium, Dharamsala",Dharamsala,Chennai Super Kings,Punjab Kings,Punjab Kings,field,Punjab Kings,Chennai Super Kings,Punjab Kings,0.75,0.8,0.6,0.6,0,0.6,0.4857142857142857,1595.1130771484882,1489.4551155766383,0,0,0
548373,2012-05-18,2012,"Rajiv Gandhi International Stadium, Uppal, Hyderabad",Hyderabad,Rajasthan Royals,Deccan Chargers,Rajasthan Royals,bat,Deccan Chargers,Rajasthan Royals,Deccan Chargers,0.875,0.6,0.0,0.375,1,0.5362318840579711,0.3698630136986301,1488.3738054308028,1381.1678347601028,0,1,0
548374,2012-05-19,2012,"Himachal Pradesh Cricket Association Stadium, Dharamsala",Dharamsala,Punjab Kings,Delhi Capitals,Delhi Capitals,field,Delhi Capitals,Punjab Kings,Delhi Capitals,0.5555555555555556,0.6,0.4,0.5,0,0.49295774647887325,0.5352112676056338,1510.176196127313,1527.4603904629473,0,0,0
548375,2012-05-19,2012,"Maharashtra Cricket Association Stadium, Pune",Pune,Kolkata Knight Riders,Pune Warriors,Kolkata Knight Riders,bat,Kolkata Knight Riders,Kolkata Knight Riders,Pune Warriors,1.0,0.6,0.0,0.5714285714285714,1,0.4852941176470588,0.2857142857142857,1555.6792788720209,1365.5890079293874,0,1,1
548376,2012-05-20,2012,"Rajiv Gandhi International Stadium, Uppal, Hyderabad",Hyderabad,Deccan Chargers,Royal Challengers Bengaluru,Royal Challengers Bengaluru,field,Deccan Chargers,Deccan Chargers,Royal Challengers Bengaluru,0.5,0.2,0.8,0.35294117647058826,0,0.3783783783783784,0.5131578947368421,1401.9539111668137,1557.8592572988478,1,0,1
548377,2012-05-20,2012,"Sawai Mansingh Stadium, Jaipur",Jaipur,Rajasthan Royals,Mumbai Indians,Rajasthan Royals,bat,Mumbai Indians,Rajasthan Royals,Mumbai Indians,0.5,0.6,0.6,0.3333333333333333,1,0.5285714285714286,0.5675675675675675,1467.587729024092,1562.312962962977,1,0,0
548378,2012-05-22,2012,"Maharashtra Cricket Association Stadium, Pune",Pune,Kolkata Knight Riders,Delhi Capitals,Kolkata Knight Riders,bat,Kolkata Knight Riders,Kolkata Knight Riders,Delhi Capitals,0.5,0.6,0.6,0.625,1,0.4927536231884058,0.5416666666666666,1563.7054958069214,1542.6650798829673,0,0,1
548379,2012-05-23,2012,"M Chinnaswamy Stadium, Bengaluru",Bengaluru,Chennai Super Kings,Mumbai Indians,Mumbai Indians,field,Chennai Super Kings,Chennai Super Kings,Mumbai Indians,0.4,0.6,0.6,0.4074074074074074,0,0.5921052631578947,0.5733333333333334,1574.3919965978134,1574.0556716788826,0,0,1
548380,2012-05-25,2012,"MA Chidambaram Stadium, Chepauk, Chennai",Chennai,Chennai Super Kings,Delhi Capitals,Delhi Capitals,field,Chennai Super Kings,Chennai Super Kings,Delhi Capitals,0.5555555555555556,0.8,0.4,0.6,0,0.5974025974025974,0.5342465753424658,1590.3765082677567,1527.6328440689927,1,0,1
548381,2012-05-27,2012,"MA Chidambaram Stadium, Chepauk, Chennai",Chennai,Chennai Super Kings,Kolkata Knight Riders,Chennai Super Kings,bat,Kolkata Knight Riders,Chennai Super Kings,Kolkata Knight Riders,0.6666666666666666,0.8,0.6,0.6129032258064516,1,0.6025641025641025,0.5,1603.5180625902467,1578.737731620896,1,0,0
597998,2013-04-03,2013,"Eden Gardens, Kolkata",Kolkata,Delhi Capitals,Kolkata Knight Riders,Kolkata Knight Riders,field,Kolkata Knight Riders,Delhi Capitals,Kolkata Knight Riders,0.4444444444444444,0.4,0.8,0.39285714285714285,0,0.527027027027027,0.5070422535211268,1514.4912897465026,1595.8769768920615,0,1,0
597999,2013-04-04,2013,"M Chinnaswamy Stadium, Bengaluru",Bengaluru,Royal Challengers Bengaluru,Mumbai Indians,Mumbai Indians,field,Royal Challengers Bengaluru,Royal Challengers Bengaluru,Mumbai Indians,0.45454545454545453,0.6,0.6,0.42857142857142855,0,0.5064935064935064,0.5657894736842105,1535.1255634038216,1558.0711600089394,1,0,1
598000,2013-04-05,2013,"Rajiv Gandhi International Stadium, Uppal, Hyderabad",Hyderabad,Sunrisers Hyderabad,Pune Warriors,Pune Warriors,field,Sunrisers Hyderabad,Sunrisers Hyderabad,Pune Warriors,0.5,0.5,0.0,0.3888888888888889,0,0.5,0.27586206896551724,1500.0,1357.562790994487,1,0,1
598001,2013-04-06,2013,"Arun Jaitley Stadium, Delhi",Delhi,Rajasthan Royals,Delhi Capitals,Rajasthan Royals,bat,Rajasthan Royals,Rajasthan Royals,Delhi Capitals,0.4,0.4,0.2,0.5185185185185185,1,0.5211267605633803,0.52,1455.8450203081863,1502.1721591083697,0,1,1
598002,2013-04-06,2013,"MA Chidambaram Stadium, Chepauk, Chennai",Chennai,Mumbai Indians,Chennai Super Kings,Mumbai Indians,bat,Mumbai Indians,Mumbai Indians,Chennai Super Kings,0.5454545454545454,0.4,0.6,0.59375,1,0.5584415584415584,0.5949367088607594,1541.0160098519511,1586.3788173190812,0,1,1
598003,2013-04-07,2013,"Maharashtra Cricket Association Stadium, Pune",Pune,Pune Warriors,Punjab Kings,Pune Warriors,bat,Punjab Kings,Pune Warriors,Punjab Kings,0.75,0.0,0.6,0.6666666666666666,1,0.26666666666666666,0.4861111111111111,1347.777908850208,1494.971506707293,1,0,0
598005,2013-04-08,2013,"Sawai Mansingh Stadium, Jaipur",Jaipur,Rajasthan Royals,Kolkata Knight Riders,Kolkata Knight Riders,field,Rajasthan Royals,Rajasthan Royals,Kolkata Knight Riders,0.4444444444444444,0.4,1.0,0.32,0,0.5277777777777778,0.5138888888888888,1473.9659092360407,1608.1961075301945,1,0,1
598006,2013-04-09,2013,"Wankhede Stadium, Mumbai",Mumbai,Mumbai Indians,Delhi Capitals,Mumbai Indians,bat,Mumbai Indians,Mumbai Indians,Delhi Capitals,0.5,0.4,0.2,0.391304347826087,1,0.5641025641025641,0.5131578947368421,1559.0932540464078,1484.0512701805153,1,0,1
598048,2013-04-09,2013,"M Chinnaswamy Stadium, Bengaluru",Bengaluru,Sunrisers Hyderabad,Royal Challengers Bengaluru,Sunrisers Hyderabad,bat,Royal Challengers Bengaluru,Sunrisers Hyderabad,Royal Challengers Bengaluru,0.5,1.0,0.6,0.4482758620689655,1,0.5,0.5128205128205128,1509.784882144279,1552.1807135608099,0,1,0
598007,2013-04-10,2013,"Punjab Cricket Association IS Bindra Stadium, Mohali, Chandigarh",Chandigarh,Punjab Kings,Chennai Super Kings,Chennai Super Kings,field,Chennai Super Kings,Punjab Kings,Chennai Super Kings,0.3333333333333333,0.6,0.4,0.4090909090909091,0,0.4931506849315068,0.5875,1504.5713951547393,1568.3015731246246,1,0,0
598008,2013-04-11,2013,"M Chinnaswamy Stadium, Bengaluru",Bengaluru,Kolkata Knight Riders,Royal Challengers Bengaluru,Royal Challengers Bengaluru,field,Royal Challengers Bengaluru,Kolkata Knight Riders,Royal Challengers Bengaluru,0.5,0.8,0.6,0.43333333333333335,0,0.5068493150684932,0.5189873417721519,1586.3048194548232,1566.237946481476,0,1,0
598009,2013-04-11,2013,"Maharashtra Cricket Association Stadium, Pune",Pune,Rajasthan Royals,Pune Warriors,Rajasthan Royals,bat,Pune Warriors,Rajasthan Royals,Pune Warriors,1.0,0.6,0.0,0.6,1,0.5342465753424658,0.25806451612903225,1495.857197311412,1338.1780204027616,0,1,0
598010,2013-04-12,2013,"Arun Jaitley Stadium, Delhi",Delhi,Delhi Capitals,Sunrisers Hyderabad,Delhi Capitals,bat,Sunrisers Hyderabad,Delhi Capitals,Sunrisers Hyderabad,0.5,0.0,0.5,0.5357142857142857,1,0.5064935064935064,0.5,1471.4543265541447,1495.7276492236128,1,0,0
598011,2013-04-13,2013,"Wankhede Stadium, Mumbai",Mumbai,Mumbai Indians,Pune Warriors,Mumbai Indians,bat,Mumbai Indians,Mumbai Indians,Pune Warriors,0.75,0.6,0.2,0.4166666666666667,1,0.569620253164557,0.28125,1571.6901976727781,1360.97878898134,1,0,1
598012,2013-04-13,2013,"MA Chidambaram Stadium, Chepauk, Chennai",Chennai,Royal Challengers Bengaluru,Chennai Super Kings,Chennai Super Kings,field,Chennai Super Kings,Royal Challengers Bengaluru,Chennai Super Kings,0.4166666666666667,0.8,0.6,0.6060606060606061,0,0.525,0.5925925925925926,1583.161033923877,1581.3991692283696,0,1,0
598013,2013-04-14,2013,"Eden Gardens, Kolkata",Kolkata,Kolkata Knight Riders,Sunrisers Hyderabad,Kolkata Knight Riders,bat,Kolkata Knight Riders,Kolkata Knight Riders,Sunrisers Hyderabad,0.5,0.6,0.6666666666666666,0.3793103448275862,1,0.5,0.5,1569.3817320124222,1510.6116365713074,1,0,1
598014,2013-04-14,2013,"Sawai Mansingh Stadium, Jaipur",Jaipur,Punjab Kings,Rajasthan Royals,Rajasthan Royals,field,Rajasthan Royals,Punjab Kings,Rajasthan Royals,0.3333333333333333,0.4,0.4,0.34615384615384615,0,0.4864864864864865,0.527027027027027,1491.4737990509943,1473.0564287328336,0,1,0
598015,2013-04-15,2013,"MA Chidambaram Stadium, Chepauk, Chennai",Chennai,Pune Warriors,Chennai Super Kings,Pune Warriors,bat,Pune Warriors,Pune Warriors,Chennai Super Kings,0.25,0.2,0.6,0.5882352941176471,1,0.2727272727272727,0.5975609756097561,1353.6450584287738,1597.4803054005577,0,1,1
598016,2013-04-16,2013,"Punjab Cricket Association IS Bindra Stadium, Mohali, Chandigarh",Chandigarh,Punjab Kings,Kolkata Knight Riders,Kolkata Knight Riders,field,Punjab Kings,Punjab Kings,Kolkata Knight Riders,0.4444444444444444,0.4,0.6,0.391304347826087,0,0.48,0.5066666666666667,1474.6264413477227,1582.7007904300594,1,0,1
598018,2013-04-17,2013,"Maharashtra Cricket Association Stadium, Pune",Pune,Sunrisers Hyderabad,Pune Warriors,Pune Warriors,field,Sunrisers Hyderabad,Sunrisers Hyderabad,Pune Warriors,1.0,0.5,0.4,0.5454545454545454,0,0.5,0.29411764705882354,1497.29257815367,1379.333347943745,0,1,1
598019,2013-04-17,2013,"Sawai Mansingh Stadium, Jaipur",Jaipur,Rajasthan Royals,Mumbai Indians,Rajasthan Royals,bat,Rajasthan Royals,Rajasthan Royals,Mumbai Indians,0.4444444444444444,0.6,0.6,0.3333333333333333,1,0.5333333333333333,0.575,1489.9037864361053,1579.0239282253442,1,0,1
598020,2013-04-18,2013,"Arun Jaitley Stadium, Delhi",Delhi,Chennai Super Kings,Delhi Capitals,Chennai Super Kings,bat,Chennai Super Kings,Chennai Super Kings,Delhi Capitals,0.6,0.4,0.0,0.5172413793103449,1,0.5903614457831325,0.5,1571.7920158855866,1456.5703392064504,0,1,1
598021,2013-04-19,2013,"Rajiv Gandhi International Stadium, Uppal, Hyderabad",Hyderabad,Punjab Kings,Sunrisers Hyderabad,Punjab Kings,bat,Sunrisers Hyderabad,Punjab Kings,Sunrisers Hyderabad,0.5,0.4,0.6,0.42105263157894735,1,0.4868421052631579,0.6,1495.4489025022838,1508.059883655767,0,1,0
598022,2013-04-20,2013,"Eden Gardens, Kolkata",Kolkata,Kolkata Knight Riders,Chennai Super Kings,Kolkata Knight Riders,bat,Chennai Super Kings,Kolkata Knight Riders,Chennai Super Kings,0.4,0.4,0.6,0.4,1,0.5,0.5952380952380952,1561.8783292754983,1582.6721949010048,1,0,0
598023,2013-04-20,2013,"M Chinnaswamy Stadium, Bengaluru",Bengaluru,Rajasthan Royals,Royal Challengers Bengaluru,Royal Challengers Bengaluru,field,Royal Challengers Bengaluru,Rajasthan Royals,Royal Challengers Bengaluru,0.4444444444444444,0.8,0.6,0.41935483870967744,0,0.5394736842105263,0.5185185185185185,1509.9202155633761,1567.079897751689,0,1,0
598025,2013-04-21,2013,"Punjab Cricket Association IS Bindra Stadium, Mohali, Chandigarh",Chandigarh,Pune Warriors,Punjab Kings,Punjab Kings,field,Punjab Kings,Pune Warriors,Punjab Kings,0.6,0.4,0.4,0.4166666666666667,0,0.2857142857142857,0.4805194805194805,1368.566042441648,1480.0294047325453,0,1,0
598024,2013-04-21,2013,"Arun Jaitley Stadium, Delhi",Delhi,Mumbai Indians,Delhi Capitals,Mumbai Indians,bat,Delhi Capitals,Mumbai Indians,Delhi Capitals,0.5454545454545454,0.6,0.0,0.5333333333333333,1,0.5679012345679012,0.4936708860759494,1559.0074990980734,1445.6901601910322,0,1,0
598026,2013-04-22,2013,"MA Chidambaram Stadium, Chepauk, Chennai",Chennai,Rajasthan Royals,Chennai Super Kings,Rajasthan Royals,bat,Chennai Super Kings,Rajasthan Royals,Chennai Super Kings,0.36363636363636365,0.6,0.8,0.6,1,0.5324675324675324,0.6,1496.5290215441169,1597.7157437210403,0,1,0
598027,2013-04-23,2013,"M Chinnaswamy Stadium, Bengaluru",Bengaluru,Royal Challengers Bengaluru,Pune Warriors,Pune Warriors,field,Royal Challengers Bengaluru,Royal Challengers Bengaluru,Pune Warriors,1.0,0.8,0.4,0.40625,0,0.524390243902439,0.2777777777777778,1580.4710917709483,1357.52997496058,1,0,1
598059,2013-04-23,2013,"Arun Jaitley Stadium, Delhi",Delhi,Delhi Capitals,Punjab Kings,Punjab Kings,field,Punjab Kings,Delhi Capitals,Punjab Kings,0.5,0.2,0.4,0.5161290322580645,0,0.5,0.48717948717948717,1466.7311253115452,1491.0654722136135,1,0,0
598029,2013-04-24,2013,"Eden Gardens, Kolkata",Kolkata,Kolkata Knight Riders,Mumbai Indians,Kolkata Knight Riders,bat,Mumbai Indians,Kolkata Knight Riders,Mumbai Indians,0.2,0.2,0.6,0.3870967741935484,1,0.4935064935064935,0.5609756097560976,1546.8347804554628,1537.9665339775604,1,0,0
598030,2013-04-25,2013,"MA Chidambaram Stadium, Chepauk, Chennai",Chennai,Sunrisers Hyderabad,Chennai Super Kings,Sunrisers Hyderabad,bat,Chennai Super Kings,Sunrisers Hyderabad,Chennai Super Kings,0.5,0.6,0.8,0.5833333333333334,1,0.6666666666666666,0.6046511627906976,1523.4793814255054,1609.1833500733226,0,1,0
598031,2013-04-26,2013,"Eden Gardens, Kolkata",Kolkata,Punjab Kings,Kolkata Knight Riders,Punjab Kings,bat,Kolkata Knight Riders,Punjab Kings,Kolkata Knight Riders,0.5,0.6,0.2,0.375,1,0.4936708860759494,0.48717948717948717,1505.9466629982799,1530.4264712824843,0,1,0
598032,2013-04-27,2013,"Sawai Mansingh Stadium, Jaipur",Jaipur,Sunrisers Hyderabad,Rajasthan Royals,Sunrisers Hyderabad,bat,Rajasthan Royals,Sunrisers Hyderabad,Rajasthan Royals,0.5,0.6,0.4,0.35714285714285715,1,0.5714285714285714,0.5256410256410257,1511.3480434770825,1485.0614151918346,0,1,0
598033,2013-04-27,2013,"Wankhede Stadium, Mumbai",Mumbai,Mumbai Indians,Royal Challengers Bengaluru,Mumbai Indians,bat,Mumbai Indians,Mumbai Indians,Royal Challengers Bengaluru,0.5,0.6,0.8,0.44,1,0.5662650602409639,0.5301204819277109,1554.374843150539,1587.4144562541096,1,0,1
598035,2013-04-28,2013,Shaheed Veer Narayan Singh International Stadium,Raipur,Delhi Capitals,Pune Warriors,Pune Warriors,field,Delhi Capitals,Delhi Capitals,Pune Warriors,0.6666666666666666,0.2,0.2,0.5,0,0.49382716049382713,0.2702702702702703,1451.8499345268788,1350.5866104774186,0,0,1
598034,2013-04-28,2013,"MA Chidambaram Stadium, Chepauk, Chennai",Chennai,Chennai Super Kings,Kolkata Knight Riders,Kolkata Knight Riders,field,Chennai Super Kings,Chennai Super Kings,Kolkata Knight Riders,0.6363636363636364,0.8,0.4,0.5675675675675675,0,0.6091954022988506,0.4936708860759494,1621.3146880217455,1545.3009962725716,1,0,1
598036,2013-04-29,2013,"Sawai Mansingh Stadium, Jaipur",Jaipur,Royal Challengers Bengaluru,Rajasthan Royals,Rajasthan Royals,field,Rajasthan Royals,Royal Challengers Bengaluru,Rajasthan Royals,0.6,0.6,0.6,0.3448275862068966,0,0.5238095238095238,0.5316455696202531,1569.8974958043555,1502.2696546046732,0,1,0
598037,2013-04-29,2013,"Wankhede Stadium, Mumbai",Mumbai,Mumbai Indians,Punjab Kings,Mumbai Indians,bat,Mumbai Indians,Mumbai Indians,Punjab Kings,0.4,0.6,0.6,0.46153846153846156,1,0.5714285714285714,0.4875,1571.891803600293,1491.0721380081925,1,0,1
598038,2013-04-30,2013,"Maharashtra Cricket Association Stadium, Pune",Pune,Chennai Super Kings,Pune Warriors,Chennai Super Kings,bat,Chennai Super Kings,Chennai Super Kings,Pune Warriors,0.6,1.0,0.2,0.5833333333333334,1,0.6136363636363636,0.2631578947368421,1633.868932680015,1339.1222484948103,0,1,1
598039,2013-05-01,2013,"Rajiv Gandhi International Stadium, Uppal, Hyderabad",Hyderabad,Mumbai Indians,Sunrisers Hyderabad,Mumbai Indians,bat,Sunrisers Hyderabad,Mumbai Indians,Sunrisers Hyderabad,0.5,0.6,0.4,0.4,1,0.5764705882352941,0.5,1584.2356301717018,1494.139804064244,0,1,0
598040,2013-05-01,2013,Shaheed Veer Narayan Singh International Stadium,Raipur,Kolkata Knight Riders,Delhi Capitals,Kolkata Knight Riders,bat,Delhi Capitals,Kolkata Knight Riders,Delhi Capitals,0.6,0.2,0.4,0.5,1,0.4875,0.5,1532.7467516143022,1463.3142965094871,0,0,0
598041,2013-05-02,2013,"MA Chidambaram Stadium, Chepauk, Chennai",Chennai,Chennai Super Kings,Punjab Kings,Chennai Super Kings,bat,Chennai Super Kings,Chennai Super Kings,Punjab Kings,0.7,1.0,0.4,0.5789473684210527,1,0.6179775280898876,0.48148148148148145,1638.8256359699196,1478.7283114367838,1,0,1
598042,2013-05-02,2013,"Maharashtra Cricket Association Stadium, Pune",Pune,Royal Challengers Bengaluru,Pune Warriors,Royal Challengers Bengaluru,bat,Royal Challengers Bengaluru,Royal Challengers Bengaluru,Pune Warriors,1.0,0.4,0.0,0.6153846153846154,1,0.5176470588235295,0.2564102564102564,1550.821864110497,1334.1655452049056,0,1,1
598043,2013-05-03,2013,"Eden Gardens, Kolkata",Kolkata,Rajasthan Royals,Kolkata Knight Riders,Rajasthan Royals,bat,Kolkata Knight Riders,Rajasthan Royals,Kolkata Knight Riders,0.5,0.6,0.2,0.36363636363636365,1,0.5375,0.48148148148148145,1521.3452862985316,1513.5911657782772,0,1,0
598044,2013-05-04,2013,"Rajiv Gandhi International Stadium, Uppal, Hyderabad",Hyderabad,Delhi Capitals,Sunrisers Hyderabad,Delhi Capitals,bat,Sunrisers Hyderabad,Delhi Capitals,Sunrisers Hyderabad,0.0,0.6,0.6,0.38095238095238093,1,0.5060240963855421,0.5555555555555556,1482.4698823455121,1514.1983039855713,0,1,0
598046,2013-05-05,2013,"Wankhede Stadium, Mumbai",Mumbai,Mumbai Indians,Chennai Super Kings,Mumbai Indians,bat,Mumbai Indians,Mumbai Indians,Chennai Super Kings,0.5833333333333334,0.6,1.0,0.48148148148148145,1,0.5697674418604651,0.6222222222222222,1564.1771302503744,1647.9338970804004,1,0,1
598047,2013-05-05,2013,"Sawai Mansingh Stadium, Jaipur",Jaipur,Pune Warriors,Rajasthan Royals,Pune Warriors,bat,Rajasthan Royals,Pune Warriors,Rajasthan Royals,0.25,0.0,0.4,0.3333333333333333,1,0.25,0.5308641975308642,1327.0234744254806,1504.988255129248,0,1,0
598064,2013-05-06,2013,"Punjab Cricket Association IS Bindra Stadium, Mohali, Chandigarh",Chandigarh,Royal Challengers Bengaluru,Punjab Kings,Punjab Kings,field,Punjab Kings,Royal Challengers Bengaluru,Punjab Kings,0.5,0.6,0.4,0.4,0,0.5232558139534884,0.47560975609756095,1557.963934889922,1469.620050326303,0,1,0
598049,2013-05-07,2013,"Sawai Mansingh Stadium, Jaipur",Jaipur,Delhi Capitals,Rajasthan Royals,Delhi Capitals,bat,Rajasthan Royals,Delhi Capitals,Rajasthan Royals,0.5454545454545454,0.6,0.6,0.3225806451612903,1,0.5,0.5365853658536586,1467.926981838201,1513.4414379267484,0,1,0
598050,2013-05-07,2013,"Wankhede Stadium, Mumbai",Mumbai,Mumbai Indians,Kolkata Knight Riders,Mumbai Indians,bat,Mumbai Indians,Mumbai Indians,Kolkata Knight Riders,0.8181818181818182,0.8,0.4,0.5,1,0.5747126436781609,0.4878048780487805,1583.9612491615108,1529.9481969475607,1,0,1
598051,2013-05-08,2013,"Rajiv Gandhi International Stadium, Uppal, Hyderabad",Hyderabad,Chennai Super Kings,Sunrisers Hyderabad,Sunrisers Hyderabad,field,Chennai Super Kings,Chennai Super Kings,Sunrisers Hyderabad,1.0,0.8,0.6,0.36363636363636365,0,0.6153846153846154,0.6,1628.149778169264,1528.7412044928824,0,1,1
598053,2013-05-09,2013,"Maharashtra Cricket Association Stadium, Pune",Pune,Kolkata Knight Riders,Pune Warriors,Kolkata Knight Riders,bat,Kolkata Knight Riders,Kolkata Knight Riders,Pune Warriors,1.0,0.4,0.0,0.6428571428571429,1,0.4819277108433735,0.24390243902439024,1516.4157429578424,1318.5702916279802,0,1,1
598052,2013-05-09,2013,"Punjab Cricket Association IS Bindra Stadium, Mohali, Chandigarh",Chandigarh,Punjab Kings,Rajasthan Royals,Rajasthan Royals,field,Rajasthan Royals,Punjab Kings,Rajasthan Royals,0.3,0.4,0.8,0.38461538461538464,0,0.4819277108433735,0.5421686746987951,1489.6029653854055,1527.3573281562883,1,0,0
598054,2013-05-10,2013,"Arun Jaitley Stadium, Delhi",Delhi,Royal Challengers Bengaluru,Delhi Capitals,Delhi Capitals,field,Royal Challengers Bengaluru,Royal Challengers Bengaluru,Delhi Capitals,0.4444444444444444,0.4,0.4,0.5,0,0.5172413793103449,0.49411764705882355,1537.9810198308196,1454.0110916086612,0,1,1
598055,2013-05-11,2013,"Maharashtra Cricket Association Stadium, Pune",Pune,Pune Warriors,Mumbai Indians,Pune Warriors,bat,Mumbai Indians,Pune Warriors,Mumbai Indians,0.2,0.0,0.8,0.6666666666666666,1,0.23809523809523808,0.5795454545454546,1310.8095165043626,1597.493703151229,1,0,0
598056,2013-05-11,2013,"Punjab Cricket Association IS Bindra Stadium, Mohali, Chandigarh",Chandigarh,Sunrisers Hyderabad,Punjab Kings,Punjab Kings,field,Sunrisers Hyderabad,Sunrisers Hyderabad,Punjab Kings,1.0,0.4,0.2,0.37037037037037035,0,0.5454545454545454,0.47619047619047616,1517.1981736483283,1475.3348067295592,0,1,1
598057,2013-05-12,2013,JSCA International Stadium Complex,Ranchi,Royal Challengers Bengaluru,Kolkata Knight Riders,Kolkata Knight Riders,field,Kolkata Knight Riders,Royal Challengers Bengaluru,Kolkata Knight Riders,0.5454545454545454,0.4,0.4,0.5,0,0.5227272727272727,0.4880952380952381,1550.1876349108586,1524.17651808146,0,0,0
598058,2013-05-12,2013,"Sawai Mansingh Stadium, Jaipur",Jaipur,Chennai Super Kings,Rajasthan Royals,Rajasthan Royals,field,Rajasthan Royals,Chennai Super Kings,Rajasthan Royals,0.6666666666666666,0.8,0.8,0.3125,0,0.6195652173913043,0.5476190476190477,1639.692809013818,1541.6254868121346,0,1,0
598060,2013-05-13,2013,"Wankhede Stadium, Mumbai",Mumbai,Sunrisers Hyderabad,Mumbai Indians,Sunrisers Hyderabad,bat,Mumbai Indians,Sunrisers Hyderabad,Mumbai Indians,1.0,0.6,0.8,0.5172413793103449,1,0.5833333333333334,0.5842696629213483,1531.2795704183739,1602.6479491218774,0,1,0
598062,2013-05-14,2013,"MA Chidambaram Stadium, Chepauk, Chennai",Chennai,Chennai Super Kings,Delhi Capitals,Chennai Super Kings,bat,Chennai Super Kings,Chennai Super Kings,Delhi Capitals,0.6363636363636364,0.6,0.4,0.5897435897435898,1,0.6129032258064516,0.4883720930232558,1619.2928749566613,1441.8044765286222,1,0,1
598045,2013-05-14,2013,"M Chinnaswamy Stadium, Bengaluru",Bengaluru,Royal Challengers Bengaluru,Punjab Kings,Punjab Kings,field,Punjab Kings,Royal Challengers Bengaluru,Punjab Kings,0.45454545454545453,0.4,0.2,0.42424242424242425,0,0.5168539325842697,0.47058823529411764,1532.9920116701453,1461.2534099595136,1,0,0
598061,2013-05-15,2013,JSCA International Stadium Complex,Ranchi,Pune Warriors,Kolkata Knight Riders,Kolkata Knight Riders,field,Pune Warriors,Pune Warriors,Kolkata Knight Riders,0.0,0.0,0.6,0.5,0,0.23255813953488372,0.49411764705882355,1305.6552705337142,1541.3721413221733,0,0,1
598063,2013-05-15,2013,"Wankhede Stadium, Mumbai",Mumbai,Mumbai Indians,Rajasthan Royals,Rajasthan Royals,field,Mumbai Indians,Mumbai Indians,Rajasthan Royals,0.5,0.8,0.8,0.5,0,0.5888888888888889,0.5529411764705883,1615.4067734524224,1562.0254208692913,1,0,1
598028,2013-05-16,2013,"Himachal Pradesh Cricket Association Stadium, Dharamsala",Dharamsala,Punjab Kings,Delhi Capitals,Delhi Capitals,field,Punjab Kings,Punjab Kings,Delhi Capitals,0.5454545454545454,0.4,0.2,0.42857142857142855,0,0.47674418604651164,0.4827586206896552,1480.5109318544278,1433.3342252656525,0,0,1
598065,2013-05-17,2013,"Rajiv Gandhi International Stadium, Uppal, Hyderabad",Hyderabad,Sunrisers Hyderabad,Rajasthan Royals,Sunrisers Hyderabad,bat,Sunrisers Hyderabad,Sunrisers Hyderabad,Rajasthan Royals,0.0,0.6,0.8,0.391304347826087,1,0.5384615384615384,0.5465116279069767,1518.520746087829,1548.4645600080833,1,0,1
598066,2013-05-18,2013,"Himachal Pradesh Cricket Association Stadium, Dharamsala",Dharamsala,Punjab Kings,Mumbai Indians,Mumbai Indians,field,Punjab Kings,Punjab Kings,Mumbai Indians,0.5454545454545454,0.6,1.0,0.5,0,0.4827586206896552,0.5934065934065934,1494.3516188627182,1628.9676343136305,0,0,1
598068,2013-05-18,2013,"M Chinnaswamy Stadium, Bengaluru",Bengaluru,Royal Challengers Bengaluru,Chennai Super Kings,Chennai Super Kings,field,Royal Challengers Bengaluru,Royal Challengers Bengaluru,Chennai Super Kings,0.38461538461538464,0.4,0.6,0.4117647058823529,0,0.5111111111111111,0.6170212765957447,1513.734489775231,1627.763126219631,1,0,1
598069,2013-05-19,2013,"Rajiv Gandhi International Stadium, Uppal, Hyderabad",Hyderabad,Kolkata Knight Riders,Sunrisers Hyderabad,Kolkata Knight Riders,bat,Sunrisers Hyderabad,Kolkata Knight Riders,Sunrisers Hyderabad,1.0,0.6,0.6,0.4166666666666667,1,0.4883720930232558,0.5714285714285714,1515.9239924381072,1535.8963055283123,0,1,0
598067,2013-05-19,2013,"Maharashtra Cricket Association Stadium, Pune",Pune,Pune Warriors,Delhi Capitals,Pune Warriors,bat,Pune Warriors,Pune Warriors,Delhi Capitals,0.25,0.2,0.0,0.625,1,0.25,0.4772727272727273,1331.1034194177803,1419.4935382573622,1,0,1
598070,2013-05-21,2013,"Arun Jaitley Stadium, Delhi",Delhi,Chennai Super Kings,Mumbai Indians,Chennai Super Kings,bat,Chennai Super Kings,Chennai Super Kings,Mumbai Indians,0.38461538461538464,0.4,0.8,0.5151515151515151,1,0.6105263157894737,0.5869565217391305,1606.6926752019467,1607.0609938242164,0,0,1
598071,2013-05-22,2013,"Arun Jaitley Stadium, Delhi",Delhi,Sunrisers Hyderabad,Rajasthan Royals,Sunrisers Hyderabad,bat,Rajasthan Royals,Sunrisers Hyderabad,Rajasthan Royals,0.5,0.6,0.6,0.5294117647058824,1,0.6,0.5402298850574713,1550.9775583031644,1531.0890005676,0,0,0
598072,2013-05-24,2013,"Eden Gardens, Kolkata",Kolkata,Rajasthan Royals,Mumbai Indians,Rajasthan Royals,bat,Mumbai Indians,Rajasthan Royals,Mumbai Indians,0.45454545454545453,0.6,0.6,0.35294117647058826,1,0.5454545454545454,0.5806451612903226,1548.0039033807377,1591.0440321311883,0,0,0
598073,2013-05-26,2013,"Eden Gardens, Kolkata",Kolkata,Mumbai Indians,Chennai Super Kings,Mumbai Indians,bat,Mumbai Indians,Mumbai Indians,Chennai Super Kings,0.5714285714285714,0.6,0.6,0.34285714285714286,1,0.5851063829787234,0.6145833333333334,1605.0720381328272,1622.709636894975,0,0,1
729279,2014-04-16,2014,"Zayed Cricket Stadium, Abu Dhabi",Abu Dhabi,Kolkata Knight Riders,Mumbai Indians,Kolkata Knight Riders,bat,Kolkata Knight Riders,Kolkata Knight Riders,Mumbai Indians,0.16666666666666666,0.4,0.6,0.5,1,0.4827586206896552,0.5894736842105263,1500.842739663255,1621.8835825501094,0,0,1
729281,2014-04-17,2014,Sharjah Cricket Stadium,Sharjah,Delhi Capitals,Royal Challengers Bengaluru,Royal Challengers Bengaluru,field,Royal Challengers Bengaluru,Delhi Capitals,Royal Challengers Bengaluru,0.5,0.0,0.4,0.5,0,0.47191011235955055,0.5164835164835165,1399.5086260359367,1534.8049407929152,0,0,0
729283,2014-04-18,2014,"Zayed Cricket Stadium, Abu Dhabi",Abu Dhabi,Chennai Super Kings,Punjab Kings,Chennai Super Kings,bat,Punjab Kings,Chennai Super Kings,Punjab Kings,0.7272727272727273,0.4,0.6,0.5,1,0.6082474226804123,0.48863636363636365,1605.8980924776927,1516.2582593521322,0,0,0
729285,2014-04-18,2014,"Zayed Cricket Stadium, Abu Dhabi",Abu Dhabi,Sunrisers Hyderabad,Rajasthan Royals,Rajasthan Royals,field,Rajasthan Royals,Sunrisers Hyderabad,Rajasthan Royals,0.3333333333333333,0.6,0.4,0.5,0,0.5625,0.5393258426966292,1534.0626554900266,1533.9758973790988,0,0,0
729287,2014-04-19,2014,Dubai International Cricket Stadium,Dubai,Mumbai Indians,Royal Challengers Bengaluru,Royal Challengers Bengaluru,field,Royal Challengers Bengaluru,Mumbai Indians,Royal Challengers Bengaluru,0.5384615384615384,0.4,0.6,0.5,0,0.5833333333333334,0.5217391304347826,1600.5245231081565,1544.8712605392438,0,0,0
729289,2014-04-19,2014,Dubai International Cricket Stadium,Dubai,Kolkata Knight Riders,Delhi Capitals,Kolkata Knight Riders,bat,Delhi Capitals,Kolkata Knight Riders,Delhi Capitals,0.5454545454545454,0.6,0.0,0.5,1,0.48863636363636365,0.4666666666666667,1522.201799105208,1389.442306289608,0,0,0
729291,2014-04-20,2014,Sharjah Cricket Stadium,Sharjah,Rajasthan Royals,Punjab Kings,Punjab Kings,field,Punjab Kings,Rajasthan Royals,Punjab Kings,0.7272727272727273,0.4,0.8,0.5,0,0.5444444444444444,0.4943820224719101,1549.9798927376742,1536.2971046118516,0,0,0
729293,2014-04-21,2014,"Zayed Cricket Stadium, Abu Dhabi",Abu Dhabi,Chennai Super Kings,Delhi Capitals,Chennai Super Kings,bat,Chennai Super Kings,Chennai Super Kings,Delhi Capitals,0.6666666666666666,0.4,0.2,0.5,1,0.6020408163265306,0.4725274725274725,1585.8592472179732,1411.2749571414886,0,0,1
729295,2014-04-22,2014,Sharjah Cricket Stadium,Sharjah,Punjab Kings,Sunrisers Hyderabad,Sunrisers Hyderabad,field,Punjab Kings,Punjab Kings,Sunrisers Hyderabad,0.0,1.0,0.4,0.5,0,0.5,0.5294117647058824,1552.926894731792,1518.0586601314512,0,0,1
729297,2014-04-23,2014,Dubai International Cricket Stadium,Dubai,Chennai Super Kings,Rajasthan Royals,Rajasthan Royals,field,Chennai Super Kings,Chennai Super Kings,Rajasthan Royals,0.6153846153846154,0.4,0.4,0.5,0,0.6060606060606061,0.5384615384615384,1594.4340267378223,1533.350102617734,0,0,1
729299,2014-04-24,2014,Sharjah Cricket Stadium,Sharjah,Kolkata Knight Riders,Royal Challengers Bengaluru,Royal Challengers Bengaluru,field,Kolkata Knight Riders,Kolkata Knight Riders,Royal Challengers Bengaluru,0.5,0.4,0.6,0.5,0,0.48314606741573035,0.5268817204301075,1500.3691482533275,1563.412490298348,0,0,1
729301,2014-04-25,2014,Dubai International Cricket Stadium,Dubai,Sunrisers Hyderabad,Delhi Capitals,Sunrisers Hyderabad,bat,Sunrisers Hyderabad,Sunrisers Hyderabad,Delhi Capitals,1.0,0.4,0.2,0.5,1,0.5,0.4673913043478261,1503.6590323512696,1402.7001776216396,0,0,1
729303,2014-04-25,2014,Dubai International Cricket Stadium,Dubai,Mumbai Indians,Chennai Super Kings,Mumbai Indians,bat,Chennai Super Kings,Mumbai Indians,Chennai Super Kings,0.6,0.4,0.6,0.5,1,0.5773195876288659,0.61,1581.9832933490522,1607.6496380284893,0,0,0
729307,2014-04-26,2014,"Zayed Cricket Stadium, Abu Dhabi",Abu Dhabi,Punjab Kings,Kolkata Knight Riders,Kolkata Knight Riders,field,Punjab Kings,Punjab Kings,Kolkata Knight Riders,0.45454545454545453,1.0,0.4,0.5,0,0.5054945054945055,0.4888888888888889,1567.3265225119735,1519.2409520699582,0,0,1
729305,2014-04-26,2014,"Zayed Cricket Stadium, Abu Dhabi",Abu Dhabi,Royal Challengers Bengaluru,Rajasthan Royals,Rajasthan Royals,field,Rajasthan Royals,Royal Challengers Bengaluru,Rajasthan Royals,0.5454545454545454,0.6,0.4,0.5,0,0.5212765957446809,0.532608695652174,1544.5406864817173,1520.1344913270668,0,0,0
729309,2014-04-27,2014,Sharjah Cricket Stadium,Sharjah,Mumbai Indians,Delhi Capitals,Mumbai Indians,bat,Delhi Capitals,Mumbai Indians,Delhi Capitals,0.5,0.4,0.2,0.5,1,0.5714285714285714,0.46236559139784944,1567.163126739583,1391.2229178539274,0,0,0
729311,2014-04-27,2014,Sharjah Cricket Stadium,Sharjah,Sunrisers Hyderabad,Chennai Super Kings,Sunrisers Hyderabad,bat,Chennai Super Kings,Sunrisers Hyderabad,Chennai Super Kings,0.0,0.4,0.6,0.5,1,0.5263157894736842,0.6138613861386139,1515.1362921189818,1622.4698046379585,0,0,0
729313,2014-04-28,2014,Dubai International Cricket Stadium,Dubai,Royal Challengers Bengaluru,Punjab Kings,Punjab Kings,field,Punjab Kings,Royal Challengers Bengaluru,Punjab Kings,0.4166666666666667,0.6,1.0,0.4,0,0.5157894736842106,0.5108695652173914,1527.418584758076,1581.1261317059955,0,0,0
729317,2014-04-30,2014,Dubai International Cricket Stadium,Dubai,Sunrisers Hyderabad,Mumbai Indians,Mumbai Indians,field,Sunrisers Hyderabad,Sunrisers Hyderabad,Mumbai Indians,0.5,0.2,0.2,0.3333333333333333,0,0.5,0.5656565656565656,1503.9277159030287,1543.6890007258216,0,0,1
733971,2014-05-02,2014,JSCA International Stadium Complex,Ranchi,Chennai Super Kings,Kolkata Knight Riders,Chennai Super Kings,bat,Chennai Super Kings,Chennai Super Kings,Kolkata Knight Riders,0.6666666666666666,0.8,0.4,0.5,1,0.6176470588235294,0.4835164835164835,1633.6783808539117,1505.4413428759362,0,0,1
733973,2014-05-03,2014,"Wankhede Stadium, Mumbai",Mumbai,Punjab Kings,Mumbai Indians,Punjab Kings,bat,Mumbai Indians,Punjab Kings,Mumbai Indians,0.5833333333333334,1.0,0.0,0.5161290322580645,1,0.5161290322580645,0.56,1594.6723219700239,1525.8658781037427,0,1,0
733975,2014-05-03,2014,"Arun Jaitley Stadium, Delhi",Delhi,Delhi Capitals,Rajasthan Royals,Rajasthan Royals,field,Rajasthan Royals,Delhi Capitals,Rajasthan Royals,0.5,0.4,0.4,0.5142857142857142,0,0.46808510638297873,0.5376344086021505,1414.6970438676888,1537.2565930507083,1,0,0
733977,2014-05-04,2014,"M Chinnaswamy Stadium, Bengaluru",Bengaluru,Sunrisers Hyderabad,Royal Challengers Bengaluru,Royal Challengers Bengaluru,field,Royal Challengers Bengaluru,Sunrisers Hyderabad,Royal Challengers Bengaluru,0.0,0.4,0.4,0.42857142857142855,0,0.5238095238095238,0.5104166666666666,1521.7508385251076,1513.8723944940475,0,1,0
733979,2014-05-05,2014,"Narendra Modi Stadium, Ahmedabad",Ahmedabad,Rajasthan Royals,Kolkata Knight Riders,Kolkata Knight Riders,field,Rajasthan Royals,Rajasthan Royals,Kolkata Knight Riders,0.45454545454545453,0.6,0.4,0.5,0,0.5425531914893617,0.4782608695652174,1547.835531921183,1495.092552824659,0,0,1
733981,2014-05-05,2014,"Arun Jaitley Stadium, Delhi",Delhi,Delhi Capitals,Chennai Super Kings,Chennai Super Kings,field,Chennai Super Kings,Delhi Capitals,Chennai Super Kings,0.3076923076923077,0.4,1.0,0.5,0,0.4631578947368421,0.6213592233009708,1404.118104997214,1644.027170905189,1,0,0
733983,2014-05-06,2014,"Wankhede Stadium, Mumbai",Mumbai,Mumbai Indians,Royal Challengers Bengaluru,Royal Challengers Bengaluru,field,Mumbai Indians,Mumbai Indians,Royal Challengers Bengaluru,0.5,0.2,0.4,0.5,0,0.5643564356435643,0.5154639175257731,1544.9937466044187,1530.2351480758189,1,0,1
733985,2014-05-07,2014,"Arun Jaitley Stadium, Delhi",Delhi,Delhi Capitals,Kolkata Knight Riders,Delhi Capitals,bat,Kolkata Knight Riders,Delhi Capitals,Kolkata Knight Riders,0.5,0.2,0.2,0.4864864864864865,1,0.4583333333333333,0.4731182795698925,1397.6910965536551,1481.5029689741164,1,0,0
733987,2014-05-07,2014,Barabati Stadium,Cuttack,Punjab Kings,Chennai Super Kings,Chennai Super Kings,field,Punjab Kings,Punjab Kings,Chennai Super Kings,0.3333333333333333,0.8,1.0,0.5,0,0.5106382978723404,0.625,1575.544453469348,1650.4541793487479,0,0,1
733989,2014-05-08,2014,"Narendra Modi Stadium, Ahmedabad",Ahmedabad,Sunrisers Hyderabad,Rajasthan Royals,Rajasthan Royals,field,Sunrisers Hyderabad,Sunrisers Hyderabad,Rajasthan Royals,0.25,0.4,0.6,0.6,0,0.5,0.5473684210526316,1505.3880849433363,1561.4251157717256,0,0,1
733991,2014-05-09,2014,"M Chinnaswamy Stadium, Bengaluru",Bengaluru,Punjab Kings,Royal Challengers Bengaluru,Royal Challengers Bengaluru,field,Punjab Kings,Punjab Kings,Royal Challengers Bengaluru,0.6153846153846154,0.8,0.2,0.4166666666666667,0,0.5157894736842106,0.5102040816326531,1594.9416941951422,1514.9143981496889,0,1,1
733993,2014-05-10,2014,"Arun Jaitley Stadium, Delhi",Delhi,Delhi Capitals,Sunrisers Hyderabad,Sunrisers Hyderabad,field,Sunrisers Hyderabad,Delhi Capitals,Sunrisers Hyderabad,0.0,0.2,0.6,0.47368421052631576,0,0.4536082474226804,0.5217391304347826,1385.4776111325878,1523.9465390319658,1,0,0
733995,2014-05-10,2014,"Wankhede Stadium, Mumbai",Mumbai,Mumbai Indians,Chennai Super Kings,Chennai Super Kings,field,Chennai Super Kings,Mumbai Indians,Chennai Super Kings,0.5625,0.4,0.8,0.5151515151515151,0,0.5686274509803921,0.6190476190476191,1560.3144965305487,1631.0569386229536,1,0,0
733997,2014-05-11,2014,Barabati Stadium,Cuttack,Punjab Kings,Kolkata Knight Riders,Kolkata Knight Riders,field,Kolkata Knight Riders,Punjab Kings,Kolkata Knight Riders,0.5,0.8,0.4,0.8,0,0.5208333333333334,0.4787234042553192,1607.3201233016998,1493.7164543951837,0,0,0
733999,2014-05-11,2014,"M Chinnaswamy Stadium, Bengaluru",Bengaluru,Royal Challengers Bengaluru,Rajasthan Royals,Royal Challengers Bengaluru,bat,Rajasthan Royals,Royal Challengers Bengaluru,Rajasthan Royals,0.5,0.2,0.6,0.43243243243243246,1,0.5050505050505051,0.5416666666666666,1502.5359690431312,1542.866661683096,1,0,0
734001,2014-05-12,2014,"Rajiv Gandhi International Stadium, Uppal, Hyderabad",Hyderabad,Sunrisers Hyderabad,Mumbai Indians,Sunrisers Hyderabad,bat,Mumbai Indians,Sunrisers Hyderabad,Mumbai Indians,0.6666666666666666,0.6,0.4,0.4,1,0.5416666666666666,0.5631067961165048,1533.8872775295022,1547.5280195732043,1,0,0
734003,2014-05-13,2014,JSCA International Stadium Complex,Ranchi,Rajasthan Royals,Chennai Super Kings,Rajasthan Royals,bat,Chennai Super Kings,Rajasthan Royals,Chennai Super Kings,0.35714285714285715,0.8,0.8,0.5,1,0.5463917525773195,0.6226415094339622,1557.0176621734183,1643.843415580298,0,0,0
734005,2014-05-13,2014,"M Chinnaswamy Stadium, Bengaluru",Bengaluru,Royal Challengers Bengaluru,Delhi Capitals,Delhi Capitals,field,Royal Challengers Bengaluru,Royal Challengers Bengaluru,Delhi Capitals,0.5454545454545454,0.2,0.2,0.42105263157894735,0,0.5,0.4489795918367347,1488.384968552809,1375.5368726350514,1,0,1
734007,2014-05-14,2014,"Rajiv Gandhi International Stadium, Uppal, Hyderabad",Hyderabad,Sunrisers Hyderabad,Punjab Kings,Punjab Kings,field,Punjab Kings,Sunrisers Hyderabad,Punjab Kings,0.6666666666666666,0.6,0.6,0.38461538461538464,0,0.52,0.5154639175257731,1518.515134346616,1586.2672841635558,1,0,0
734009,2014-05-14,2014,Barabati Stadium,Cuttack,Mumbai Indians,Kolkata Knight Riders,Kolkata Knight Riders,field,Kolkata Knight Riders,Mumbai Indians,Kolkata Knight Riders,0.7692307692307693,0.6,0.4,0.6666666666666666,0,0.5673076923076923,0.4842105263157895,1562.9001627560906,1514.7692935333278,0,0,0
734011,2014-05-15,2014,"Narendra Modi Stadium, Ahmedabad",Ahmedabad,Rajasthan Royals,Delhi Capitals,Delhi Capitals,field,Rajasthan Royals,Rajasthan Royals,Delhi Capitals,0.5384615384615384,0.6,0.0,0.6666666666666666,0,0.5408163265306123,0.4444444444444444,1544.9349260027711,1364.5583650609758,0,0,1
734013,2014-05-18,2014,JSCA International Stadium Complex,Ranchi,Chennai Super Kings,Royal Challengers Bengaluru,Chennai Super Kings,bat,Royal Challengers Bengaluru,Chennai Super Kings,Royal Challengers Bengaluru,0.5714285714285714,0.8,0.4,0.5,1,0.6261682242990654,0.504950495049505,1655.926151750945,1499.3634761268845,0,0,0
734015,2014-05-18,2014,"Rajiv Gandhi International Stadium, Uppal, Hyderabad",Hyderabad,Sunrisers Hyderabad,Kolkata Knight Riders,Sunrisers Hyderabad,bat,Kolkata Knight Riders,Sunrisers Hyderabad,Kolkata Knight Riders,0.5,0.4,0.6,0.37037037037037035,1,0.5,0.4895833333333333,1505.5962787527003,1532.9717309344674,1,0,0
734019,2014-05-19,2014,"Arun Jaitley Stadium, Delhi",Delhi,Delhi Capitals,Punjab Kings,Punjab Kings,field,Punjab Kings,Delhi Capitals,Punjab Kings,0.4166666666666667,0.0,0.6,0.46153846153846156,0,0.44,0.5204081632653061,1356.1912557352045,1599.1861397574714,1,0,0
734017,2014-05-19,2014,"Narendra Modi Stadium, Ahmedabad",Ahmedabad,Mumbai Indians,Rajasthan Royals,Mumbai Indians,bat,Mumbai Indians,Mumbai Indians,Rajasthan Royals,0.5833333333333334,0.6,0.6,0.7142857142857143,1,0.5619047619047619,0.5454545454545454,1544.697725354951,1553.3020353285424,0,0,1
734021,2014-05-20,2014,"Rajiv Gandhi International Stadium, Uppal, Hyderabad",Hyderabad,Royal Challengers Bengaluru,Sunrisers Hyderabad,Royal Challengers Bengaluru,bat,Sunrisers Hyderabad,Royal Challengers Bengaluru,Sunrisers Hyderabad,1.0,0.4,0.4,0.35714285714285715,1,0.5098039215686274,0.48148148148148145,1522.1220597015244,1490.8543624635572,0,1,0
734023,2014-05-20,2014,"Eden Gardens, Kolkata",Kolkata,Chennai Super Kings,Kolkata Knight Riders,Kolkata Knight Riders,field,Kolkata Knight Riders,Chennai Super Kings,Kolkata Knight Riders,0.6923076923076923,0.6,0.8,0.3611111111111111,0,0.6203703703703703,0.4948453608247423,1633.1675681763052,1547.7136472236105,0,1,0
734025,2014-05-21,2014,"Punjab Cricket Association IS Bindra Stadium, Mohali, Chandigarh",Chandigarh,Punjab Kings,Mumbai Indians,Mumbai Indians,field,Mumbai Indians,Punjab Kings,Mumbai Indians,0.5384615384615384,0.8,0.6,0.39285714285714285,0,0.5252525252525253,0.5660377358490566,1605.5223967980717,1561.093887485167,1,0,0
734027,2014-05-22,2014,"Eden Gardens, Kolkata",Kolkata,Kolkata Knight Riders,Royal Challengers Bengaluru,Royal Challengers Bengaluru,field,Kolkata Knight Riders,Kolkata Knight Riders,Royal Challengers Bengaluru,0.5384615384615384,1.0,0.4,0.35135135135135137,0,0.5,0.5048543689320388,1567.571465477543,1504.6860039160028,1,0,1
734029,2014-05-22,2014,JSCA International Stadium Complex,Ranchi,Chennai Super Kings,Sunrisers Hyderabad,Sunrisers Hyderabad,field,Sunrisers Hyderabad,Chennai Super Kings,Sunrisers Hyderabad,1.0,0.4,0.4,0.4,0,0.6146788990825688,0.5,1613.3097499223727,1508.2904182490788,0,0,0
734033,2014-05-23,2014,"Punjab Cricket Association IS Bindra Stadium, Mohali, Chandigarh",Chandigarh,Punjab Kings,Rajasthan Royals,Rajasthan Royals,field,Punjab Kings,Punjab Kings,Rajasthan Royals,0.3333333333333333,0.6,0.4,0.3793103448275862,0,0.52,0.54,1587.4874680807475,1536.9058731983264,1,0,1
734031,2014-05-23,2014,"Wankhede Stadium, Mumbai",Mumbai,Mumbai Indians,Delhi Capitals,Delhi Capitals,field,Mumbai Indians,Mumbai Indians,Delhi Capitals,0.46153846153846156,0.6,0.0,0.5,0,0.5700934579439252,0.43564356435643564,1579.1288162024912,1349.8549986946043,1,0,1
734037,2014-05-24,2014,"Eden Gardens, Kolkata",Kolkata,Sunrisers Hyderabad,Kolkata Knight Riders,Kolkata Knight Riders,field,Kolkata Knight Riders,Sunrisers Hyderabad,Kolkata Knight Riders,0.3333333333333333,0.4,1.0,0.3684210526315789,0,0.5172413793103449,0.5050505050505051,1528.984634842778,1580.7066986686973,0,1,0
734035,2014-05-24,2014,"M Chinnaswamy Stadium, Bengaluru",Bengaluru,Royal Challengers Bengaluru,Chennai Super Kings,Chennai Super Kings,field,Chennai Super Kings,Royal Challengers Bengaluru,Chennai Super Kings,0.4666666666666667,0.4,0.4,0.4358974358974359,0,0.5,0.6090909090909091,1491.5507707248485,1592.6155333286736,1,0,0
734039,2014-05-25,2014,"Punjab Cricket Association IS Bindra Stadium, Mohali, Chandigarh",Chandigarh,Delhi Capitals,Punjab Kings,Punjab Kings,field,Punjab Kings,Delhi Capitals,Punjab Kings,0.38461538461538464,0.0,0.6,0.4,0,0.43137254901960786,0.5247524752475248,1343.1077813864174,1601.1744183192147,0,1,0
734041,2014-05-25,2014,"Wankhede Stadium, Mumbai",Mumbai,Rajasthan Royals,Mumbai Indians,Mumbai Indians,field,Mumbai Indians,Rajasthan Royals,Mumbai Indians,0.38461538461538464,0.4,0.8,0.5142857142857142,0,0.5346534653465347,0.5740740740740741,1523.2189229598591,1585.876033510678,0,1,0
734043,2014-05-27,2014,"Eden Gardens, Kolkata",Kolkata,Kolkata Knight Riders,Punjab Kings,Punjab Kings,field,Kolkata Knight Riders,Kolkata Knight Riders,Punjab Kings,0.5384615384615384,1.0,0.8,0.358974358974359,0,0.51,0.5294117647058824,1594.3422505846404,1607.0813124162814,1,0,1
734045,2014-05-28,2014,"Brabourne Stadium, Mumbai",Mumbai,Mumbai Indians,Chennai Super Kings,Chennai Super Kings,field,Chennai Super Kings,Mumbai Indians,Chennai Super Kings,0.5294117647058824,0.8,0.4,0.42857142857142855,0,0.5779816513761468,0.6126126126126126,1599.021446728915,1604.088305951466,1,0,0
734047,2014-05-30,2014,"Wankhede Stadium, Mumbai",Mumbai,Punjab Kings,Chennai Super Kings,Chennai Super Kings,field,Punjab Kings,Punjab Kings,Chennai Super Kings,0.38461538461538464,0.6,0.4,0.5,0,0.5242718446601942,0.6160714285714286,1590.4949196960747,1619.854985001941,0,0,1
734049,2014-06-01,2014,"M Chinnaswamy Stadium, Bengaluru",Bengaluru,Punjab Kings,Kolkata Knight Riders,Kolkata Knight Riders,field,Kolkata Knight Riders,Punjab Kings,Kolkata Knight Riders,0.42857142857142855,0.6,1.0,0.425,0,0.5288461538461539,0.5148514851485149,1607.8437913860735,1610.9286433048471,0,0,0
829705,2015-04-08,2015,"Eden Gardens, Kolkata",Kolkata,Mumbai Indians,Kolkata Knight Riders,Kolkata Knight Riders,field,Kolkata Knight Riders,Mumbai Indians,Kolkata Knight Riders,0.7142857142857143,0.8,1.0,0.375,0,0.5727272727272728,0.5196078431372549,1583.25476767844,1626.786584357063,0,1,0
829707,2015-04-09,2015,"MA Chidambaram Stadium, Chepauk, Chennai",Chennai,Chennai Super Kings,Delhi Capitals,Delhi Capitals,field,Chennai Super Kings,Chennai Super Kings,Delhi Capitals,0.7142857142857143,0.4,0.0,0.6,0,0.6106194690265486,0.42718446601941745,1602.5061133119425,1337.2008872893507,1,0,1
829709,2015-04-10,2015,"Maharashtra Cricket Association Stadium, Pune",Pune,Rajasthan Royals,Punjab Kings,Punjab Kings,field,Rajasthan Royals,Rajasthan Royals,Punjab Kings,0.6153846153846154,0.2,0.6,0.6470588235294118,0,0.5294117647058824,0.5238095238095238,1510.0735097416223,1591.9858503338576,0,0,1
829711,2015-04-11,2015,"MA Chidambaram Stadium, Chepauk, Chennai",Chennai,Chennai Super Kings,Sunrisers Hyderabad,Chennai Super Kings,bat,Chennai Super Kings,Chennai Super Kings,Sunrisers Hyderabad,0.75,0.6,0.4,0.6097560975609756,1,0.6140350877192983,0.5,1608.214940479138,1515.3490829268349,1,0,1
829713,2015-04-11,2015,"Eden Gardens, Kolkata",Kolkata,Kolkata Knight Riders,Royal Challengers Bengaluru,Royal Challengers Bengaluru,field,Royal Challengers Bengaluru,Kolkata Knight Riders,Royal Challengers Bengaluru,0.5714285714285714,1.0,0.4,0.36585365853658536,0,0.5242718446601942,0.49523809523809526,1640.7922951552937,1480.077998102056,1,0,0
829715,2015-04-12,2015,"Arun Jaitley Stadium, Delhi",Delhi,Delhi Capitals,Rajasthan Royals,Rajasthan Royals,field,Rajasthan Royals,Delhi Capitals,Rajasthan Royals,0.42857142857142855,0.0,0.4,0.45,0,0.4230769230769231,0.5339805825242718,1331.4920601221552,1529.7773407609745,1,0,0
829717,2015-04-12,2015,"Wankhede Stadium, Mumbai",Mumbai,Punjab Kings,Mumbai Indians,Mumbai Indians,field,Punjab Kings,Punjab Kings,Mumbai Indians,0.5,0.4,0.6,0.5135135135135135,0,0.5188679245283019,0.5675675675675675,1572.2820193145053,1569.2490568802093,0,1,1
829719,2015-04-13,2015,"M Chinnaswamy Stadium, Bengaluru",Bengaluru,Royal Challengers Bengaluru,Sunrisers Hyderabad,Sunrisers Hyderabad,field,Sunrisers Hyderabad,Royal Challengers Bengaluru,Sunrisers Hyderabad,0.6666666666666666,0.4,0.4,0.4146341463414634,0,0.5,0.4838709677419355,1502.992860476033,1503.5266963969684,1,0,0
829721,2015-04-14,2015,"Narendra Modi Stadium, Ahmedabad",Ahmedabad,Mumbai Indians,Rajasthan Royals,Mumbai Indians,bat,Rajasthan Royals,Mumbai Indians,Rajasthan Royals,0.6428571428571429,0.4,0.4,0.75,1,0.5625,0.5384615384615384,1553.3887264141486,1537.5232417927286,0,0,0
829725,2015-04-15,2015,"Maharashtra Cricket Association Stadium, Pune",Pune,Punjab Kings,Delhi Capitals,Punjab Kings,bat,Delhi Capitals,Punjab Kings,Delhi Capitals,0.6428571428571429,0.4,0.0,0.6666666666666666,1,0.5233644859813084,0.41904761904761906,1588.142349780566,1323.746159090401,0,0,0
829727,2015-04-16,2015,"Dr. Y.S. Rajasekhara Reddy ACA-VDCA Cricket Stadium, Visakhapatnam",Visakhapatnam,Sunrisers Hyderabad,Rajasthan Royals,Rajasthan Royals,field,Rajasthan Royals,Sunrisers Hyderabad,Rajasthan Royals,0.4,0.6,0.6,0.5,0,0.5,0.5428571428571428,1519.5021123636418,1554.2533669331456,0,0,0
829729,2015-04-17,2015,"Wankhede Stadium, Mumbai",Mumbai,Mumbai Indians,Chennai Super Kings,Mumbai Indians,bat,Chennai Super Kings,Mumbai Indians,Chennai Super Kings,0.5,0.2,0.8,0.5263157894736842,1,0.5575221238938053,0.6173913043478261,1536.6586012737316,1620.0373270090045,1,0,0
829731,2015-04-18,2015,"Dr. Y.S. Rajasekhara Reddy ACA-VDCA Cricket Stadium, Visakhapatnam",Visakhapatnam,Delhi Capitals,Sunrisers Hyderabad,Delhi Capitals,bat,Delhi Capitals,Delhi Capitals,Sunrisers Hyderabad,0.0,0.2,0.4,0.5,1,0.42452830188679247,0.48484848484848486,1350.0127467187976,1505.0971511709056,0,0,1
829733,2015-04-18,2015,"Maharashtra Cricket Association Stadium, Pune",Pune,Punjab Kings,Kolkata Knight Riders,Kolkata Knight Riders,field,Kolkata Knight Riders,Punjab Kings,Kolkata Knight Riders,0.4,0.4,0.8,0.631578947368421,0,0.5185185185185185,0.5192307692307693,1561.8757621521695,1617.8774327813167,0,0,0
829735,2015-04-19,2015,"Narendra Modi Stadium, Ahmedabad",Ahmedabad,Chennai Super Kings,Rajasthan Royals,Chennai Super Kings,bat,Rajasthan Royals,Chennai Super Kings,Rajasthan Royals,0.6666666666666666,0.8,0.8,0.6666666666666666,1,0.6206896551724138,0.5471698113207547,1632.2696479477036,1568.6583281258818,0,0,0
829737,2015-04-19,2015,"M Chinnaswamy Stadium, Bengaluru",Bengaluru,Mumbai Indians,Royal Challengers Bengaluru,Royal Challengers Bengaluru,field,Mumbai Indians,Mumbai Indians,Royal Challengers Bengaluru,0.5333333333333333,0.0,0.2,0.40476190476190477,0,0.5526315789473685,0.4953271028037383,1524.4262803350325,1487.0174445093596,0,1,1
829739,2015-04-20,2015,"Arun Jaitley Stadium, Delhi",Delhi,Delhi Capitals,Kolkata Knight Riders,Kolkata Knight Riders,field,Kolkata Knight Riders,Delhi Capitals,Kolkata Knight Riders,0.46153846153846156,0.4,0.8,0.43902439024390244,0,0.42990654205607476,0.5238095238095238,1372.7153000871128,1631.3205654792182,1,0,0
829743,2015-04-22,2015,"Dr. Y.S. Rajasekhara Reddy ACA-VDCA Cricket Stadium, Visakhapatnam",Visakhapatnam,Sunrisers Hyderabad,Kolkata Knight Riders,Kolkata Knight Riders,field,Sunrisers Hyderabad,Sunrisers Hyderabad,Kolkata Knight Riders,0.25,0.2,0.8,0.5,0,0.47058823529411764,0.5283018867924528,1482.3945978025904,1637.2125400471994,0,0,1
829745,2015-04-22,2015,"M Chinnaswamy Stadium, Bengaluru",Bengaluru,Chennai Super Kings,Royal Challengers Bengaluru,Royal Challengers Bengaluru,field,Chennai Super Kings,Chennai Super Kings,Royal Challengers Bengaluru,0.5625,0.6,0.2,0.4186046511627907,0,0.6153846153846154,0.49074074074074076,1613.3725378845568,1472.7335584867221,0,1,1
829747,2015-04-23,2015,"Arun Jaitley Stadium, Delhi",Delhi,Delhi Capitals,Mumbai Indians,Mumbai Indians,field,Delhi Capitals,Delhi Capitals,Mumbai Indians,0.5,0.4,0.2,0.42857142857142855,0,0.42592592592592593,0.5565217391304348,1366.8233255191317,1538.71016635767,1,0,1
829749,2015-04-24,2015,"Narendra Modi Stadium, Ahmedabad",Ahmedabad,Rajasthan Royals,Royal Challengers Bengaluru,Royal Challengers Bengaluru,field,Royal Challengers Bengaluru,Rajasthan Royals,Royal Challengers Bengaluru,0.5384615384615384,1.0,0.2,0.6,0,0.5514018691588785,0.48623853211009177,1587.5554381890286,1462.878219168713,0,0,0
829751,2015-04-25,2015,"Wankhede Stadium, Mumbai",Mumbai,Mumbai Indians,Sunrisers Hyderabad,Mumbai Indians,bat,Mumbai Indians,Mumbai Indians,Sunrisers Hyderabad,0.5,0.2,0.4,0.5128205128205128,1,0.5517241379310345,0.4857142857142857,1515.3827651649526,1505.087030269208,1,0,1
829753,2015-04-25,2015,"MA Chidambaram Stadium, Chepauk, Chennai",Chennai,Chennai Super Kings,Punjab Kings,Chennai Super Kings,bat,Chennai Super Kings,Chennai Super Kings,Punjab Kings,0.5714285714285714,0.8,0.2,0.6190476190476191,1,0.6186440677966102,0.5137614678899083,1623.2278772025659,1548.432629454268,1,0,1
829757,2015-04-26,2015,"Arun Jaitley Stadium, Delhi",Delhi,Delhi Capitals,Royal Challengers Bengaluru,Royal Challengers Bengaluru,field,Royal Challengers Bengaluru,Delhi Capitals,Royal Challengers Bengaluru,0.4166666666666667,0.6,0.4,0.4418604651162791,0,0.43119266055045874,0.4909090909090909,1390.150726711849,1484.3854284053796,1,0,0
829759,2015-04-27,2015,"Punjab Cricket Association IS Bindra Stadium, Mohali, Chandigarh",Chandigarh,Sunrisers Hyderabad,Punjab Kings,Punjab Kings,field,Sunrisers Hyderabad,Sunrisers Hyderabad,Punjab Kings,0.5,0.4,0.2,0.3870967741935484,0,0.4722222222222222,0.509090909090909,1489.5610276450757,1535.8248355888295,0,1,1
829765,2015-04-28,2015,"MA Chidambaram Stadium, Chepauk, Chennai",Chennai,Chennai Super Kings,Kolkata Knight Riders,Kolkata Knight Riders,field,Chennai Super Kings,Chennai Super Kings,Kolkata Knight Riders,0.6428571428571429,0.8,0.6,0.627906976744186,0,0.6218487394957983,0.5233644859813084,1635.8356710680043,1614.5201075805817,1,0,1
829723,2015-04-30,2015,"Eden Gardens, Kolkata",Kolkata,Chennai Super Kings,Kolkata Knight Riders,Kolkata Knight Riders,field,Kolkata Knight Riders,Chennai Super Kings,Kolkata Knight Riders,0.6666666666666666,0.8,0.4,0.35714285714285715,0,0.625,0.5185185185185185,1650.8552828322408,1599.5004958163452,0,1,0
829769,2015-05-01,2015,"Wankhede Stadium, Mumbai",Mumbai,Mumbai Indians,Rajasthan Royals,Rajasthan Royals,field,Mumbai Indians,Mumbai Indians,Rajasthan Royals,0.6,0.4,0.8,0.525,0,0.5555555555555556,0.5462962962962963,1530.908767789085,1566.048228952362,1,0,1
829767,2015-05-01,2015,"Arun Jaitley Stadium, Delhi",Delhi,Punjab Kings,Delhi Capitals,Delhi Capitals,field,Delhi Capitals,Punjab Kings,Delhi Capitals,0.6,0.2,0.6,0.4318181818181818,0,0.5045045045045045,0.42727272727272725,1517.7068119782539,1378.3870196138148,0,1,0
829771,2015-05-02,2015,"M Chinnaswamy Stadium, Bengaluru",Bengaluru,Kolkata Knight Riders,Royal Challengers Bengaluru,Royal Challengers Bengaluru,field,Royal Challengers Bengaluru,Kolkata Knight Riders,Royal Challengers Bengaluru,0.5333333333333333,0.6,0.4,0.4318181818181818,0,0.5229357798165137,0.4954954954954955,1617.8483969670892,1496.1491355034138,0,1,0
829773,2015-05-02,2015,"Rajiv Gandhi International Stadium, Uppal, Hyderabad",Hyderabad,Sunrisers Hyderabad,Chennai Super Kings,Chennai Super Kings,field,Sunrisers Hyderabad,Sunrisers Hyderabad,Chennai Super Kings,0.2,0.4,0.6,0.3448275862068966,0,0.4864864864864865,0.6198347107438017,1507.6790512556513,1632.5073816814968,1,0,1
829775,2015-05-03,2015,"Punjab Cricket Association IS Bindra Stadium, Mohali, Chandigarh",Chandigarh,Mumbai Indians,Punjab Kings,Mumbai Indians,bat,Mumbai Indians,Mumbai Indians,Punjab Kings,0.4666666666666667,0.6,0.0,0.40625,1,0.559322033898305,0.5,1548.521504523171,1495.6140174872048,0,1,1
829777,2015-05-03,2015,"Brabourne Stadium, Mumbai",Mumbai,Rajasthan Royals,Delhi Capitals,Delhi Capitals,field,Rajasthan Royals,Rajasthan Royals,Delhi Capitals,0.6,0.6,0.6,0.375,0,0.5412844036697247,0.43243243243243246,1548.435492218276,1400.4798141048639,0,0,1
829779,2015-05-04,2015,"MA Chidambaram Stadium, Chepauk, Chennai",Chennai,Chennai Super Kings,Royal Challengers Bengaluru,Chennai Super Kings,bat,Chennai Super Kings,Chennai Super Kings,Royal Challengers Bengaluru,0.5882352941176471,0.6,0.6,0.6363636363636364,1,0.6147540983606558,0.5,1610.994038879453,1517.5350975196827,1,0,1
829781,2015-05-04,2015,"Eden Gardens, Kolkata",Kolkata,Kolkata Knight Riders,Sunrisers Hyderabad,Sunrisers Hyderabad,field,Kolkata Knight Riders,Kolkata Knight Riders,Sunrisers Hyderabad,0.6,0.4,0.6,0.3488372093023256,0,0.5181818181818182,0.5,1596.4624349508204,1529.192394057695,1,0,1
829783,2015-05-05,2015,"Wankhede Stadium, Mumbai",Mumbai,Delhi Capitals,Mumbai Indians,Delhi Capitals,bat,Mumbai Indians,Delhi Capitals,Mumbai Indians,0.5333333333333333,0.4,0.8,0.5365853658536586,1,0.42857142857142855,0.5630252100840336,1390.9093794498092,1562.1036849716734,0,1,0
829785,2015-05-06,2015,"M Chinnaswamy Stadium, Bengaluru",Bengaluru,Royal Challengers Bengaluru,Punjab Kings,Punjab Kings,field,Royal Challengers Bengaluru,Royal Challengers Bengaluru,Punjab Kings,0.35714285714285715,0.6,0.0,0.4222222222222222,0,0.49557522123893805,0.49557522123893805,1505.7381501512796,1482.0318370387024,1,0,1
829761,2015-05-07,2015,"Eden Gardens, Kolkata",Kolkata,Kolkata Knight Riders,Delhi Capitals,Kolkata Knight Riders,bat,Kolkata Knight Riders,Kolkata Knight Riders,Delhi Capitals,0.5714285714285714,0.4,0.4,0.36363636363636365,1,0.5225225225225225,0.4247787610619469,1609.4026748496683,1382.2115540083576,1,0,1
829787,2015-05-07,2015,"Brabourne Stadium, Mumbai",Mumbai,Sunrisers Hyderabad,Rajasthan Royals,Rajasthan Royals,field,Sunrisers Hyderabad,Sunrisers Hyderabad,Rajasthan Royals,0.3333333333333333,0.6,0.6,0.4444444444444444,0,0.48717948717948717,0.5454545454545454,1516.2521541588471,1558.0059268733307,0,0,1
829789,2015-05-08,2015,"MA Chidambaram Stadium, Chepauk, Chennai",Chennai,Chennai Super Kings,Mumbai Indians,Chennai Super Kings,bat,Mumbai Indians,Chennai Super Kings,Mumbai Indians,0.5263157894736842,0.6,0.8,0.6444444444444445,1,0.6178861788617886,0.5666666666666667,1622.7909862478562,1570.801510413125,1,0,0
829791,2015-05-09,2015,"Eden Gardens, Kolkata",Kolkata,Punjab Kings,Kolkata Knight Riders,Punjab Kings,bat,Kolkata Knight Riders,Punjab Kings,Kolkata Knight Riders,0.375,0.0,0.6,0.37777777777777777,1,0.49122807017543857,0.5267857142857143,1467.1218620389825,1616.2139494538774,0,1,0
829793,2015-05-09,2015,Shaheed Veer Narayan Singh International Stadium,Raipur,Sunrisers Hyderabad,Delhi Capitals,Sunrisers Hyderabad,bat,Sunrisers Hyderabad,Sunrisers Hyderabad,Delhi Capitals,0.8,0.6,0.2,0.5,1,0.5,0.42105263157894735,1534.165782772271,1375.4002794041485,0,0,1
829795,2015-05-10,2015,"Wankhede Stadium, Mumbai",Mumbai,Royal Challengers Bengaluru,Mumbai Indians,Royal Challengers Bengaluru,bat,Royal Challengers Bengaluru,Royal Challengers Bengaluru,Mumbai Indians,0.4375,0.8,1.0,0.5238095238095238,1,0.5,0.5702479338842975,1520.6481251509995,1589.178002968662,0,1,1
829797,2015-05-10,2015,"MA Chidambaram Stadium, Chepauk, Chennai",Chennai,Chennai Super Kings,Rajasthan Royals,Chennai Super Kings,bat,Chennai Super Kings,Chennai Super Kings,Rajasthan Royals,0.625,0.4,0.4,0.6304347826086957,1,0.6129032258064516,0.5405405405405406,1604.4144936923192,1540.0922982599068,1,0,1
829799,2015-05-11,2015,"Rajiv Gandhi International Stadium, Uppal, Hyderabad",Hyderabad,Sunrisers Hyderabad,Punjab Kings,Sunrisers Hyderabad,bat,Sunrisers Hyderabad,Sunrisers Hyderabad,Punjab Kings,0.6,0.8,0.0,0.36666666666666664,1,0.5121951219512195,0.48695652173913045,1543.32407974917,1457.5952522923578,1,0,1
829801,2015-05-12,2015,Shaheed Veer Narayan Singh International Stadium,Raipur,Chennai Super Kings,Delhi Capitals,Chennai Super Kings,bat,Delhi Capitals,Chennai Super Kings,Delhi Capitals,0.7333333333333333,0.4,0.2,0.5,1,0.616,0.41739130434782606,1617.4857316883108,1366.2419824272495,0,0,0
829803,2015-05-13,2015,"Punjab Cricket Association IS Bindra Stadium, Mohali, Chandigarh",Chandigarh,Punjab Kings,Royal Challengers Bengaluru,Royal Challengers Bengaluru,field,Punjab Kings,Punjab Kings,Royal Challengers Bengaluru,0.6,0.0,0.8,0.42424242424242425,0,0.4827586206896552,0.5043478260869565,1445.4649921877813,1539.7637421555887,1,0,1
829805,2015-05-14,2015,"Wankhede Stadium, Mumbai",Mumbai,Mumbai Indians,Kolkata Knight Riders,Kolkata Knight Riders,field,Mumbai Indians,Mumbai Indians,Kolkata Knight Riders,0.6666666666666666,0.8,0.8,0.5348837209302325,0,0.5655737704918032,0.5309734513274337,1570.0623859640727,1625.740559200502,1,0,1
829807,2015-05-15,2015,"Rajiv Gandhi International Stadium, Uppal, Hyderabad",Hyderabad,Sunrisers Hyderabad,Royal Challengers Bengaluru,Sunrisers Hyderabad,bat,Royal Challengers Bengaluru,Sunrisers Hyderabad,Royal Challengers Bengaluru,0.5,0.8,0.6,0.3870967741935484,1,0.5238095238095238,0.5,1555.4543398537467,1519.5247066243369,1,0,0
829809,2015-05-16,2015,"Punjab Cricket Association IS Bindra Stadium, Mohali, Chandigarh",Chandigarh,Punjab Kings,Chennai Super Kings,Punjab Kings,bat,Chennai Super Kings,Punjab Kings,Chennai Super Kings,0.4,0.2,0.4,0.4411764705882353,1,0.48717948717948717,0.6111111111111112,1465.704027719033,1591.5841466044083,1,0,0
829811,2015-05-16,2015,"Brabourne Stadium, Mumbai",Mumbai,Rajasthan Royals,Kolkata Knight Riders,Rajasthan Royals,bat,Rajasthan Royals,Rajasthan Royals,Kolkata Knight Riders,0.5,0.2,0.6,0.5,1,0.5357142857142857,0.5263157894736842,1527.0210602639152,1607.1982112141957,0,0,1
829815,2015-05-17,2015,"Rajiv Gandhi International Stadium, Uppal, Hyderabad",Hyderabad,Sunrisers Hyderabad,Mumbai Indians,Sunrisers Hyderabad,bat,Mumbai Indians,Sunrisers Hyderabad,Mumbai Indians,0.4,0.6,0.8,0.375,1,0.5116279069767442,0.5691056910569106,1537.8055923726226,1588.604733950379,1,0,0
829817,2015-05-19,2015,"Wankhede Stadium, Mumbai",Mumbai,Mumbai Indians,Chennai Super Kings,Mumbai Indians,bat,Mumbai Indians,Mumbai Indians,Chennai Super Kings,0.5,0.8,0.6,0.5454545454545454,1,0.5725806451612904,0.6141732283464567,1602.281876059012,1602.0281630397412,1,0,1
829819,2015-05-20,2015,"Maharashtra Cricket Association Stadium, Pune",Pune,Royal Challengers Bengaluru,Rajasthan Royals,Royal Challengers Bengaluru,bat,Royal Challengers Bengaluru,Royal Challengers Bengaluru,Rajasthan Royals,0.5,0.6,0.4,0.6,1,0.5042735042735043,0.5398230088495575,1537.173454105461,1546.6491780250574,0,0,1
829821,2015-05-22,2015,JSCA International Stadium Complex,Ranchi,Royal Challengers Bengaluru,Chennai Super Kings,Chennai Super Kings,field,Chennai Super Kings,Royal Challengers Bengaluru,Chennai Super Kings,0.3888888888888889,0.8,0.4,0.3333333333333333,0,0.5084745762711864,0.609375,1553.6097191540407,1586.0398469539857,0,0,0
829823,2015-05-24,2015,"Eden Gardens, Kolkata",Kolkata,Mumbai Indians,Chennai Super Kings,Chennai Super Kings,field,Mumbai Indians,Mumbai Indians,Chennai Super Kings,0.5238095238095238,0.8,0.6,0.3695652173913043,0,0.576,0.6124031007751938,1618.2701921447674,1600.5507066380867,0,0,1
980901,2016-04-09,2016,"Wankhede Stadium, Mumbai",Mumbai,Mumbai Indians,Rising Pune Supergiants,Mumbai Indians,bat,Rising Pune Supergiants,Mumbai Indians,Rising Pune Supergiants,0.5,0.8,0.5,0.5555555555555556,1,0.5793650793650794,0.5,1633.4548864501858,1500.0,1,0,0
980903,2016-04-10,2016,"Eden Gardens, Kolkata",Kolkata,Delhi Capitals,Kolkata Knight Riders,Kolkata Knight Riders,field,Kolkata Knight Riders,Delhi Capitals,Kolkata Knight Riders,0.4,0.2,0.6,0.3829787234042553,0,0.4224137931034483,0.5217391304347826,1392.143567511152,1587.5700934530535,0,1,0
980905,2016-04-11,2016,"Punjab Cricket Association IS Bindra Stadium, Mohali, Chandigarh",Chandigarh,Punjab Kings,Gujarat Lions,Gujarat Lions,field,Gujarat Lions,Punjab Kings,Gujarat Lions,0.5,0.2,0.5,0.42857142857142855,0,0.4830508474576271,0.5,1455.2600112837001,1500.0,1,0,0
980907,2016-04-12,2016,"M Chinnaswamy Stadium, Bengaluru",Bengaluru,Royal Challengers Bengaluru,Sunrisers Hyderabad,Sunrisers Hyderabad,field,Royal Challengers Bengaluru,Royal Challengers Bengaluru,Sunrisers Hyderabad,0.6,0.6,0.6,0.43478260869565216,0,0.5042016806722689,0.5,1539.0988594699397,1524.1284502639899,1,0,1
980909,2016-04-13,2016,"Eden Gardens, Kolkata",Kolkata,Kolkata Knight Riders,Mumbai Indians,Mumbai Indians,field,Mumbai Indians,Kolkata Knight Riders,Mumbai Indians,0.3125,0.6,0.8,0.375,0,0.5258620689655172,0.5748031496062992,1595.4130180552745,1611.5944874952295,1,0,0
980911,2016-04-14,2016,Saurashtra Cricket Association Stadium,Rajkot,Rising Pune Supergiants,Gujarat Lions,Rising Pune Supergiants,bat,Gujarat Lions,Rising Pune Supergiants,Gujarat Lions,0.5,1.0,1.0,0.5,1,0.5,0.5,1521.8603989549563,1513.9509607630202,0,1,0
980913,2016-04-15,2016,"Arun Jaitley Stadium, Delhi",Delhi,Punjab Kings,Delhi Capitals,Delhi Capitals,field,Delhi Capitals,Punjab Kings,Delhi Capitals,0.5625,0.2,0.2,0.4222222222222222,0,0.4789915966386555,0.4188034188034188,1441.3090505206799,1384.300642908931,0,1,0
980917,2016-04-16,2016,"Wankhede Stadium, Mumbai",Mumbai,Mumbai Indians,Gujarat Lions,Gujarat Lions,field,Gujarat Lions,Mumbai Indians,Gujarat Lions,0.5,0.8,1.0,0.5434782608695652,0,0.578125,0.5,1626.8498416244688,1530.3151409420745,1,0,0
980915,2016-04-16,2016,"Rajiv Gandhi International Stadium, Uppal, Hyderabad",Hyderabad,Sunrisers Hyderabad,Kolkata Knight Riders,Sunrisers Hyderabad,bat,Kolkata Knight Riders,Sunrisers Hyderabad,Kolkata Knight Riders,0.3333333333333333,0.4,0.4,0.36363636363636365,1,0.4888888888888889,0.5213675213675214,1508.8174367470679,1580.1576639260352,1,0,0
980919,2016-04-17,2016,"Punjab Cricket Association IS Bindra Stadium, Mohali, Chandigarh",Chandigarh,Rising Pune Supergiants,Punjab Kings,Rising Pune Supergiants,bat,Punjab Kings,Rising Pune Supergiants,Punjab Kings,0.5,0.5,0.2,0.4166666666666667,1,0.5,0.475,1505.496218775902,1422.7070262665873,0,1,0
980921,2016-04-17,2016,"M Chinnaswamy Stadium, Bengaluru",Bengaluru,Royal Challengers Bengaluru,Delhi Capitals,Delhi Capitals,field,Delhi Capitals,Royal Challengers Bengaluru,Delhi Capitals,0.6153846153846154,0.6,0.4,0.44680851063829785,0,0.5083333333333333,0.423728813559322,1554.4098729868617,1402.9026671630236,1,0,0
980923,2016-04-18,2016,"Rajiv Gandhi International Stadium, Uppal, Hyderabad",Hyderabad,Mumbai Indians,Sunrisers Hyderabad,Sunrisers Hyderabad,field,Sunrisers Hyderabad,Mumbai Indians,Sunrisers Hyderabad,0.6666666666666666,0.6,0.2,0.35294117647058826,0,0.5736434108527132,0.4782608695652174,1606.5152287726535,1496.0573691706447,0,1,0
980925,2016-04-19,2016,"Punjab Cricket Association IS Bindra Stadium, Mohali, Chandigarh",Chandigarh,Punjab Kings,Kolkata Knight Riders,Kolkata Knight Riders,field,Kolkata Knight Riders,Punjab Kings,Kolkata Knight Riders,0.35294117647058826,0.4,0.4,0.40540540540540543,0,0.4793388429752066,0.5254237288135594,1442.4490515280866,1592.9177315024583,1,0,0
980927,2016-04-20,2016,"Wankhede Stadium, Mumbai",Mumbai,Royal Challengers Bengaluru,Mumbai Indians,Mumbai Indians,field,Mumbai Indians,Royal Challengers Bengaluru,Mumbai Indians,0.47058823529411764,0.6,0.4,0.5319148936170213,0,0.5041322314049587,0.5692307692307692,1531.843730484666,1585.5931818747085,0,1,0
980929,2016-04-21,2016,Saurashtra Cricket Association Stadium,Rajkot,Gujarat Lions,Sunrisers Hyderabad,Sunrisers Hyderabad,field,Sunrisers Hyderabad,Gujarat Lions,Sunrisers Hyderabad,0.5,1.0,0.2,0.5,0,0.5,0.48936170212765956,1550.6497537938899,1516.9794160685897,1,0,0
980931,2016-04-22,2016,"Maharashtra Cricket Association Stadium, Pune",Pune,Royal Challengers Bengaluru,Rising Pune Supergiants,Rising Pune Supergiants,field,Royal Challengers Bengaluru,Royal Challengers Bengaluru,Rising Pune Supergiants,0.5,0.4,0.3333333333333333,0.6190476190476191,0,0.5,0.5,1518.2994245679686,1485.7541935144027,0,1,1
980933,2016-04-23,2016,"Arun Jaitley Stadium, Delhi",Delhi,Delhi Capitals,Mumbai Indians,Mumbai Indians,field,Delhi Capitals,Delhi Capitals,Mumbai Indians,0.5,0.6,0.4,0.41304347826086957,0,0.42857142857142855,0.5725190839694656,1425.4688096652194,1599.1374877914059,1,0,1
980935,2016-04-23,2016,"Rajiv Gandhi International Stadium, Uppal, Hyderabad",Hyderabad,Punjab Kings,Sunrisers Hyderabad,Sunrisers Hyderabad,field,Sunrisers Hyderabad,Punjab Kings,Sunrisers Hyderabad,0.3333333333333333,0.2,0.4,0.34285714285714286,0,0.47540983606557374,0.5,1432.9753740131239,1534.5251563832321,0,1,0
980937,2016-04-24,2016,Saurashtra Cricket Association Stadium,Rajkot,Royal Challengers Bengaluru,Gujarat Lions,Royal Challengers Bengaluru,bat,Gujarat Lions,Royal Challengers Bengaluru,Gujarat Lions,0.5,0.4,0.75,0.5,1,0.5040650406504065,0.5,1532.805029629618,1533.1040134792474,0,1,0
980939,2016-04-24,2016,"Maharashtra Cricket Association Stadium, Pune",Pune,Rising Pune Supergiants,Kolkata Knight Riders,Kolkata Knight Riders,field,Kolkata Knight Riders,Rising Pune Supergiants,Kolkata Knight Riders,0.5,0.25,0.6,0.6363636363636364,0,0.5,0.5294117647058824,1471.2485884527532,1602.391409017421,1,0,0
980941,2016-04-25,2016,"Punjab Cricket Association IS Bindra Stadium, Mohali, Chandigarh",Chandigarh,Mumbai Indians,Punjab Kings,Punjab Kings,field,Mumbai Indians,Mumbai Indians,Punjab Kings,0.5,0.4,0.2,0.39473684210526316,0,0.5681818181818182,0.4715447154471545,1575.745392188783,1421.5231409931798,0,1,1
980943,2016-04-26,2016,"Rajiv Gandhi International Stadium, Uppal, Hyderabad",Hyderabad,Sunrisers Hyderabad,Rising Pune Supergiants,Rising Pune Supergiants,field,Rising Pune Supergiants,Sunrisers Hyderabad,Rising Pune Supergiants,0.5,0.6,0.2,0.3333333333333333,0,0.5102040816326531,0.2,1545.9773894031762,1461.016573293238,1,0,0
980945,2016-04-27,2016,"Arun Jaitley Stadium, Delhi",Delhi,Gujarat Lions,Delhi Capitals,Delhi Capitals,field,Gujarat Lions,Gujarat Lions,Delhi Capitals,0.5,0.8,0.8,0.425531914893617,0,0.8,0.43333333333333335,1549.0902447675421,1448.8609052678423,0,1,1
980947,2016-04-28,2016,"Wankhede Stadium, Mumbai",Mumbai,Kolkata Knight Riders,Mumbai Indians,Mumbai Indians,field,Mumbai Indians,Kolkata Knight Riders,Mumbai Indians,0.29411764705882354,0.8,0.4,0.5208333333333334,0,0.5333333333333333,0.5714285714285714,1612.6234241769362,1585.0756090428986,0,1,0
980949,2016-04-29,2016,"Maharashtra Cricket Association Stadium, Pune",Pune,Rising Pune Supergiants,Gujarat Lions,Gujarat Lions,field,Gujarat Lions,Rising Pune Supergiants,Gujarat Lions,0.0,0.2,0.8,0.6086956521739131,0,0.3333333333333333,0.8333333333333334,1480.852996088603,1560.5984338889857,1,0,0
980953,2016-04-30,2016,"Rajiv Gandhi International Stadium, Uppal, Hyderabad",Hyderabad,Sunrisers Hyderabad,Royal Challengers Bengaluru,Royal Challengers Bengaluru,field,Sunrisers Hyderabad,Sunrisers Hyderabad,Royal Challengers Bengaluru,0.3333333333333333,0.6,0.4,0.32432432432432434,0,0.5,0.5,1526.1409666078112,1516.8187983413234,1,0,1
980951,2016-04-30,2016,"Arun Jaitley Stadium, Delhi",Delhi,Delhi Capitals,Kolkata Knight Riders,Kolkata Knight Riders,field,Delhi Capitals,Delhi Capitals,Kolkata Knight Riders,0.375,0.6,0.6,0.4375,0,0.4297520661157025,0.5289256198347108,1437.3527161463987,1595.3574522430954,1,0,1
980955,2016-05-01,2016,Saurashtra Cricket Association Stadium,Rajkot,Punjab Kings,Gujarat Lions,Gujarat Lions,field,Punjab Kings,Punjab Kings,Gujarat Lions,0.0,0.2,0.8,0.5,0,0.46774193548387094,0.8571428571428571,1412.1929241390642,1572.9891802930083,0,1,1
980957,2016-05-01,2016,"Maharashtra Cricket Association Stadium, Pune",Pune,Rising Pune Supergiants,Mumbai Indians,Mumbai Indians,field,Mumbai Indians,Rising Pune Supergiants,Mumbai Indians,1.0,0.2,0.6,0.5833333333333334,0,0.2857142857142857,0.5746268656716418,1468.4622496845805,1602.3415809767394,1,0,0
980959,2016-05-02,2016,"M Chinnaswamy Stadium, Bengaluru",Bengaluru,Royal Challengers Bengaluru,Kolkata Knight Riders,Kolkata Knight Riders,field,Kolkata Knight Riders,Royal Challengers Bengaluru,Kolkata Knight Riders,0.5,0.2,0.6,0.4375,0,0.496,0.5245901639344263,1501.2479970634677,1572.544404646369,1,0,0
980961,2016-05-03,2016,Saurashtra Cricket Association Stadium,Rajkot,Gujarat Lions,Delhi Capitals,Delhi Capitals,field,Delhi Capitals,Gujarat Lions,Delhi Capitals,1.0,0.6,0.8,0.5,0,0.75,0.4344262295081967,1550.0712488448528,1460.1657637431251,1,0,0
980963,2016-05-04,2016,"Eden Gardens, Kolkata",Kolkata,Kolkata Knight Riders,Punjab Kings,Punjab Kings,field,Kolkata Knight Riders,Kolkata Knight Riders,Punjab Kings,0.6666666666666666,0.6,0.4,0.3673469387755102,0,0.5284552845528455,0.472,1585.3064074933745,1435.1108555872197,1,0,1
980965,2016-05-05,2016,"Arun Jaitley Stadium, Delhi",Delhi,Delhi Capitals,Rising Pune Supergiants,Rising Pune Supergiants,field,Rising Pune Supergiants,Delhi Capitals,Rising Pune Supergiants,0.5,0.8,0.2,0.4489795918367347,0,0.43902439024390244,0.25,1480.2160609852347,1458.339565175194,1,0,0
980967,2016-05-06,2016,"Rajiv Gandhi International Stadium, Uppal, Hyderabad",Hyderabad,Gujarat Lions,Sunrisers Hyderabad,Sunrisers Hyderabad,field,Sunrisers Hyderabad,Gujarat Lions,Sunrisers Hyderabad,0.0,0.6,0.8,0.34210526315789475,0,0.6666666666666666,0.5098039215686274,1530.0209516027433,1541.7117678856669,0,1,0
980971,2016-05-07,2016,"Punjab Cricket Association IS Bindra Stadium, Mohali, Chandigarh",Chandigarh,Punjab Kings,Delhi Capitals,Delhi Capitals,field,Punjab Kings,Punjab Kings,Delhi Capitals,0.5294117647058824,0.2,0.6,0.41025641025641024,0,0.46825396825396826,0.43548387096774194,1425.6266894090875,1463.2099404161047,1,0,1
980969,2016-05-07,2016,"M Chinnaswamy Stadium, Bengaluru",Bengaluru,Rising Pune Supergiants,Royal Challengers Bengaluru,Royal Challengers Bengaluru,field,Royal Challengers Bengaluru,Rising Pune Supergiants,Royal Challengers Bengaluru,0.0,0.4,0.2,0.42857142857142855,0,0.3333333333333333,0.49206349206349204,1475.3456857443239,1488.4859942164621,0,1,0
980973,2016-05-08,2016,"Dr. Y.S. Rajasekhara Reddy ACA-VDCA Cricket Stadium, Visakhapatnam",Visakhapatnam,Sunrisers Hyderabad,Mumbai Indians,Mumbai Indians,field,Sunrisers Hyderabad,Sunrisers Hyderabad,Mumbai Indians,0.42857142857142855,0.8,0.8,0.6,0,0.5192307692307693,0.5777777777777777,1557.1735890014706,1612.464265486126,0,0,1
980975,2016-05-08,2016,"Eden Gardens, Kolkata",Kolkata,Kolkata Knight Riders,Gujarat Lions,Gujarat Lions,field,Gujarat Lions,Kolkata Knight Riders,Gujarat Lions,0.5,0.6,0.4,0.38,0,0.532258064516129,0.6,1594.7905736715068,1514.5591304869395,1,0,0
980977,2016-05-09,2016,"Punjab Cricket Association IS Bindra Stadium, Mohali, Chandigarh",Chandigarh,Royal Challengers Bengaluru,Punjab Kings,Punjab Kings,field,Royal Challengers Bengaluru,Royal Challengers Bengaluru,Punjab Kings,0.375,0.4,0.4,0.425,0,0.49606299212598426,0.47244094488188976,1503.8811490143864,1443.3507426720435,0,1,1
980979,2016-05-10,2016,"Dr. Y.S. Rajasekhara Reddy ACA-VDCA Cricket Stadium, Visakhapatnam",Visakhapatnam,Sunrisers Hyderabad,Rising Pune Supergiants,Sunrisers Hyderabad,bat,Sunrisers Hyderabad,Sunrisers Hyderabad,Rising Pune Supergiants,0.0,0.8,0.4,0.6666666666666666,1,0.5283018867924528,0.3,1575.6985395777756,1459.9505309463996,0,0,1
980981,2016-05-11,2016,"M Chinnaswamy Stadium, Bengaluru",Bengaluru,Royal Challengers Bengaluru,Mumbai Indians,Mumbai Indians,field,Mumbai Indians,Royal Challengers Bengaluru,Mumbai Indians,0.4444444444444444,0.4,0.6,0.42,0,0.5,0.5735294117647058,1517.1214856108788,1593.939314909821,1,0,0
980983,2016-05-12,2016,"Rajiv Gandhi International Stadium, Uppal, Hyderabad",Hyderabad,Sunrisers Hyderabad,Delhi Capitals,Delhi Capitals,field,Delhi Capitals,Sunrisers Hyderabad,Delhi Capitals,0.8333333333333334,0.8,0.4,0.3333333333333333,0,0.5370370370370371,0.432,1586.5569725161668,1445.4858871531487,1,0,0
980985,2016-05-13,2016,"Dr. Y.S. Rajasekhara Reddy ACA-VDCA Cricket Stadium, Visakhapatnam",Visakhapatnam,Mumbai Indians,Punjab Kings,Mumbai Indians,bat,Punjab Kings,Mumbai Indians,Punjab Kings,0.5294117647058824,0.8,0.4,0.7142857142857143,1,0.5766423357664233,0.46875,1606.4582628544194,1430.110406075551,0,0,0
980989,2016-05-14,2016,"Eden Gardens, Kolkata",Kolkata,Rising Pune Supergiants,Kolkata Knight Riders,Rising Pune Supergiants,bat,Kolkata Knight Riders,Rising Pune Supergiants,Kolkata Knight Riders,0.0,0.2,0.4,0.37254901960784315,1,0.2727272727272727,0.528,1449.0920980080084,1575.1600843047281,0,1,0
980987,2016-05-14,2016,"M Chinnaswamy Stadium, Bengaluru",Bengaluru,Royal Challengers Bengaluru,Gujarat Lions,Gujarat Lions,field,Royal Challengers Bengaluru,Royal Challengers Bengaluru,Gujarat Lions,0.0,0.4,0.4,0.4117647058823529,0,0.49612403100775193,0.6363636363636364,1504.6025376662803,1534.189619853718,1,0,1
980991,2016-05-15,2016,"Punjab Cricket Association IS Bindra Stadium, Mohali, Chandigarh",Chandigarh,Punjab Kings,Sunrisers Hyderabad,Punjab Kings,bat,Sunrisers Hyderabad,Punjab Kings,Sunrisers Hyderabad,0.2857142857142857,0.6,0.8,0.43902439024390244,1,0.4728682170542636,0.5272727272727272,1453.5992004336401,1564.3953556164304,1,0,0
980993,2016-05-15,2016,"Dr. Y.S. Rajasekhara Reddy ACA-VDCA Cricket Stadium, Visakhapatnam",Visakhapatnam,Mumbai Indians,Delhi Capitals,Delhi Capitals,field,Mumbai Indians,Mumbai Indians,Delhi Capitals,0.47058823529411764,0.6,0.6,0.625,0,0.572463768115942,0.4365079365079365,1582.9694684963304,1467.647504052885,0,0,1
980995,2016-05-16,2016,"Eden Gardens, Kolkata",Kolkata,Kolkata Knight Riders,Royal Challengers Bengaluru,Royal Challengers Bengaluru,field,Royal Challengers Bengaluru,Kolkata Knight Riders,Royal Challengers Bengaluru,0.5294117647058824,0.6,0.6,0.36538461538461536,0,0.5317460317460317,0.5,1585.5964937827337,1521.96178899399,1,0,0
980997,2016-05-17,2016,"Dr. Y.S. Rajasekhara Reddy ACA-VDCA Cricket Stadium, Visakhapatnam",Visakhapatnam,Delhi Capitals,Rising Pune Supergiants,Rising Pune Supergiants,field,Rising Pune Supergiants,Delhi Capitals,Rising Pune Supergiants,0.0,0.4,0.2,0.6666666666666666,0,0.4330708661417323,0.25,1456.7714701833413,1438.6556885300029,0,0,0
980999,2016-05-18,2016,"M Chinnaswamy Stadium, Bengaluru",Bengaluru,Royal Challengers Bengaluru,Punjab Kings,Punjab Kings,field,Royal Challengers Bengaluru,Royal Challengers Bengaluru,Punjab Kings,0.4117647058823529,0.8,0.4,0.4230769230769231,0,0.5038167938931297,0.46923076923076923,1540.8599406540186,1442.535347864703,1,0,1
981001,2016-05-19,2016,Green Park,Kanpur,Kolkata Knight Riders,Gujarat Lions,Gujarat Lions,field,Gujarat Lions,Kolkata Knight Riders,Gujarat Lions,0.0,0.6,0.2,0.5,0,0.5275590551181102,0.5833333333333334,1566.698342122705,1516.8303685260084,0,0,0
981003,2016-05-20,2016,Shaheed Veer Narayan Singh International Stadium,Raipur,Sunrisers Hyderabad,Delhi Capitals,Delhi Capitals,field,Delhi Capitals,Sunrisers Hyderabad,Delhi Capitals,0.7142857142857143,0.8,0.2,0.5,0,0.5357142857142857,0.4296875,1575.4592081853675,1439.9379628303866,0,0,0
981005,2016-05-21,2016,"Dr. Y.S. Rajasekhara Reddy ACA-VDCA Cricket Stadium, Visakhapatnam",Visakhapatnam,Punjab Kings,Rising Pune Supergiants,Punjab Kings,bat,Rising Pune Supergiants,Punjab Kings,Rising Pune Supergiants,1.0,0.4,0.4,0.6,1,0.46564885496183206,0.3076923076923077,1430.946231479481,1455.4891958829576,0,0,0
981007,2016-05-21,2016,Green Park,Kanpur,Mumbai Indians,Gujarat Lions,Gujarat Lions,field,Gujarat Lions,Mumbai Indians,Gujarat Lions,0.0,0.6,0.4,0.5,0,0.5755395683453237,0.6153846153846154,1593.8455023658742,1535.1112321218206,0,0,0
981009,2016-05-22,2016,"Eden Gardens, Kolkata",Kolkata,Kolkata Knight Riders,Sunrisers Hyderabad,Sunrisers Hyderabad,field,Kolkata Knight Riders,Kolkata Knight Riders,Sunrisers Hyderabad,0.7142857142857143,0.4,0.6,0.3584905660377358,0,0.5234375,0.5263157894736842,1548.4174785268929,1553.5165962720093,1,0,1
981011,2016-05-22,2016,Shaheed Veer Narayan Singh International Stadium,Raipur,Delhi Capitals,Royal Challengers Bengaluru,Royal Challengers Bengaluru,field,Royal Challengers Bengaluru,Delhi Capitals,Royal Challengers Bengaluru,0.42857142857142855,0.4,0.8,0.4,0,0.43410852713178294,0.5075757575757576,1461.8805747437448,1552.4490570392406,0,0,0
981013,2016-05-24,2016,"M Chinnaswamy Stadium, Bengaluru",Bengaluru,Gujarat Lions,Royal Challengers Bengaluru,Royal Challengers Bengaluru,field,Royal Challengers Bengaluru,Gujarat Lions,Royal Challengers Bengaluru,0.5,0.6,0.8,0.4339622641509434,0,0.6428571428571429,0.5112781954887218,1553.790570185239,1564.3701980309784,0,1,0
981015,2016-05-25,2016,"Arun Jaitley Stadium, Delhi",Delhi,Sunrisers Hyderabad,Kolkata Knight Riders,Kolkata Knight Riders,field,Sunrisers Hyderabad,Sunrisers Hyderabad,Kolkata Knight Riders,0.25,0.4,0.4,0.44,0,0.5172413793103449,0.5271317829457365,1537.2817900805417,1564.6522847183605,0,0,1
981017,2016-05-27,2016,"Arun Jaitley Stadium, Delhi",Delhi,Gujarat Lions,Sunrisers Hyderabad,Sunrisers Hyderabad,field,Sunrisers Hyderabad,Gujarat Lions,Sunrisers Hyderabad,0.0,0.6,0.4,0.45098039215686275,0,0.6,0.5254237288135594,1538.2776295215754,1554.5396468993422,0,0,0
981019,2016-05-29,2016,"M Chinnaswamy Stadium, Bengaluru",Bengaluru,Sunrisers Hyderabad,Royal Challengers Bengaluru,Sunrisers Hyderabad,bat,Sunrisers Hyderabad,Sunrisers Hyderabad,Royal Challengers Bengaluru,0.42857142857142855,0.6,1.0,0.42592592592592593,1,0.5333333333333333,0.5149253731343284,1569.791299733482,1579.883138694642,0,1,1
1082591,2017-04-05,2017,"Rajiv Gandhi International Stadium, Uppal, Hyderabad",Hyderabad,Sunrisers Hyderabad,Royal Challengers Bengaluru,Royal Challengers Bengaluru,field,Sunrisers Hyderabad,Sunrisers Hyderabad,Royal Challengers Bengaluru,0.5,0.6,0.8,0.325,0,0.5409836065573771,0.5111111111111111,1586.2559154332696,1563.4185229948544,1,0,1
1082592,2017-04-06,2017,"Maharashtra Cricket Association Stadium, Pune",Pune,Mumbai Indians,Rising Pune Supergiants,Rising Pune Supergiants,field,Rising Pune Supergiants,Mumbai Indians,Rising Pune Supergiants,0.5,0.4,0.4,0.56,0,0.5714285714285714,0.35714285714285715,1575.1661643024559,1470.3608268543692,0,1,0
1082593,2017-04-07,2017,Saurashtra Cricket Association Stadium,Rajkot,Gujarat Lions,Kolkata Knight Riders,Kolkata Knight Riders,field,Kolkata Knight Riders,Gujarat Lions,Kolkata Knight Riders,1.0,0.4,0.4,0.2,0,0.5625,0.5230769230769231,1523.0259766874356,1547.39442789956,1,0,0
1082595,2017-04-08,2017,"M Chinnaswamy Stadium, Bengaluru",Bengaluru,Royal Challengers Bengaluru,Delhi Capitals,Royal Challengers Bengaluru,bat,Royal Challengers Bengaluru,Royal Challengers Bengaluru,Delhi Capitals,0.6,0.6,0.4,0.43636363636363634,1,0.5073529411764706,0.4307692307692308,1548.4687117350434,1449.959433752007,1,0,1
1082594,2017-04-08,2017,Holkar Cricket Stadium,Indore,Rising Pune Supergiants,Punjab Kings,Punjab Kings,field,Punjab Kings,Rising Pune Supergiants,Punjab Kings,0.5,0.6,0.2,0.5,0,0.4,0.4621212121212121,1491.046035292958,1416.0746005080694,0,0,0
1082596,2017-04-09,2017,"Rajiv Gandhi International Stadium, Uppal, Hyderabad",Hyderabad,Gujarat Lions,Sunrisers Hyderabad,Sunrisers Hyderabad,field,Sunrisers Hyderabad,Gujarat Lions,Sunrisers Hyderabad,0.0,0.4,0.8,0.34146341463414637,0,0.5294117647058824,0.5483870967741935,1508.1463487741596,1601.2057266930806,0,1,0
1082597,2017-04-09,2017,"Wankhede Stadium, Mumbai",Mumbai,Kolkata Knight Riders,Mumbai Indians,Mumbai Indians,field,Mumbai Indians,Kolkata Knight Riders,Mumbai Indians,0.2777777777777778,0.4,0.4,0.5102040816326531,0,0.5267175572519084,0.5673758865248227,1562.274055812836,1554.480955863867,0,1,0
1082598,2017-04-10,2017,Holkar Cricket Stadium,Indore,Royal Challengers Bengaluru,Punjab Kings,Royal Challengers Bengaluru,bat,Punjab Kings,Royal Challengers Bengaluru,Punjab Kings,0.4444444444444444,0.6,0.4,0.5,1,0.5109489051094891,0.46616541353383456,1560.0499705866039,1435.4745548147816,0,0,0
1082599,2017-04-11,2017,"Maharashtra Cricket Association Stadium, Pune",Pune,Delhi Capitals,Rising Pune Supergiants,Rising Pune Supergiants,field,Delhi Capitals,Delhi Capitals,Rising Pune Supergiants,0.0,0.2,0.6,0.5384615384615384,0,0.42748091603053434,0.375,1438.3781749004465,1471.6460809862458,0,1,1
1082600,2017-04-12,2017,"Wankhede Stadium, Mumbai",Mumbai,Sunrisers Hyderabad,Mumbai Indians,Mumbai Indians,field,Mumbai Indians,Sunrisers Hyderabad,Mumbai Indians,0.5,1.0,0.4,0.5,0,0.5555555555555556,0.5704225352112676,1613.0198100487544,1570.8397812038543,0,1,0
1082601,2017-04-13,2017,"Eden Gardens, Kolkata",Kolkata,Punjab Kings,Kolkata Knight Riders,Kolkata Knight Riders,field,Kolkata Knight Riders,Punjab Kings,Kolkata Knight Riders,0.3157894736842105,0.4,0.4,0.37037037037037035,0,0.4701492537313433,0.5227272727272727,1456.9776308533676,1545.9152304728486,0,1,0
1082602,2017-04-14,2017,"M Chinnaswamy Stadium, Bengaluru",Bengaluru,Royal Challengers Bengaluru,Mumbai Indians,Mumbai Indians,field,Mumbai Indians,Royal Challengers Bengaluru,Mumbai Indians,0.42105263157894735,0.4,0.6,0.44642857142857145,0,0.5072463768115942,0.5734265734265734,1538.546894548018,1588.7727559925559,1,0,0
1082603,2017-04-14,2017,Saurashtra Cricket Association Stadium,Rajkot,Rising Pune Supergiants,Gujarat Lions,Gujarat Lions,field,Gujarat Lions,Rising Pune Supergiants,Gujarat Lions,0.0,0.6,0.2,0.16666666666666666,0,0.35294117647058826,0.5,1454.1187024099243,1496.3322654184858,0,1,0
1082604,2017-04-15,2017,"Eden Gardens, Kolkata",Kolkata,Kolkata Knight Riders,Sunrisers Hyderabad,Sunrisers Hyderabad,field,Kolkata Knight Riders,Kolkata Knight Riders,Sunrisers Hyderabad,0.6666666666666666,0.6,0.8,0.36363636363636365,0,0.5263157894736842,0.546875,1557.9066790380314,1595.0868352600528,1,0,1
1082605,2017-04-15,2017,"Arun Jaitley Stadium, Delhi",Delhi,Delhi Capitals,Punjab Kings,Delhi Capitals,bat,Delhi Capitals,Delhi Capitals,Punjab Kings,0.4444444444444444,0.4,0.4,0.4423076923076923,1,0.4318181818181818,0.4666666666666667,1455.905553476768,1444.9861822881849,1,0,1
1082606,2017-04-16,2017,"Wankhede Stadium, Mumbai",Mumbai,Gujarat Lions,Mumbai Indians,Mumbai Indians,field,Mumbai Indians,Gujarat Lions,Mumbai Indians,1.0,0.2,0.6,0.49019607843137253,0,0.5263157894736842,0.5763888888888888,1510.3977688817936,1602.4757483564963,0,1,0
1082607,2017-04-16,2017,"M Chinnaswamy Stadium, Bengaluru",Bengaluru,Rising Pune Supergiants,Royal Challengers Bengaluru,Royal Challengers Bengaluru,field,Rising Pune Supergiants,Rising Pune Supergiants,Royal Challengers Bengaluru,0.0,0.4,0.2,0.43859649122807015,0,0.3333333333333333,0.5035971223021583,1440.0531989466162,1524.8439021840775,0,1,1
1082608,2017-04-17,2017,"Arun Jaitley Stadium, Delhi",Delhi,Delhi Capitals,Kolkata Knight Riders,Delhi Capitals,bat,Kolkata Knight Riders,Delhi Capitals,Kolkata Knight Riders,0.4117647058823529,0.6,0.6,0.4528301886792453,1,0.43609022556390975,0.5298507462686567,1471.4028633499772,1575.6123823475732,1,0,0
1082609,2017-04-17,2017,"Rajiv Gandhi International Stadium, Uppal, Hyderabad",Hyderabad,Sunrisers Hyderabad,Punjab Kings,Punjab Kings,field,Sunrisers Hyderabad,Sunrisers Hyderabad,Punjab Kings,0.75,0.6,0.4,0.3333333333333333,0,0.5384615384615384,0.4632352941176471,1577.3811319505112,1429.4888724149757,1,0,1
1082610,2017-04-18,2017,Saurashtra Cricket Association Stadium,Rajkot,Royal Challengers Bengaluru,Gujarat Lions,Gujarat Lions,field,Royal Challengers Bengaluru,Royal Challengers Bengaluru,Gujarat Lions,0.6666666666666666,0.2,0.2,0.14285714285714285,0,0.5,0.5,1505.0148638449998,1498.5415528063481,0,1,1
1082611,2017-04-19,2017,"Rajiv Gandhi International Stadium, Uppal, Hyderabad",Hyderabad,Sunrisers Hyderabad,Delhi Capitals,Sunrisers Hyderabad,bat,Sunrisers Hyderabad,Sunrisers Hyderabad,Delhi Capitals,0.625,0.6,0.4,0.3488372093023256,1,0.5454545454545454,0.43283582089552236,1586.954015705971,1460.0629735152977,1,0,1
1082612,2017-04-20,2017,Holkar Cricket Stadium,Indore,Punjab Kings,Mumbai Indians,Mumbai Indians,field,Mumbai Indians,Punjab Kings,Mumbai Indians,0.5,0.4,0.8,0.5,0,0.45985401459854014,0.5793103448275863,1419.915988659516,1614.3319644319417,0,0,0
1082613,2017-04-21,2017,"Eden Gardens, Kolkata",Kolkata,Kolkata Knight Riders,Gujarat Lions,Gujarat Lions,field,Gujarat Lions,Kolkata Knight Riders,Gujarat Lions,0.3333333333333333,0.8,0.2,0.375,0,0.5333333333333333,0.47619047619047616,1586.9522721822527,1482.8396253062062,1,0,0
1082614,2017-04-22,2017,"Wankhede Stadium, Mumbai",Mumbai,Mumbai Indians,Delhi Capitals,Delhi Capitals,field,Mumbai Indians,Mumbai Indians,Delhi Capitals,0.5,1.0,0.4,0.4807692307692308,0,0.5821917808219178,0.42962962962962964,1622.209381896833,1449.659856722536,1,0,1
1082615,2017-04-22,2017,"Maharashtra Cricket Association Stadium, Pune",Pune,Sunrisers Hyderabad,Rising Pune Supergiants,Rising Pune Supergiants,field,Rising Pune Supergiants,Sunrisers Hyderabad,Rising Pune Supergiants,0.5,0.6,0.4,0.5555555555555556,0,0.5522388059701493,0.3684210526315789,1597.3571324987327,1459.882237285694,0,1,0
1082616,2017-04-23,2017,Saurashtra Cricket Association Stadium,Rajkot,Punjab Kings,Gujarat Lions,Gujarat Lions,field,Punjab Kings,Punjab Kings,Gujarat Lions,0.5,0.2,0.4,0.25,0,0.45652173913043476,0.5,1412.0385711946246,1503.4956524538782,0,1,1
1082617,2017-04-23,2017,"Eden Gardens, Kolkata",Kolkata,Kolkata Knight Riders,Royal Challengers Bengaluru,Royal Challengers Bengaluru,field,Kolkata Knight Riders,Kolkata Knight Riders,Royal Challengers Bengaluru,0.5,0.6,0.4,0.3684210526315789,0,0.5294117647058824,0.5035460992907801,1566.2962450345808,1520.7167913451417,1,0,1
1082618,2017-04-24,2017,"Wankhede Stadium, Mumbai",Mumbai,Rising Pune Supergiants,Mumbai Indians,Mumbai Indians,field,Rising Pune Supergiants,Rising Pune Supergiants,Mumbai Indians,0.6666666666666666,0.4,1.0,0.49056603773584906,0,0.4,0.5850340136054422,1481.9022446337324,1630.8578845172344,0,1,1
1082620,2017-04-26,2017,"Maharashtra Cricket Association Stadium, Pune",Pune,Rising Pune Supergiants,Kolkata Knight Riders,Kolkata Knight Riders,field,Kolkata Knight Riders,Rising Pune Supergiants,Kolkata Knight Riders,0.0,0.6,0.8,0.5357142857142857,0,0.42857142857142855,0.5328467153284672,1504.3703789838905,1580.2091928717432,1,0,0
1082621,2017-04-27,2017,"M Chinnaswamy Stadium, Bengaluru",Bengaluru,Royal Challengers Bengaluru,Gujarat Lions,Gujarat Lions,field,Gujarat Lions,Royal Challengers Bengaluru,Gujarat Lions,0.75,0.2,0.4,0.4482758620689655,0,0.5,0.4782608695652174,1506.8038435079793,1483.3785563972558,1,0,0
1082622,2017-04-28,2017,"Eden Gardens, Kolkata",Kolkata,Delhi Capitals,Kolkata Knight Riders,Kolkata Knight Riders,field,Kolkata Knight Riders,Delhi Capitals,Kolkata Knight Riders,0.3888888888888889,0.4,0.8,0.3793103448275862,0,0.4264705882352941,0.5362318840579711,1441.0113541021346,1592.7711182688915,0,1,0
1082623,2017-04-28,2017,"Punjab Cricket Association IS Bindra Stadium, Mohali, Chandigarh",Chandigarh,Sunrisers Hyderabad,Punjab Kings,Punjab Kings,field,Sunrisers Hyderabad,Sunrisers Hyderabad,Punjab Kings,0.7777777777777778,0.4,0.2,0.42857142857142855,0,0.5441176470588235,0.460431654676259,1575.3371251506942,1432.155667251247,0,1,1
1082624,2017-04-29,2017,"Maharashtra Cricket Association Stadium, Pune",Pune,Rising Pune Supergiants,Royal Challengers Bengaluru,Royal Challengers Bengaluru,field,Rising Pune Supergiants,Rising Pune Supergiants,Royal Challengers Bengaluru,0.3333333333333333,0.6,0.2,0.5172413793103449,0,0.4090909090909091,0.4965034965034965,1491.8084535867422,1489.7267008749147,1,0,1
1082626,2017-04-30,2017,"Punjab Cricket Association IS Bindra Stadium, Mohali, Chandigarh",Chandigarh,Delhi Capitals,Punjab Kings,Punjab Kings,field,Punjab Kings,Delhi Capitals,Punjab Kings,0.47368421052631576,0.2,0.2,0.4418604651162791,0,0.4233576642335766,0.45714285714285713,1431.587165668936,1422.399863221955,0,1,0
1082627,2017-04-30,2017,"Rajiv Gandhi International Stadium, Uppal, Hyderabad",Hyderabad,Sunrisers Hyderabad,Kolkata Knight Riders,Kolkata Knight Riders,field,Sunrisers Hyderabad,Sunrisers Hyderabad,Kolkata Knight Riders,0.3,0.6,0.8,0.36363636363636365,0,0.5507246376811594,0.539568345323741,1585.0929291799862,1602.1953067020902,1,0,1
1082628,2017-05-01,2017,"Wankhede Stadium, Mumbai",Mumbai,Royal Challengers Bengaluru,Mumbai Indians,Royal Challengers Bengaluru,bat,Mumbai Indians,Royal Challengers Bengaluru,Mumbai Indians,0.4,0.2,0.8,0.5,1,0.4930555555555556,0.581081081081081,1473.8225679828986,1608.3897501670763,0,1,0
1082629,2017-05-01,2017,"Maharashtra Cricket Association Stadium, Pune",Pune,Gujarat Lions,Rising Pune Supergiants,Rising Pune Supergiants,field,Rising Pune Supergiants,Gujarat Lions,Rising Pune Supergiants,1.0,0.4,0.8,0.5333333333333333,0,0.5,0.43478260869565216,1500.4556990303204,1507.7125864787583,0,1,0
1082630,2017-05-02,2017,"Arun Jaitley Stadium, Delhi",Delhi,Sunrisers Hyderabad,Delhi Capitals,Delhi Capitals,field,Delhi Capitals,Sunrisers Hyderabad,Delhi Capitals,0.6666666666666666,0.8,0.0,0.4444444444444444,0,0.5571428571428572,0.42028985507246375,1601.8798872575233,1415.1641733424717,0,1,0
1082631,2017-05-03,2017,"Eden Gardens, Kolkata",Kolkata,Kolkata Knight Riders,Rising Pune Supergiants,Rising Pune Supergiants,field,Rising Pune Supergiants,Kolkata Knight Riders,Rising Pune Supergiants,1.0,0.6,0.8,0.3728813559322034,0,0.5357142857142857,0.4583333333333333,1585.4083486245531,1523.378443052035,1,0,0
1082632,2017-05-04,2017,"Arun Jaitley Stadium, Delhi",Delhi,Gujarat Lions,Delhi Capitals,Delhi Capitals,field,Delhi Capitals,Gujarat Lions,Delhi Capitals,0.5,0.4,0.2,0.43636363636363634,0,0.48,0.4244604316546763,1484.7898424570437,1439.020584672807,0,1,0
1082633,2017-05-05,2017,"M Chinnaswamy Stadium, Bengaluru",Bengaluru,Punjab Kings,Royal Challengers Bengaluru,Royal Challengers Bengaluru,field,Punjab Kings,Punjab Kings,Royal Challengers Bengaluru,0.5789473684210527,0.4,0.2,0.4406779661016949,0,0.46099290780141844,0.4896551724137931,1438.8228555484193,1463.7272659968012,0,1,1
1082634,2017-05-06,2017,"Rajiv Gandhi International Stadium, Uppal, Hyderabad",Hyderabad,Rising Pune Supergiants,Sunrisers Hyderabad,Sunrisers Hyderabad,field,Rising Pune Supergiants,Rising Pune Supergiants,Sunrisers Hyderabad,0.6666666666666666,0.8,0.6,0.37777777777777777,0,0.48,0.5492957746478874,1542.2050563920527,1578.023475927188,0,1,1
1082635,2017-05-06,2017,"Arun Jaitley Stadium, Delhi",Delhi,Mumbai Indians,Delhi Capitals,Delhi Capitals,field,Mumbai Indians,Mumbai Indians,Delhi Capitals,0.5263157894736842,0.8,0.4,0.42857142857142855,0,0.5838926174496645,0.42857142857142855,1618.4850521531737,1457.116228301229,0,1,1
1082636,2017-05-07,2017,"M Chinnaswamy Stadium, Bengaluru",Bengaluru,Royal Challengers Bengaluru,Kolkata Knight Riders,Kolkata Knight Riders,field,Kolkata Knight Riders,Royal Challengers Bengaluru,Kolkata Knight Riders,0.47368421052631576,0.0,0.6,0.45,0,0.4863013698630137,0.5319148936170213,1446.5823357687061,1566.5817352845354,1,0,0
1082637,2017-05-07,2017,"Punjab Cricket Association IS Bindra Stadium, Mohali, Chandigarh",Chandigarh,Punjab Kings,Gujarat Lions,Gujarat Lions,field,Gujarat Lions,Punjab Kings,Gujarat Lions,0.6666666666666666,0.6,0.4,0.4318181818181818,0,0.4647887323943662,0.46153846153846156,1455.9677857765143,1466.6941988286217,1,0,0
1082638,2017-05-08,2017,"Rajiv Gandhi International Stadium, Uppal, Hyderabad",Hyderabad,Mumbai Indians,Sunrisers Hyderabad,Mumbai Indians,bat,Sunrisers Hyderabad,Mumbai Indians,Sunrisers Hyderabad,0.5555555555555556,0.8,0.4,0.391304347826087,1,0.5866666666666667,0.5416666666666666,1627.5456975702734,1560.3797958087885,0,1,0
1082639,2017-05-09,2017,"Punjab Cricket Association IS Bindra Stadium, Mohali, Chandigarh",Chandigarh,Punjab Kings,Kolkata Knight Riders,Kolkata Knight Riders,field,Punjab Kings,Punjab Kings,Kolkata Knight Riders,0.3,0.6,0.6,0.4222222222222222,0,0.46153846153846156,0.5352112676056338,1440.461598470156,1577.265298298026,1,0,1
1082640,2017-05-10,2017,Green Park,Kanpur,Gujarat Lions,Delhi Capitals,Delhi Capitals,field,Delhi Capitals,Gujarat Lions,Delhi Capitals,0.3333333333333333,0.4,0.4,0.5,0,0.48148148148148145,0.425531914893617,1482.20038613498,1448.0555828841293,0,0,0
1082641,2017-05-11,2017,"Wankhede Stadium, Mumbai",Mumbai,Punjab Kings,Mumbai Indians,Mumbai Indians,field,Punjab Kings,Punjab Kings,Mumbai Indians,0.47368421052631576,0.6,0.6,0.4909090909090909,0,0.4652777777777778,0.5827814569536424,1462.4550525728625,1608.4905581322832,0,1,1
1082642,2017-05-12,2017,"Arun Jaitley Stadium, Delhi",Delhi,Delhi Capitals,Rising Pune Supergiants,Delhi Capitals,bat,Delhi Capitals,Delhi Capitals,Rising Pune Supergiants,0.3333333333333333,0.6,0.8,0.43859649122807015,1,0.4295774647887324,0.5,1465.6229663437466,1559.8487365104522,1,0,1
1082643,2017-05-13,2017,Green Park,Kanpur,Gujarat Lions,Sunrisers Hyderabad,Sunrisers Hyderabad,field,Sunrisers Hyderabad,Gujarat Lions,Sunrisers Hyderabad,0.0,0.4,0.6,0.5,0,0.4642857142857143,0.547945205479452,1464.6330026753626,1579.4349352467787,0,0,0
1082644,2017-05-13,2017,"Eden Gardens, Kolkata",Kolkata,Mumbai Indians,Kolkata Knight Riders,Kolkata Knight Riders,field,Mumbai Indians,Mumbai Indians,Kolkata Knight Riders,0.7368421052631579,0.4,0.4,0.36666666666666664,0,0.5789473684210527,0.5314685314685315,1586.135304908738,1555.2718441953195,0,1,1
1082645,2017-05-14,2017,"Maharashtra Cricket Association Stadium, Pune",Pune,Punjab Kings,Rising Pune Supergiants,Rising Pune Supergiants,field,Rising Pune Supergiants,Punjab Kings,Rising Pune Supergiants,0.6666666666666666,0.8,0.8,0.5161290322580645,0,0.4689655172413793,0.48148148148148145,1484.810305796408,1539.6128260892003,0,1,0
1082646,2017-05-14,2017,"Arun Jaitley Stadium, Delhi",Delhi,Royal Challengers Bengaluru,Delhi Capitals,Royal Challengers Bengaluru,bat,Royal Challengers Bengaluru,Royal Challengers Bengaluru,Delhi Capitals,0.625,0.0,0.8,0.4482758620689655,1,0.48299319727891155,0.43356643356643354,1435.8987727552155,1485.8588767649985,0,1,1
1082647,2017-05-16,2017,"Wankhede Stadium, Mumbai",Mumbai,Rising Pune Supergiants,Mumbai Indians,Mumbai Indians,field,Rising Pune Supergiants,Rising Pune Supergiants,Mumbai Indians,0.75,0.8,0.6,0.5,0,0.5,0.5816993464052288,1553.1098009351235,1600.7177168604003,0,1,1
1082648,2017-05-17,2017,"M Chinnaswamy Stadium, Bengaluru",Bengaluru,Sunrisers Hyderabad,Kolkata Knight Riders,Kolkata Knight Riders,field,Kolkata Knight Riders,Sunrisers Hyderabad,Kolkata Knight Riders,0.36363636363636365,0.6,0.2,0.4426229508196721,0,0.5540540540540541,0.5277777777777778,1590.3324716478928,1540.6894322436572,0,0,0
1082649,2017-05-19,2017,"M Chinnaswamy Stadium, Bengaluru",Bengaluru,Kolkata Knight Riders,Mumbai Indians,Mumbai Indians,field,Mumbai Indians,Kolkata Knight Riders,Mumbai Indians,0.25,0.4,0.4,0.43548387096774194,0,0.5310344827586206,0.577922077922078,1558.9601468055948,1582.5389109004077,0,0,0
1082650,2017-05-21,2017,"Rajiv Gandhi International Stadium, Uppal, Hyderabad",Hyderabad,Mumbai Indians,Rising Pune Supergiants,Mumbai Indians,bat,Mumbai Indians,Mumbai Indians,Rising Pune Supergiants,0.2,0.4,0.8,0.3829787234042553,1,0.5806451612903226,0.5172413793103449,1597.454732633555,1571.2886068951161,0,0,1
1136561,2018-04-07,2018,"Wankhede Stadium, Mumbai",Mumbai,Mumbai Indians,Chennai Super Kings,Chennai Super Kings,field,Chennai Super Kings,Mumbai Indians,Chennai Super Kings,0.5454545454545454,0.6,0.4,0.5087719298245614,0,0.5833333333333334,0.6076923076923076,1612.2520110671662,1585.3660123326683,1,0,0
1136562,2018-04-08,2018,"Punjab Cricket Association IS Bindra Stadium, Mohali, Chandigarh",Chandigarh,Delhi Capitals,Punjab Kings,Punjab Kings,field,Punjab Kings,Delhi Capitals,Punjab Kings,0.45,0.6,0.6,0.43478260869565216,0,0.4305555555555556,0.4657534246575342,1467.5738567839555,1471.313330950485,0,1,0
1136563,2018-04-08,2018,"Eden Gardens, Kolkata",Kolkata,Royal Challengers Bengaluru,Kolkata Knight Riders,Kolkata Knight Riders,field,Kolkata Knight Riders,Royal Challengers Bengaluru,Kolkata Knight Riders,0.45,0.2,0.4,0.3770491803278688,0,0.4864864864864865,0.5273972602739726,1454.1837927362585,1544.0443250724475,0,1,0
1136564,2018-04-09,2018,"Rajiv Gandhi International Stadium, Uppal, Hyderabad",Hyderabad,Rajasthan Royals,Sunrisers Hyderabad,Sunrisers Hyderabad,field,Sunrisers Hyderabad,Rajasthan Royals,Sunrisers Hyderabad,0.5714285714285714,0.4,0.4,0.3958333333333333,0,0.5350877192982456,0.5466666666666666,1530.2129129764776,1572.0617570859552,0,1,0
1136565,2018-04-10,2018,"MA Chidambaram Stadium, Chepauk, Chennai",Chennai,Kolkata Knight Riders,Chennai Super Kings,Chennai Super Kings,field,Chennai Super Kings,Kolkata Knight Riders,Chennai Super Kings,0.375,0.4,0.6,0.6382978723404256,0,0.5306122448979592,0.6106870229007634,1555.9959653863862,1602.6016927718565,0,1,0
1136566,2018-04-11,2018,"Sawai Mansingh Stadium, Jaipur",Jaipur,Rajasthan Royals,Delhi Capitals,Delhi Capitals,field,Rajasthan Royals,Rajasthan Royals,Delhi Capitals,0.625,0.2,0.4,0.30303030303030304,0,0.5304347826086957,0.42758620689655175,1516.1308570197584,1451.7460592839109,1,0,1
1136567,2018-04-12,2018,"Rajiv Gandhi International Stadium, Uppal, Hyderabad",Hyderabad,Mumbai Indians,Sunrisers Hyderabad,Sunrisers Hyderabad,field,Sunrisers Hyderabad,Mumbai Indians,Sunrisers Hyderabad,0.5,0.6,0.6,0.3877551020408163,0,0.5796178343949044,0.5526315789473685,1595.016330627978,1586.1438130426743,0,1,0
1136568,2018-04-13,2018,"M Chinnaswamy Stadium, Bengaluru",Bengaluru,Punjab Kings,Royal Challengers Bengaluru,Royal Challengers Bengaluru,field,Royal Challengers Bengaluru,Punjab Kings,Royal Challengers Bengaluru,0.6,0.6,0.2,0.42857142857142855,0,0.46938775510204084,0.48322147651006714,1487.1411284505295,1442.2321524223198,0,1,0
1136569,2018-04-14,2018,"Wankhede Stadium, Mumbai",Mumbai,Mumbai Indians,Delhi Capitals,Delhi Capitals,field,Delhi Capitals,Mumbai Indians,Delhi Capitals,0.55,0.4,0.4,0.5,0,0.5759493670886076,0.4246575342465753,1578.607824891389,1438.6776075414818,1,0,0
1136570,2018-04-14,2018,"Eden Gardens, Kolkata",Kolkata,Kolkata Knight Riders,Sunrisers Hyderabad,Sunrisers Hyderabad,field,Sunrisers Hyderabad,Kolkata Knight Riders,Sunrisers Hyderabad,0.6666666666666666,0.4,0.8,0.3709677419354839,0,0.527027027027027,0.5584415584415584,1542.1294570240277,1602.5523187792633,1,0,0
1136571,2018-04-15,2018,"M Chinnaswamy Stadium, Bengaluru",Bengaluru,Rajasthan Royals,Royal Challengers Bengaluru,Royal Challengers Bengaluru,field,Rajasthan Royals,Rajasthan Royals,Royal Challengers Bengaluru,0.4666666666666667,0.4,0.4,0.421875,0,0.5344827586206896,0.4866666666666667,1529.1993087621875,1460.2888457030083,0,1,1
1136572,2018-04-15,2018,"Punjab Cricket Association IS Bindra Stadium, Mohali, Chandigarh",Chandigarh,Punjab Kings,Chennai Super Kings,Chennai Super Kings,field,Punjab Kings,Punjab Kings,Chennai Super Kings,0.375,0.6,0.6,0.425531914893617,0,0.46621621621621623,0.6136363636363636,1469.084435169841,1616.468201134215,1,0,1
1136573,2018-04-16,2018,"Eden Gardens, Kolkata",Kolkata,Kolkata Knight Riders,Delhi Capitals,Delhi Capitals,field,Kolkata Knight Riders,Kolkata Knight Riders,Delhi Capitals,0.631578947368421,0.4,0.4,0.36507936507936506,0,0.5234899328859061,0.42857142857142855,1528.8843148950607,1460.794420701337,1,0,1
1136574,2018-04-17,2018,"Wankhede Stadium, Mumbai",Mumbai,Mumbai Indians,Royal Challengers Bengaluru,Royal Challengers Bengaluru,field,Mumbai Indians,Mumbai Indians,Royal Challengers Bengaluru,0.6190476190476191,0.4,0.4,0.4915254237288136,0,0.5723270440251572,0.48344370860927155,1556.491011731534,1447.421321125195,1,0,1
1136575,2018-04-18,2018,"Sawai Mansingh Stadium, Jaipur",Jaipur,Rajasthan Royals,Kolkata Knight Riders,Kolkata Knight Riders,field,Kolkata Knight Riders,Rajasthan Royals,Kolkata Knight Riders,0.5384615384615384,0.6,0.4,0.3235294117647059,0,0.5384615384615384,0.5266666666666666,1542.0668333400008,1541.7881963838072,1,0,0
1136576,2018-04-19,2018,"Punjab Cricket Association IS Bindra Stadium, Mohali, Chandigarh",Chandigarh,Punjab Kings,Sunrisers Hyderabad,Punjab Kings,bat,Punjab Kings,Punjab Kings,Sunrisers Hyderabad,0.2,0.6,0.8,0.4375,1,0.4697986577181208,0.5641025641025641,1491.4919014171383,1615.7974609082303,1,0,1
1136577,2018-04-20,2018,"Maharashtra Cricket Association Stadium, Pune",Pune,Chennai Super Kings,Rajasthan Royals,Rajasthan Royals,field,Chennai Super Kings,Chennai Super Kings,Rajasthan Royals,0.6470588235294118,0.6,0.4,0.5,0,0.6090225563909775,0.5338983050847458,1594.0607348869178,1526.054001636718,0,0,1
1136578,2018-04-21,2018,"Eden Gardens, Kolkata",Kolkata,Kolkata Knight Riders,Punjab Kings,Punjab Kings,field,Punjab Kings,Kolkata Knight Riders,Punjab Kings,0.6666666666666666,0.6,0.6,0.375,0,0.5298013245033113,0.47333333333333333,1557.80102808709,1512.9840172971353,1,0,0
1136579,2018-04-21,2018,"M Chinnaswamy Stadium, Bengaluru",Bengaluru,Delhi Capitals,Royal Challengers Bengaluru,Royal Challengers Bengaluru,field,Royal Challengers Bengaluru,Delhi Capitals,Royal Challengers Bengaluru,0.35294117647058826,0.2,0.4,0.4307692307692308,0,0.42567567567567566,0.48026315789473684,1447.8905392125905,1436.2854193405888,0,1,0
1136580,2018-04-22,2018,"Rajiv Gandhi International Stadium, Uppal, Hyderabad",Hyderabad,Chennai Super Kings,Sunrisers Hyderabad,Sunrisers Hyderabad,field,Chennai Super Kings,Chennai Super Kings,Sunrisers Hyderabad,0.6666666666666666,0.6,0.6,0.38,0,0.6119402985074627,0.5569620253164557,1606.968302845644,1594.3053450282332,0,1,1
1136581,2018-04-22,2018,"Sawai Mansingh Stadium, Jaipur",Jaipur,Mumbai Indians,Rajasthan Royals,Mumbai Indians,bat,Rajasthan Royals,Mumbai Indians,Rajasthan Royals,0.625,0.4,0.4,0.3142857142857143,1,0.575,0.5294117647058824,1567.6269135161401,1513.1464336779918,0,1,0
1136582,2018-04-23,2018,"Arun Jaitley Stadium, Delhi",Delhi,Punjab Kings,Delhi Capitals,Delhi Capitals,field,Punjab Kings,Punjab Kings,Delhi Capitals,0.5714285714285714,0.8,0.2,0.4576271186440678,0,0.4768211920529801,0.4228187919463087,1531.0365452595825,1431.3563023615836,0,1,1
1136583,2018-04-24,2018,"Wankhede Stadium, Mumbai",Mumbai,Sunrisers Hyderabad,Mumbai Indians,Mumbai Indians,field,Sunrisers Hyderabad,Sunrisers Hyderabad,Mumbai Indians,0.5454545454545454,0.6,0.2,0.5,0,0.55,0.5714285714285714,1578.8882377085254,1549.138358017274,0,1,1
1136584,2018-04-25,2018,"M Chinnaswamy Stadium, Bengaluru",Bengaluru,Royal Challengers Bengaluru,Chennai Super Kings,Chennai Super Kings,field,Chennai Super Kings,Royal Challengers Bengaluru,Chennai Super Kings,0.3684210526315789,0.4,0.8,0.42424242424242425,0,0.48366013071895425,0.6148148148148148,1452.8196561915956,1622.385410165352,1,0,0
1136585,2018-04-26,2018,"Rajiv Gandhi International Stadium, Uppal, Hyderabad",Hyderabad,Sunrisers Hyderabad,Punjab Kings,Punjab Kings,field,Sunrisers Hyderabad,Sunrisers Hyderabad,Punjab Kings,0.7272727272727273,0.6,0.8,0.39215686274509803,0,0.5555555555555556,0.48026315789473684,1593.521543682461,1542.5680385797932,1,0,1
1136586,2018-04-27,2018,"Arun Jaitley Stadium, Delhi",Delhi,Delhi Capitals,Kolkata Knight Riders,Kolkata Knight Riders,field,Delhi Capitals,Delhi Capitals,Kolkata Knight Riders,0.35,0.2,0.4,0.4666666666666667,0,0.42,0.5263157894736842,1419.8248090413729,1539.7485001246428,1,0,1
1136587,2018-04-28,2018,"Maharashtra Cricket Association Stadium, Pune",Pune,Chennai Super Kings,Mumbai Indians,Mumbai Indians,field,Mumbai Indians,Chennai Super Kings,Mumbai Indians,0.4782608695652174,0.8,0.2,0.5151515151515151,0,0.6176470588235294,0.5679012345679012,1631.1427389319047,1534.5050520433383,0,0,0
1136588,2018-04-29,2018,"Sawai Mansingh Stadium, Jaipur",Jaipur,Sunrisers Hyderabad,Rajasthan Royals,Sunrisers Hyderabad,bat,Sunrisers Hyderabad,Sunrisers Hyderabad,Rajasthan Royals,0.5,0.6,0.6,0.3055555555555556,1,0.5609756097560976,0.5333333333333333,1607.1917273662903,1531.634989176858,0,1,1
1136589,2018-04-29,2018,"M Chinnaswamy Stadium, Bengaluru",Bengaluru,Royal Challengers Bengaluru,Kolkata Knight Riders,Kolkata Knight Riders,field,Kolkata Knight Riders,Royal Challengers Bengaluru,Kolkata Knight Riders,0.42857142857142855,0.4,0.4,0.417910447761194,0,0.4805194805194805,0.5228758169934641,1444.062327425043,1518.4351649263651,1,0,0
1136590,2018-04-30,2018,"Maharashtra Cricket Association Stadium, Pune",Pune,Chennai Super Kings,Delhi Capitals,Delhi Capitals,field,Chennai Super Kings,Chennai Super Kings,Delhi Capitals,0.6875,0.6,0.4,0.5,0,0.6131386861313869,0.423841059602649,1610.8037318281092,1441.1381442396505,0,0,1
1136591,2018-05-01,2018,"M Chinnaswamy Stadium, Bengaluru",Bengaluru,Royal Challengers Bengaluru,Mumbai Indians,Mumbai Indians,field,Royal Challengers Bengaluru,Royal Challengers Bengaluru,Mumbai Indians,0.36363636363636365,0.2,0.4,0.4117647058823529,0,0.4774193548387097,0.5705521472392638,1431.4359504568454,1554.8440591471337,1,0,1
1136592,2018-05-02,2018,"Arun Jaitley Stadium, Delhi",Delhi,Delhi Capitals,Rajasthan Royals,Rajasthan Royals,field,Delhi Capitals,Delhi Capitals,Rajasthan Royals,0.35294117647058826,0.2,0.4,0.47540983606557374,0,0.42105263157894735,0.5289256198347108,1432.3844704422086,1519.0606713483448,1,0,1
1136593,2018-05-03,2018,"Eden Gardens, Kolkata",Kolkata,Chennai Super Kings,Kolkata Knight Riders,Kolkata Knight Riders,field,Kolkata Knight Riders,Chennai Super Kings,Kolkata Knight Riders,0.6470588235294118,0.8,0.6,0.36923076923076925,0,0.6159420289855072,0.525974025974026,1619.5574056255512,1531.0615418945627,0,1,0
1136594,2018-05-04,2018,Holkar Cricket Stadium,Indore,Punjab Kings,Mumbai Indians,Mumbai Indians,field,Mumbai Indians,Punjab Kings,Mumbai Indians,0.5,0.8,0.4,0.0,0,0.477124183006536,0.5670731707317073,1528.897854895964,1533.3884350507897,0,0,0
1136595,2018-05-05,2018,"Maharashtra Cricket Association Stadium, Pune",Pune,Royal Challengers Bengaluru,Chennai Super Kings,Chennai Super Kings,field,Chennai Super Kings,Royal Challengers Bengaluru,Chennai Super Kings,0.35,0.4,0.6,0.5142857142857142,0,0.4807692307692308,0.6115107913669064,1452.8915745531895,1599.5679260848174,0,0,0
1136596,2018-05-05,2018,"Rajiv Gandhi International Stadium, Uppal, Hyderabad",Hyderabad,Delhi Capitals,Sunrisers Hyderabad,Delhi Capitals,bat,Sunrisers Hyderabad,Delhi Capitals,Sunrisers Hyderabad,0.4,0.4,0.6,0.40384615384615385,1,0.42483660130718953,0.5662650602409639,1452.2952592665115,1619.7660451948034,0,1,0
1136597,2018-05-06,2018,"Wankhede Stadium, Mumbai",Mumbai,Mumbai Indians,Kolkata Knight Riders,Kolkata Knight Riders,field,Mumbai Indians,Mumbai Indians,Kolkata Knight Riders,0.7619047619047619,0.4,0.6,0.5081967213114754,0,0.5696969696969697,0.5290322580645161,1549.1816477070627,1551.0510214352964,1,0,1
1136598,2018-05-06,2018,Holkar Cricket Stadium,Indore,Rajasthan Royals,Punjab Kings,Punjab Kings,field,Punjab Kings,Rajasthan Royals,Punjab Kings,0.6428571428571429,0.2,0.6,0.0,0,0.5245901639344263,0.474025974025974,1499.149882524042,1513.104642239691,0,0,0
1136599,2018-05-07,2018,"Rajiv Gandhi International Stadium, Uppal, Hyderabad",Hyderabad,Sunrisers Hyderabad,Royal Challengers Bengaluru,Royal Challengers Bengaluru,field,Sunrisers Hyderabad,Sunrisers Hyderabad,Royal Challengers Bengaluru,0.5555555555555556,0.8,0.4,0.39622641509433965,0,0.5714285714285714,0.47770700636942676,1628.600291001186,1443.271665469064,1,0,1
1136600,2018-05-08,2018,"Sawai Mansingh Stadium, Jaipur",Jaipur,Rajasthan Royals,Punjab Kings,Rajasthan Royals,bat,Rajasthan Royals,Rajasthan Royals,Punjab Kings,0.6,0.2,0.6,0.32432432432432434,1,0.5203252032520326,0.4774193548387097,1483.7921776053633,1528.4623471583695,1,0,1
1136601,2018-05-09,2018,"Eden Gardens, Kolkata",Kolkata,Mumbai Indians,Kolkata Knight Riders,Kolkata Knight Riders,field,Mumbai Indians,Mumbai Indians,Kolkata Knight Riders,0.7727272727272727,0.6,0.4,0.36363636363636365,0,0.572289156626506,0.5256410256410257,1565.2677347179313,1534.9649344244278,0,1,1
1136602,2018-05-10,2018,"Arun Jaitley Stadium, Delhi",Delhi,Delhi Capitals,Sunrisers Hyderabad,Delhi Capitals,bat,Sunrisers Hyderabad,Delhi Capitals,Sunrisers Hyderabad,0.36363636363636365,0.4,1.0,0.4838709677419355,1,0.42207792207792205,0.5764705882352941,1443.461013460129,1636.792451078611,1,0,0
1136603,2018-05-11,2018,"Sawai Mansingh Stadium, Jaipur",Jaipur,Chennai Super Kings,Rajasthan Royals,Chennai Super Kings,bat,Rajasthan Royals,Chennai Super Kings,Rajasthan Royals,0.6666666666666666,0.6,0.4,0.34210526315789475,1,0.6142857142857143,0.5241935483870968,1609.187835168943,1501.838054202511,0,1,0
1136604,2018-05-12,2018,Holkar Cricket Stadium,Indore,Kolkata Knight Riders,Punjab Kings,Punjab Kings,field,Kolkata Knight Riders,Kolkata Knight Riders,Punjab Kings,0.6363636363636364,0.4,0.4,0.0,0,0.5222929936305732,0.47435897435897434,1520.3569021430494,1510.4164705612218,0,0,1
1136605,2018-05-12,2018,"Arun Jaitley Stadium, Delhi",Delhi,Delhi Capitals,Royal Challengers Bengaluru,Royal Challengers Bengaluru,field,Royal Challengers Bengaluru,Delhi Capitals,Royal Challengers Bengaluru,0.3333333333333333,0.4,0.2,0.47619047619047616,0,0.41935483870967744,0.47468354430379744,1435.5464642320132,1435.0795053916388,1,0,0
1136606,2018-05-13,2018,"Maharashtra Cricket Association Stadium, Pune",Pune,Sunrisers Hyderabad,Chennai Super Kings,Chennai Super Kings,field,Chennai Super Kings,Sunrisers Hyderabad,Chennai Super Kings,0.2857142857142857,1.0,0.4,0.5,0,0.5813953488372093,0.6099290780141844,1644.7070003067267,1588.3957293911096,0,0,0
1136607,2018-05-13,2018,"Wankhede Stadium, Mumbai",Mumbai,Mumbai Indians,Rajasthan Royals,Rajasthan Royals,field,Rajasthan Royals,Mumbai Indians,Rajasthan Royals,0.5882352941176471,0.8,0.4,0.5161290322580645,0,0.5748502994011976,0.528,1579.8757669993097,1522.6301599803444,1,0,0
1136608,2018-05-14,2018,Holkar Cricket Stadium,Indore,Punjab Kings,Royal Challengers Bengaluru,Royal Challengers Bengaluru,field,Royal Challengers Bengaluru,Punjab Kings,Royal Challengers Bengaluru,0.5714285714285714,0.2,0.4,0.125,0,0.4713375796178344,0.4779874213836478,1494.8741194852983,1451.1010096279883,0,0,0
1136609,2018-05-15,2018,"Eden Gardens, Kolkata",Kolkata,Rajasthan Royals,Kolkata Knight Riders,Kolkata Knight Riders,field,Kolkata Knight Riders,Rajasthan Royals,Kolkata Knight Riders,0.5,0.6,0.6,0.373134328358209,0,0.5317460317460317,0.5253164556962026,1541.242817592259,1535.899253218973,0,1,0
1136610,2018-05-16,2018,"Wankhede Stadium, Mumbai",Mumbai,Mumbai Indians,Punjab Kings,Punjab Kings,field,Mumbai Indians,Mumbai Indians,Punjab Kings,0.5238095238095238,0.6,0.2,0.5079365079365079,0,0.5714285714285714,0.46835443037974683,1561.2631093873952,1476.8688919049157,1,0,1
1136611,2018-05-17,2018,"M Chinnaswamy Stadium, Bengaluru",Bengaluru,Royal Challengers Bengaluru,Sunrisers Hyderabad,Sunrisers Hyderabad,field,Royal Challengers Bengaluru,Royal Challengers Bengaluru,Sunrisers Hyderabad,0.4,0.6,0.8,0.42028985507246375,0,0.48125,0.5747126436781609,1469.1062372083709,1626.13624146872,1,0,1
1136612,2018-05-18,2018,"Arun Jaitley Stadium, Delhi",Delhi,Delhi Capitals,Chennai Super Kings,Chennai Super Kings,field,Delhi Capitals,Delhi Capitals,Chennai Super Kings,0.29411764705882354,0.2,0.6,0.46875,0,0.4166666666666667,0.6126760563380281,1419.5249599956637,1606.9664882291163,1,0,1
1136613,2018-05-19,2018,"Sawai Mansingh Stadium, Jaipur",Jaipur,Rajasthan Royals,Royal Challengers Bengaluru,Rajasthan Royals,bat,Rajasthan Royals,Rajasthan Royals,Royal Challengers Bengaluru,0.5,0.6,0.6,0.3333333333333333,1,0.5275590551181102,0.484472049689441,1524.9967567600395,1491.8824919379506,1,0,1
1136614,2018-05-19,2018,"Rajiv Gandhi International Stadium, Uppal, Hyderabad",Hyderabad,Sunrisers Hyderabad,Kolkata Knight Riders,Sunrisers Hyderabad,bat,Kolkata Knight Riders,Sunrisers Hyderabad,Kolkata Knight Riders,0.38461538461538464,0.6,0.6,0.4074074074074074,1,0.5681818181818182,0.5283018867924528,1603.3599867391404,1552.1453140511924,1,0,0
1136615,2018-05-20,2018,"Arun Jaitley Stadium, Delhi",Delhi,Delhi Capitals,Mumbai Indians,Delhi Capitals,bat,Delhi Capitals,Delhi Capitals,Mumbai Indians,0.47619047619047616,0.4,0.8,0.47692307692307695,1,0.42038216560509556,0.5739644970414202,1443.4067113078515,1573.4512888732716,1,0,1
1136616,2018-05-20,2018,"Maharashtra Cricket Association Stadium, Pune",Pune,Punjab Kings,Chennai Super Kings,Chennai Super Kings,field,Chennai Super Kings,Punjab Kings,Chennai Super Kings,0.4117647058823529,0.2,0.4,0.4864864864864865,0,0.46540880503144655,0.6083916083916084,1464.6807124190393,1583.0847369169285,0,0,0
1136617,2018-05-22,2018,"Wankhede Stadium, Mumbai",Mumbai,Sunrisers Hyderabad,Chennai Super Kings,Chennai Super Kings,field,Chennai Super Kings,Sunrisers Hyderabad,Chennai Super Kings,0.25,0.4,0.6,0.515625,0,0.5617977528089888,0.6111111111111112,1585.018399518376,1593.8337574161014,0,0,0
1136618,2018-05-23,2018,"Eden Gardens, Kolkata",Kolkata,Kolkata Knight Riders,Rajasthan Royals,Rajasthan Royals,field,Kolkata Knight Riders,Kolkata Knight Riders,Rajasthan Royals,0.5333333333333333,0.6,0.8,0.36764705882352944,0,0.53125,0.53125,1570.4869012719566,1539.4763894435864,1,0,1
1136619,2018-05-25,2018,"Eden Gardens, Kolkata",Kolkata,Sunrisers Hyderabad,Kolkata Knight Riders,Kolkata Knight Riders,field,Sunrisers Hyderabad,Sunrisers Hyderabad,Kolkata Knight Riders,0.35714285714285715,0.2,0.8,0.37681159420289856,0,0.5555555555555556,0.5341614906832298,1569.424274658948,1585.06259468053,0,1,1
1136620,2018-05-27,2018,"Wankhede Stadium, Mumbai",Mumbai,Sunrisers Hyderabad,Chennai Super Kings,Chennai Super Kings,field,Chennai Super Kings,Sunrisers Hyderabad,Chennai Super Kings,0.2222222222222222,0.2,0.6,0.5076923076923077,0,0.5604395604395604,0.6137931034482759,1586.1439599571106,1609.4278822755296,0,0,0
1175356,2019-03-23,2019,"MA Chidambaram Stadium, Chepauk, Chennai",Chennai,Royal Challengers Bengaluru,Chennai Super Kings,Chennai Super Kings,field,Chennai Super Kings,Royal Challengers Bengaluru,Chennai Super Kings,0.3333333333333333,0.6,0.8,0.625,0,0.48148148148148145,0.6164383561643836,1477.4028592544037,1624.3572204040458,0,1,0
1175357,2019-03-24,2019,"Eden Gardens, Kolkata",Kolkata,Sunrisers Hyderabad,Kolkata Knight Riders,Kolkata Knight Riders,field,Kolkata Knight Riders,Sunrisers Hyderabad,Kolkata Knight Riders,0.4,0.2,0.8,0.38571428571428573,0,0.5543478260869565,0.5308641975308642,1571.2146218285943,1568.3429093823675,0,1,0
1175358,2019-03-24,2019,"Wankhede Stadium, Mumbai",Mumbai,Delhi Capitals,Mumbai Indians,Mumbai Indians,field,Delhi Capitals,Delhi Capitals,Mumbai Indians,0.5,0.4,0.6,0.5,0,0.4240506329113924,0.5705882352941176,1465.1306429654246,1551.7273572156985,0,1,1
1175359,2019-03-25,2019,"Sawai Mansingh Stadium, Jaipur",Jaipur,Punjab Kings,Rajasthan Royals,Rajasthan Royals,field,Punjab Kings,Punjab Kings,Rajasthan Royals,0.375,0.0,0.6,0.35,0,0.4625,0.5271317829457365,1453.9316919198664,1524.900696035013,0,1,1
1175360,2019-03-26,2019,"Arun Jaitley Stadium, Delhi",Delhi,Delhi Capitals,Chennai Super Kings,Delhi Capitals,bat,Chennai Super Kings,Delhi Capitals,Chennai Super Kings,0.3333333333333333,0.6,0.8,0.48484848484848486,1,0.4276729559748428,0.6190476190476191,1485.0379897914095,1633.966365834608,1,0,0
1175361,2019-03-27,2019,"Eden Gardens, Kolkata",Kolkata,Kolkata Knight Riders,Punjab Kings,Punjab Kings,field,Kolkata Knight Riders,Kolkata Knight Riders,Punjab Kings,0.6521739130434783,0.8,0.2,0.38028169014084506,0,0.5337423312883436,0.4658385093167702,1584.475153616241,1473.1552263391682,1,0,1
1175362,2019-03-28,2019,"M Chinnaswamy Stadium, Bengaluru",Bengaluru,Mumbai Indians,Royal Challengers Bengaluru,Royal Challengers Bengaluru,field,Mumbai Indians,Mumbai Indians,Royal Challengers Bengaluru,0.6086956521739131,0.4,0.6,0.42857142857142855,0,0.5672514619883041,0.4785276073619632,1531.8200103897136,1467.7937138238415,0,1,1
1175363,2019-03-29,2019,"Rajiv Gandhi International Stadium, Uppal, Hyderabad",Hyderabad,Rajasthan Royals,Sunrisers Hyderabad,Rajasthan Royals,bat,Sunrisers Hyderabad,Rajasthan Royals,Sunrisers Hyderabad,0.4444444444444444,0.4,0.2,0.4,1,0.5230769230769231,0.5483870967741935,1505.6771616157112,1555.0823775947208,0,1,0
1175364,2019-03-30,2019,"Punjab Cricket Association IS Bindra Stadium, Mohali, Chandigarh",Chandigarh,Mumbai Indians,Punjab Kings,Punjab Kings,field,Punjab Kings,Mumbai Indians,Punjab Kings,0.5454545454545454,0.4,0.2,0.4489795918367347,0,0.5697674418604651,0.46296296296296297,1544.904420502059,1462.1131884557012,0,1,0
1175367,2019-03-31,2019,"MA Chidambaram Stadium, Chepauk, Chennai",Chennai,Chennai Super Kings,Rajasthan Royals,Rajasthan Royals,field,Chennai Super Kings,Chennai Super Kings,Rajasthan Royals,0.631578947368421,1.0,0.2,0.6122448979591837,0,0.6216216216216216,0.5190839694656488,1643.4992818765556,1491.9371435530309,1,0,1
1175366,2019-03-31,2019,"Rajiv Gandhi International Stadium, Uppal, Hyderabad",Hyderabad,Sunrisers Hyderabad,Royal Challengers Bengaluru,Royal Challengers Bengaluru,field,Sunrisers Hyderabad,Sunrisers Hyderabad,Royal Challengers Bengaluru,0.5454545454545454,0.4,0.4,0.39285714285714285,0,0.5531914893617021,0.47560975609756095,1568.822395657401,1454.709303711496,1,0,1
1175368,2019-04-01,2019,"Punjab Cricket Association IS Bindra Stadium, Mohali, Chandigarh",Chandigarh,Punjab Kings,Delhi Capitals,Delhi Capitals,field,Punjab Kings,Punjab Kings,Delhi Capitals,0.5909090909090909,0.4,0.6,0.44,0,0.4662576687116564,0.425,1481.8553025037434,1475.5050737494619,1,0,1
1175369,2019-04-02,2019,"Sawai Mansingh Stadium, Jaipur",Jaipur,Royal Challengers Bengaluru,Rajasthan Royals,Rajasthan Royals,field,Rajasthan Royals,Royal Challengers Bengaluru,Rajasthan Royals,0.47058823529411764,0.2,0.2,0.36585365853658536,0,0.4727272727272727,0.5151515151515151,1443.7832531840377,1482.5053896086063,0,1,0
1175370,2019-04-03,2019,"Wankhede Stadium, Mumbai",Mumbai,Mumbai Indians,Chennai Super Kings,Chennai Super Kings,field,Mumbai Indians,Mumbai Indians,Chennai Super Kings,0.5416666666666666,0.4,1.0,0.5074626865671642,0,0.5664739884393064,0.6241610738255033,1525.162306454017,1652.9310358209802,1,0,1
1175371,2019-04-04,2019,"Arun Jaitley Stadium, Delhi",Delhi,Delhi Capitals,Sunrisers Hyderabad,Sunrisers Hyderabad,field,Sunrisers Hyderabad,Delhi Capitals,Sunrisers Hyderabad,0.3333333333333333,0.6,0.6,0.47761194029850745,0,0.422360248447205,0.5578947368421052,1459.7974800306822,1579.7484461848594,1,0,0
1175372,2019-04-05,2019,"M Chinnaswamy Stadium, Bengaluru",Bengaluru,Royal Challengers Bengaluru,Kolkata Knight Riders,Kolkata Knight Riders,field,Kolkata Knight Riders,Royal Challengers Bengaluru,Kolkata Knight Riders,0.4090909090909091,0.0,0.8,0.43661971830985913,0,0.46987951807228917,0.5365853658536586,1429.5591266118697,1595.517191499708,1,0,0
1178393,2019-04-06,2019,"MA Chidambaram Stadium, Chepauk, Chennai",Chennai,Chennai Super Kings,Punjab Kings,Chennai Super Kings,bat,Chennai Super Kings,Chennai Super Kings,Punjab Kings,0.6111111111111112,0.8,0.6,0.62,1,0.62,0.4695121951219512,1631.2987108359805,1497.562896222523,1,0,1
1178394,2019-04-06,2019,"Rajiv Gandhi International Stadium, Uppal, Hyderabad",Hyderabad,Mumbai Indians,Sunrisers Hyderabad,Sunrisers Hyderabad,field,Mumbai Indians,Mumbai Indians,Sunrisers Hyderabad,0.4166666666666667,0.4,0.6,0.40350877192982454,0,0.5689655172413793,0.5625,1546.7946314390167,1590.4339934702282,0,1,1
1178395,2019-04-07,2019,"M Chinnaswamy Stadium, Bengaluru",Bengaluru,Royal Challengers Bengaluru,Delhi Capitals,Delhi Capitals,field,Delhi Capitals,Royal Challengers Bengaluru,Delhi Capitals,0.6842105263157895,0.0,0.4,0.4305555555555556,0,0.46706586826347307,0.41975308641975306,1420.6690819328,1449.1119327453134,1,0,0
1178396,2019-04-07,2019,"Sawai Mansingh Stadium, Jaipur",Jaipur,Rajasthan Royals,Kolkata Knight Riders,Kolkata Knight Riders,field,Kolkata Knight Riders,Rajasthan Royals,Kolkata Knight Riders,0.4375,0.2,0.8,0.35714285714285715,0,0.518796992481203,0.5393939393939394,1496.7295161807742,1604.4072361787776,1,0,0
1178397,2019-04-08,2019,"Punjab Cricket Association IS Bindra Stadium, Mohali, Chandigarh",Chandigarh,Sunrisers Hyderabad,Punjab Kings,Punjab Kings,field,Punjab Kings,Sunrisers Hyderabad,Punjab Kings,0.75,0.6,0.6,0.45098039215686275,0,0.5567010309278351,0.4666666666666667,1572.4348287540104,1487.4344934556955,0,1,0
1178398,2019-04-09,2019,"MA Chidambaram Stadium, Chepauk, Chennai",Chennai,Kolkata Knight Riders,Chennai Super Kings,Chennai Super Kings,field,Chennai Super Kings,Kolkata Knight Riders,Chennai Super Kings,0.3888888888888889,0.8,0.8,0.6274509803921569,0,0.5421686746987951,0.6225165562913907,1615.60138686629,1641.427113602808,0,1,0
1178399,2019-04-10,2019,"Wankhede Stadium, Mumbai",Mumbai,Punjab Kings,Mumbai Indians,Mumbai Indians,field,Mumbai Indians,Punjab Kings,Mumbai Indians,0.4782608695652174,0.6,0.6,0.5147058823529411,0,0.46987951807228917,0.5714285714285714,1507.272631497639,1564.7937961552345,0,1,0
1178400,2019-04-11,2019,"Sawai Mansingh Stadium, Jaipur",Jaipur,Rajasthan Royals,Chennai Super Kings,Chennai Super Kings,field,Chennai Super Kings,Rajasthan Royals,Chennai Super Kings,0.35,0.2,0.8,0.3488372093023256,0,0.5149253731343284,0.625,1485.5353654932617,1656.2399805551813,1,0,0
1178401,2019-04-12,2019,"Eden Gardens, Kolkata",Kolkata,Kolkata Knight Riders,Delhi Capitals,Delhi Capitals,field,Delhi Capitals,Kolkata Knight Riders,Delhi Capitals,0.6190476190476191,0.8,0.4,0.3888888888888889,0,0.5389221556886228,0.4233128834355828,1600.7885199139168,1463.8050093772847,1,0,0
1178402,2019-04-13,2019,"Wankhede Stadium, Mumbai",Mumbai,Mumbai Indians,Rajasthan Royals,Rajasthan Royals,field,Rajasthan Royals,Mumbai Indians,Rajasthan Royals,0.5555555555555556,0.8,0.2,0.5072463768115942,0,0.5738636363636364,0.5111111111111111,1578.168788610358,1476.8196746140216,1,0,0
1178403,2019-04-13,2019,"Punjab Cricket Association IS Bindra Stadium, Mohali, Chandigarh",Chandigarh,Punjab Kings,Royal Challengers Bengaluru,Royal Challengers Bengaluru,field,Royal Challengers Bengaluru,Punjab Kings,Royal Challengers Bengaluru,0.5454545454545454,0.6,0.0,0.4423076923076923,0,0.46706586826347307,0.4642857142857143,1493.8976390425155,1405.9760053008288,1,0,0
1178405,2019-04-14,2019,"Rajiv Gandhi International Stadium, Uppal, Hyderabad",Hyderabad,Delhi Capitals,Sunrisers Hyderabad,Sunrisers Hyderabad,field,Delhi Capitals,Delhi Capitals,Sunrisers Hyderabad,0.3076923076923077,0.4,0.6,0.41379310344827586,0,0.4268292682926829,0.5510204081632653,1485.805580770288,1552.596690712067,0,1,1
1178404,2019-04-14,2019,"Eden Gardens, Kolkata",Kolkata,Kolkata Knight Riders,Chennai Super Kings,Chennai Super Kings,field,Chennai Super Kings,Kolkata Knight Riders,Chennai Super Kings,0.3684210526315789,0.6,0.8,0.3835616438356164,0,0.5357142857142857,0.6274509803921569,1578.7879485209132,1664.9556714344214,1,0,0
1178406,2019-04-15,2019,"Wankhede Stadium, Mumbai",Mumbai,Royal Challengers Bengaluru,Mumbai Indians,Mumbai Indians,field,Mumbai Indians,Royal Challengers Bengaluru,Mumbai Indians,0.375,0.2,0.6,0.5,0,0.46745562130177515,0.5706214689265536,1425.9406744556713,1557.6295175561286,0,1,0
1178407,2019-04-16,2019,"Punjab Cricket Association IS Bindra Stadium, Mohali, Chandigarh",Chandigarh,Punjab Kings,Rajasthan Royals,Rajasthan Royals,field,Punjab Kings,Punjab Kings,Rajasthan Royals,0.4117647058823529,0.4,0.4,0.4339622641509434,0,0.4642857142857143,0.5147058823529411,1473.932969887673,1497.358945668251,1,0,1
1178408,2019-04-17,2019,"Rajiv Gandhi International Stadium, Uppal, Hyderabad",Hyderabad,Chennai Super Kings,Sunrisers Hyderabad,Chennai Super Kings,bat,Sunrisers Hyderabad,Chennai Super Kings,Sunrisers Hyderabad,0.8,0.8,0.4,0.423728813559322,1,0.6298701298701299,0.5454545454545454,1677.066907785908,1533.5581851947975,0,1,0
1178409,2019-04-18,2019,"Arun Jaitley Stadium, Delhi",Delhi,Mumbai Indians,Delhi Capitals,Mumbai Indians,bat,Mumbai Indians,Mumbai Indians,Delhi Capitals,0.4782608695652174,0.8,0.6,0.47058823529411764,1,0.5730337078651685,0.4303030303030303,1567.8396677223031,1504.8440862875575,0,1,1
1178410,2019-04-19,2019,"Eden Gardens, Kolkata",Kolkata,Royal Challengers Bengaluru,Kolkata Knight Riders,Kolkata Knight Riders,field,Royal Challengers Bengaluru,Royal Challengers Bengaluru,Kolkata Knight Riders,0.391304347826087,0.2,0.4,0.3783783783783784,0,0.4647058823529412,0.5325443786982249,1415.7305242894968,1566.6767121694268,0,1,1
1178411,2019-04-20,2019,"Sawai Mansingh Stadium, Jaipur",Jaipur,Mumbai Indians,Rajasthan Royals,Rajasthan Royals,field,Rajasthan Royals,Mumbai Indians,Rajasthan Royals,0.5263157894736842,0.8,0.4,0.3409090909090909,0,0.5754189944134078,0.5109489051094891,1580.96999255818,1480.281771464507,0,1,0
1178412,2019-04-20,2019,"Arun Jaitley Stadium, Delhi",Delhi,Punjab Kings,Delhi Capitals,Delhi Capitals,field,Delhi Capitals,Punjab Kings,Delhi Capitals,0.6086956521739131,0.4,0.6,0.4782608695652174,0,0.46745562130177515,0.42771084337349397,1491.0101440914168,1491.7137614516807,0,1,0
1178413,2019-04-21,2019,"Rajiv Gandhi International Stadium, Uppal, Hyderabad",Hyderabad,Kolkata Knight Riders,Sunrisers Hyderabad,Sunrisers Hyderabad,field,Sunrisers Hyderabad,Kolkata Knight Riders,Sunrisers Hyderabad,0.625,0.2,0.4,0.4166666666666667,0,0.5294117647058824,0.55,1544.1320685859587,1555.8151521654688,0,1,0
1178414,2019-04-21,2019,"M Chinnaswamy Stadium, Bengaluru",Bengaluru,Royal Challengers Bengaluru,Chennai Super Kings,Chennai Super Kings,field,Royal Challengers Bengaluru,Royal Challengers Bengaluru,Chennai Super Kings,0.3181818181818182,0.4,0.8,0.4246575342465753,0,0.4678362573099415,0.6258064516129033,1438.2751678729649,1654.8099408152366,1,0,1
1178415,2019-04-22,2019,"Sawai Mansingh Stadium, Jaipur",Jaipur,Rajasthan Royals,Delhi Capitals,Delhi Capitals,field,Delhi Capitals,Rajasthan Royals,Delhi Capitals,0.6111111111111112,0.4,0.8,0.3333333333333333,0,0.5144927536231884,0.4311377245508982,1500.7930418768904,1507.6813587190804,1,0,0
1178416,2019-04-23,2019,"MA Chidambaram Stadium, Chepauk, Chennai",Chennai,Sunrisers Hyderabad,Chennai Super Kings,Chennai Super Kings,field,Chennai Super Kings,Sunrisers Hyderabad,Chennai Super Kings,0.2727272727272727,0.4,0.6,0.6153846153846154,0,0.5544554455445545,0.6217948717948718,1571.2773289827974,1629.955894166135,0,1,0
1178417,2019-04-24,2019,"M Chinnaswamy Stadium, Bengaluru",Bengaluru,Royal Challengers Bengaluru,Punjab Kings,Punjab Kings,field,Royal Challengers Bengaluru,Royal Challengers Bengaluru,Punjab Kings,0.4782608695652174,0.6,0.4,0.43243243243243246,0,0.47093023255813954,0.4647058823529412,1463.1292145220664,1475.042546824017,1,0,1
1178418,2019-04-25,2019,"Eden Gardens, Kolkata",Kolkata,Kolkata Knight Riders,Rajasthan Royals,Rajasthan Royals,field,Rajasthan Royals,Kolkata Knight Riders,Rajasthan Royals,0.5882352941176471,0.0,0.4,0.38666666666666666,0,0.5263157894736842,0.5107913669064749,1528.6698917686301,1485.110219033164,1,0,0
1178419,2019-04-26,2019,"MA Chidambaram Stadium, Chepauk, Chennai",Chennai,Mumbai Indians,Chennai Super Kings,Chennai Super Kings,field,Mumbai Indians,Mumbai Indians,Chennai Super Kings,0.56,0.6,0.6,0.6037735849056604,0,0.5722222222222222,0.6242038216560509,1560.4587221457966,1643.2790495449804,0,1,1
1178420,2019-04-27,2019,"Sawai Mansingh Stadium, Jaipur",Jaipur,Sunrisers Hyderabad,Rajasthan Royals,Rajasthan Royals,field,Rajasthan Royals,Sunrisers Hyderabad,Rajasthan Royals,0.6,0.4,0.6,0.32608695652173914,0,0.5490196078431373,0.5142857142857142,1557.954173603952,1503.1057711113947,0,1,0
1178422,2019-04-28,2019,"Eden Gardens, Kolkata",Kolkata,Kolkata Knight Riders,Mumbai Indians,Mumbai Indians,field,Kolkata Knight Riders,Kolkata Knight Riders,Mumbai Indians,0.21739130434782608,0.0,0.6,0.3815789473684211,0,0.5232558139534884,0.574585635359116,1510.6743396903994,1580.2021027663927,1,0,1
1178421,2019-04-28,2019,"Arun Jaitley Stadium, Delhi",Delhi,Delhi Capitals,Royal Challengers Bengaluru,Delhi Capitals,bat,Delhi Capitals,Delhi Capitals,Royal Challengers Bengaluru,0.35,0.8,0.8,0.4714285714285714,1,0.43452380952380953,0.47398843930635837,1523.3641815628068,1479.6776288320816,1,0,1
1178423,2019-04-29,2019,"Rajiv Gandhi International Stadium, Uppal, Hyderabad",Hyderabad,Sunrisers Hyderabad,Punjab Kings,Punjab Kings,field,Sunrisers Hyderabad,Sunrisers Hyderabad,Punjab Kings,0.6923076923076923,0.4,0.2,0.4098360655737705,0,0.5436893203883495,0.4619883040935672,1539.4490872497813,1458.4941325140016,1,0,1
1178425,2019-05-01,2019,"MA Chidambaram Stadium, Chepauk, Chennai",Chennai,Chennai Super Kings,Delhi Capitals,Delhi Capitals,field,Chennai Super Kings,Chennai Super Kings,Delhi Capitals,0.6842105263157895,0.4,0.8,0.6111111111111112,0,0.620253164556962,0.4378698224852071,1623.5356689243843,1537.3628775989635,1,0,1
1178427,2019-05-03,2019,"Punjab Cricket Association IS Bindra Stadium, Mohali, Chandigarh",Chandigarh,Punjab Kings,Kolkata Knight Riders,Kolkata Knight Riders,field,Kolkata Knight Riders,Punjab Kings,Kolkata Knight Riders,0.3333333333333333,0.2,0.2,0.4444444444444444,0,0.45930232558139533,0.5260115606936416,1446.156210383624,1529.834143668239,1,0,0
1178428,2019-05-04,2019,"Arun Jaitley Stadium, Delhi",Delhi,Rajasthan Royals,Delhi Capitals,Rajasthan Royals,bat,Delhi Capitals,Rajasthan Royals,Delhi Capitals,0.5789473684210527,0.6,0.6,0.4788732394366197,1,0.5177304964539007,0.43529411764705883,1521.6108574655655,1525.2518608677103,0,1,0
1178429,2019-05-04,2019,"M Chinnaswamy Stadium, Bengaluru",Bengaluru,Sunrisers Hyderabad,Royal Challengers Bengaluru,Royal Challengers Bengaluru,field,Royal Challengers Bengaluru,Sunrisers Hyderabad,Royal Challengers Bengaluru,0.5833333333333334,0.6,0.6,0.44,0,0.5480769230769231,0.47126436781609193,1551.787009380159,1465.678932795925,0,1,0
1178430,2019-05-05,2019,"Punjab Cricket Association IS Bindra Stadium, Mohali, Chandigarh",Chandigarh,Chennai Super Kings,Punjab Kings,Punjab Kings,field,Punjab Kings,Chennai Super Kings,Punjab Kings,0.631578947368421,0.4,0.2,0.43636363636363634,0,0.6226415094339622,0.45664739884393063,1635.6466856556374,1433.9369017622164,0,1,0
1178431,2019-05-05,2019,"Wankhede Stadium, Mumbai",Mumbai,Kolkata Knight Riders,Mumbai Indians,Mumbai Indians,field,Mumbai Indians,Kolkata Knight Riders,Mumbai Indians,0.25,0.4,0.6,0.49295774647887325,0,0.5287356321839081,0.5714285714285714,1542.0534522896467,1561.0422987885531,0,1,0
1181764,2019-05-07,2019,"MA Chidambaram Stadium, Chepauk, Chennai",Chennai,Chennai Super Kings,Mumbai Indians,Chennai Super Kings,bat,Mumbai Indians,Chennai Super Kings,Mumbai Indians,0.4230769230769231,0.4,0.6,0.6181818181818182,1,0.61875,0.5737704918032787,1611.2774420548085,1576.1686997579218,1,0,0
1181766,2019-05-08,2019,"Dr. Y.S. Rajasekhara Reddy ACA-VDCA Cricket Stadium, Visakhapatnam",Visakhapatnam,Sunrisers Hyderabad,Delhi Capitals,Delhi Capitals,field,Delhi Capitals,Sunrisers Hyderabad,Delhi Capitals,0.6428571428571429,0.4,0.8,0.5454545454545454,0,0.5428571428571428,0.43859649122807015,1531.9008303940407,1541.0841926024668,0,0,0
1181767,2019-05-10,2019,"Dr. Y.S. Rajasekhara Reddy ACA-VDCA Cricket Stadium, Visakhapatnam",Visakhapatnam,Delhi Capitals,Chennai Super Kings,Chennai Super Kings,field,Chennai Super Kings,Delhi Capitals,Chennai Super Kings,0.3,0.8,0.4,0.5,0,0.4418604651162791,0.6149068322981367,1556.6613816039264,1593.6661056165915,0,0,0
1181768,2019-05-12,2019,"Rajiv Gandhi International Stadium, Uppal, Hyderabad",Hyderabad,Mumbai Indians,Chennai Super Kings,Mumbai Indians,bat,Mumbai Indians,Mumbai Indians,Chennai Super Kings,0.5925925925925926,0.6,0.4,0.41935483870967744,1,0.5760869565217391,0.6172839506172839,1593.7800361961388,1607.9683898713622,0,0,1
1216492,2020-09-19,2020,"Zayed Cricket Stadium, Abu Dhabi",Abu Dhabi,Mumbai Indians,Chennai Super Kings,Chennai Super Kings,field,Chennai Super Kings,Mumbai Indians,Chennai Super Kings,0.6071428571428571,0.8,0.4,0.5,0,0.5783783783783784,0.6134969325153374,1610.433071049853,1591.315355017648,0,0,0
1216534,2020-09-21,2020,Dubai International Cricket Stadium,Dubai,Royal Challengers Bengaluru,Sunrisers Hyderabad,Sunrisers Hyderabad,field,Royal Challengers Bengaluru,Royal Challengers Bengaluru,Sunrisers Hyderabad,0.46153846153846156,0.8,0.2,0.42857142857142855,0,0.4742857142857143,0.5377358490566038,1485.5651117820432,1516.323641392581,0,0,1
1216496,2020-09-22,2020,Sharjah Cricket Stadium,Sharjah,Rajasthan Royals,Chennai Super Kings,Chennai Super Kings,field,Rajasthan Royals,Rajasthan Royals,Chennai Super Kings,0.3333333333333333,0.6,0.4,0.3333333333333333,0,0.5140845070422535,0.6158536585365854,1505.778525730809,1608.1948708973705,0,0,1
1216508,2020-09-23,2020,"Zayed Cricket Stadium, Abu Dhabi",Abu Dhabi,Mumbai Indians,Kolkata Knight Riders,Kolkata Knight Riders,field,Mumbai Indians,Mumbai Indians,Kolkata Knight Riders,0.76,0.6,0.4,0.42857142857142855,0,0.5752688172043011,0.5257142857142857,1593.5535551701305,1526.927051320278,0,0,1
1216510,2020-09-24,2020,Dubai International Cricket Stadium,Dubai,Punjab Kings,Royal Challengers Bengaluru,Royal Challengers Bengaluru,field,Punjab Kings,Punjab Kings,Royal Challengers Bengaluru,0.5,0.2,0.8,0.5,0,0.45977011494252873,0.4772727272727273,1458.3061453630453,1502.9779053787447,0,0,1
1216539,2020-09-25,2020,Dubai International Cricket Stadium,Dubai,Delhi Capitals,Chennai Super Kings,Chennai Super Kings,field,Delhi Capitals,Delhi Capitals,Chennai Super Kings,0.2857142857142857,0.6,0.4,0.5555555555555556,0,0.4393063583815029,0.6121212121212121,1542.3590973491557,1587.6104473417229,0,0,1
1216545,2020-09-26,2020,"Zayed Cricket Stadium, Abu Dhabi",Abu Dhabi,Sunrisers Hyderabad,Kolkata Knight Riders,Sunrisers Hyderabad,bat,Kolkata Knight Riders,Sunrisers Hyderabad,Kolkata Knight Riders,0.4117647058823529,0.2,0.4,0.5,1,0.5327102803738317,0.5227272727272727,1498.9108477958796,1513.9582491730441,0,0,0
1216527,2020-09-27,2020,Sharjah Cricket Stadium,Sharjah,Punjab Kings,Rajasthan Royals,Rajasthan Royals,field,Rajasthan Royals,Punjab Kings,Rajasthan Royals,0.4444444444444444,0.4,0.6,0.42857142857142855,0,0.46285714285714286,0.5174825174825175,1476.35209400613,1526.3629492864566,0,0,0
1216532,2020-09-29,2020,"Zayed Cricket Stadium, Abu Dhabi",Abu Dhabi,Sunrisers Hyderabad,Delhi Capitals,Delhi Capitals,field,Sunrisers Hyderabad,Sunrisers Hyderabad,Delhi Capitals,0.6,0.2,0.6,0.4444444444444444,0,0.5277777777777778,0.4425287356321839,1483.6033732909768,1560.4312950419396,0,0,1
1216504,2020-09-30,2020,Dubai International Cricket Stadium,Dubai,Kolkata Knight Riders,Rajasthan Royals,Rajasthan Royals,field,Kolkata Knight Riders,Kolkata Knight Riders,Rajasthan Royals,0.5555555555555556,0.6,0.8,0.6,0,0.5254237288135594,0.5208333333333334,1529.2657236779469,1540.075639839438,0,0,1
1216503,2020-10-01,2020,"Zayed Cricket Stadium, Abu Dhabi",Abu Dhabi,Mumbai Indians,Punjab Kings,Punjab Kings,field,Mumbai Indians,Mumbai Indians,Punjab Kings,0.5416666666666666,0.8,0.4,0.5,0,0.5775401069518716,0.4602272727272727,1606.5223573173644,1462.6394034531486,0,0,1
1216516,2020-10-02,2020,Dubai International Cricket Stadium,Dubai,Sunrisers Hyderabad,Chennai Super Kings,Sunrisers Hyderabad,bat,Sunrisers Hyderabad,Sunrisers Hyderabad,Chennai Super Kings,0.25,0.2,0.4,0.6363636363636364,1,0.5321100917431193,0.608433734939759,1503.0848681181326,1569.538249648939,0,0,1
1216514,2020-10-03,2020,"Zayed Cricket Stadium, Abu Dhabi",Abu Dhabi,Rajasthan Royals,Royal Challengers Bengaluru,Rajasthan Royals,bat,Royal Challengers Bengaluru,Rajasthan Royals,Royal Challengers Bengaluru,0.5555555555555556,0.6,0.6,0.5454545454545454,1,0.5172413793103449,0.4745762711864407,1523.5779853770357,1484.93195673566,0,0,0
1216515,2020-10-03,2020,Sharjah Cricket Stadium,Sharjah,Delhi Capitals,Kolkata Knight Riders,Kolkata Knight Riders,field,Delhi Capitals,Delhi Capitals,Kolkata Knight Riders,0.4090909090909091,0.6,0.6,0.375,0,0.44,0.5280898876404494,1540.9498002147839,1545.7633781403492,0,0,1
1216513,2020-10-04,2020,Dubai International Cricket Stadium,Dubai,Punjab Kings,Chennai Super Kings,Punjab Kings,bat,Chennai Super Kings,Punjab Kings,Chennai Super Kings,0.4,0.4,0.2,0.6666666666666666,1,0.4576271186440678,0.6047904191616766,1452.9109626949044,1550.5147389528456,0,0,0
1216538,2020-10-04,2020,Sharjah Cricket Stadium,Sharjah,Mumbai Indians,Sunrisers Hyderabad,Mumbai Indians,bat,Mumbai Indians,Mumbai Indians,Sunrisers Hyderabad,0.46153846153846156,0.8,0.4,0.4444444444444444,1,0.5797872340425532,0.5363636363636364,1616.2507980756086,1522.108378814226,0,0,1
1216519,2020-10-05,2020,Dubai International Cricket Stadium,Dubai,Delhi Capitals,Royal Challengers Bengaluru,Royal Challengers Bengaluru,field,Delhi Capitals,Delhi Capitals,Royal Challengers Bengaluru,0.38095238095238093,0.6,0.6,0.6153846153846154,0,0.4431818181818182,0.47752808988764045,1557.1714594879966,1502.704368364069,0,0,1
1216511,2020-10-06,2020,"Zayed Cricket Stadium, Abu Dhabi",Abu Dhabi,Mumbai Indians,Rajasthan Royals,Mumbai Indians,bat,Mumbai Indians,Mumbai Indians,Rajasthan Royals,0.5,0.8,0.4,0.5,1,0.582010582010582,0.5136986301369864,1628.0184572965582,1505.8055737486266,0,0,1
1216501,2020-10-07,2020,"Zayed Cricket Stadium, Abu Dhabi",Abu Dhabi,Kolkata Knight Riders,Chennai Super Kings,Kolkata Knight Riders,bat,Kolkata Knight Riders,Kolkata Knight Riders,Chennai Super Kings,0.35,0.4,0.4,0.5384615384615384,1,0.5251396648044693,0.6071428571428571,1529.5417188671365,1562.1345448816198,0,0,1
1216542,2020-10-08,2020,Dubai International Cricket Stadium,Dubai,Sunrisers Hyderabad,Punjab Kings,Sunrisers Hyderabad,bat,Sunrisers Hyderabad,Sunrisers Hyderabad,Punjab Kings,0.7142857142857143,0.4,0.4,0.6428571428571429,1,0.5315315315315315,0.4550561797752809,1510.3407195932764,1441.2911567661301,0,0,1
1216500,2020-10-09,2020,Sharjah Cricket Stadium,Sharjah,Delhi Capitals,Rajasthan Royals,Rajasthan Royals,field,Delhi Capitals,Delhi Capitals,Rajasthan Royals,0.45,0.6,0.4,0.5,0,0.4463276836158192,0.5102040816326531,1570.6835056502625,1495.2124982348455,0,0,1
1216523,2020-10-10,2020,"Zayed Cricket Stadium, Abu Dhabi",Abu Dhabi,Kolkata Knight Riders,Punjab Kings,Kolkata Knight Riders,bat,Kolkata Knight Riders,Kolkata Knight Riders,Punjab Kings,0.68,0.6,0.2,0.5714285714285714,1,0.5277777777777778,0.45251396648044695,1547.0382864862029,1428.4297919545697,0,0,1
1216525,2020-10-10,2020,Dubai International Cricket Stadium,Dubai,Royal Challengers Bengaluru,Chennai Super Kings,Royal Challengers Bengaluru,bat,Royal Challengers Bengaluru,Royal Challengers Bengaluru,Chennai Super Kings,0.34782608695652173,0.6,0.2,0.6666666666666666,1,0.4748603351955307,0.6035502958579881,1489.192322201803,1544.6379772625535,0,0,1
1216529,2020-10-11,2020,"Zayed Cricket Stadium, Abu Dhabi",Abu Dhabi,Delhi Capitals,Mumbai Indians,Delhi Capitals,bat,Mumbai Indians,Delhi Capitals,Mumbai Indians,0.5,0.8,0.8,0.6,1,0.449438202247191,0.5842105263157895,1583.2615907432664,1638.6115328103392,0,0,0
1216507,2020-10-11,2020,Dubai International Cricket Stadium,Dubai,Sunrisers Hyderabad,Rajasthan Royals,Sunrisers Hyderabad,bat,Rajasthan Royals,Sunrisers Hyderabad,Rajasthan Royals,0.5454545454545454,0.6,0.2,0.6875,1,0.5357142857142857,0.5067567567567568,1523.2020844048368,1482.6344131418416,0,0,0
1216540,2020-10-12,2020,Sharjah Cricket Stadium,Sharjah,Royal Challengers Bengaluru,Kolkata Knight Riders,Royal Challengers Bengaluru,bat,Royal Challengers Bengaluru,Royal Challengers Bengaluru,Kolkata Knight Riders,0.4166666666666667,0.6,0.8,0.5454545454545454,1,0.4777777777777778,0.5303867403314917,1507.7242315758056,1557.778906598092,0,0,1
1216528,2020-10-13,2020,Dubai International Cricket Stadium,Dubai,Chennai Super Kings,Sunrisers Hyderabad,Chennai Super Kings,bat,Chennai Super Kings,Chennai Super Kings,Sunrisers Hyderabad,0.6923076923076923,0.2,0.6,0.6470588235294118,1,0.6,0.5309734513274337,1526.106067888551,1505.342318219854,0,0,1
1216543,2020-10-14,2020,Dubai International Cricket Stadium,Dubai,Delhi Capitals,Rajasthan Royals,Delhi Capitals,bat,Delhi Capitals,Delhi Capitals,Rajasthan Royals,0.47619047619047616,0.6,0.2,0.6666666666666666,1,0.44692737430167595,0.5100671140939598,1569.7892025593449,1500.4941793268245,0,0,1
1216531,2020-10-15,2020,Sharjah Cricket Stadium,Sharjah,Royal Challengers Bengaluru,Punjab Kings,Royal Challengers Bengaluru,bat,Punjab Kings,Royal Challengers Bengaluru,Punjab Kings,0.48,0.6,0.0,0.5833333333333334,1,0.48066298342541436,0.45,1526.0135177202271,1417.6891718426807,0,0,0
1216526,2020-10-16,2020,"Zayed Cricket Stadium, Abu Dhabi",Abu Dhabi,Kolkata Knight Riders,Mumbai Indians,Kolkata Knight Riders,bat,Mumbai Indians,Kolkata Knight Riders,Mumbai Indians,0.23076923076923078,0.6,1.0,0.5625,1,0.5274725274725275,0.5863874345549738,1539.4896204536703,1652.0839209942608,0,0,0
1216509,2020-10-17,2020,Sharjah Cricket Stadium,Sharjah,Chennai Super Kings,Delhi Capitals,Chennai Super Kings,bat,Delhi Capitals,Chennai Super Kings,Delhi Capitals,0.6818181818181818,0.4,0.8,0.5384615384615384,1,0.6023391812865497,0.45,1541.1509986508458,1582.6396999889591,0,0,0
1216522,2020-10-17,2020,Dubai International Cricket Stadium,Dubai,Rajasthan Royals,Royal Challengers Bengaluru,Rajasthan Royals,bat,Royal Challengers Bengaluru,Rajasthan Royals,Royal Challengers Bengaluru,0.5263157894736842,0.2,0.6,0.6842105263157895,1,0.5066666666666667,0.47802197802197804,1487.6436818972102,1505.1805919289413,0,0,0
1216533,2020-10-19,2020,"Zayed Cricket Stadium, Abu Dhabi",Abu Dhabi,Chennai Super Kings,Rajasthan Royals,Chennai Super Kings,bat,Rajasthan Royals,Chennai Super Kings,Rajasthan Royals,0.6363636363636364,0.4,0.2,0.5294117647058824,1,0.5988372093023255,0.5033112582781457,1527.0525937965024,1472.450601288439,0,0,0
1216546,2020-10-20,2020,Dubai International Cricket Stadium,Dubai,Delhi Capitals,Punjab Kings,Delhi Capitals,bat,Punjab Kings,Delhi Capitals,Punjab Kings,0.4166666666666667,0.8,0.2,0.65,1,0.4530386740331492,0.4530386740331492,1596.7381048433026,1438.5220976339665,0,0,0
1216494,2020-10-21,2020,"Zayed Cricket Stadium, Abu Dhabi",Abu Dhabi,Kolkata Knight Riders,Royal Challengers Bengaluru,Kolkata Knight Riders,bat,Royal Challengers Bengaluru,Kolkata Knight Riders,Royal Challengers Bengaluru,0.56,0.4,0.6,0.5,1,0.5245901639344263,0.4808743169398907,1528.5005739676262,1520.3736725377125,0,0,0
1216518,2020-10-22,2020,Dubai International Cricket Stadium,Dubai,Rajasthan Royals,Sunrisers Hyderabad,Sunrisers Hyderabad,field,Sunrisers Hyderabad,Rajasthan Royals,Sunrisers Hyderabad,0.5,0.4,0.4,0.6190476190476191,0,0.506578947368421,0.5263157894736842,1490.9446169854625,1490.2973874575591,0,0,0
1216521,2020-10-23,2020,Sharjah Cricket Stadium,Sharjah,Chennai Super Kings,Mumbai Indians,Mumbai Indians,field,Mumbai Indians,Chennai Super Kings,Mumbai Indians,0.41379310344827586,0.2,1.0,0.5,0,0.5953757225433526,0.5885416666666666,1508.5585780994788,1663.072967480305,0,0,0
1216497,2020-10-24,2020,"Zayed Cricket Stadium, Abu Dhabi",Abu Dhabi,Kolkata Knight Riders,Delhi Capitals,Delhi Capitals,field,Kolkata Knight Riders,Kolkata Knight Riders,Delhi Capitals,0.5652173913043478,0.4,0.6,0.47368421052631576,0,0.5217391304347826,0.45054945054945056,1512.1263845685637,1573.9170940374822,0,0,1
1216498,2020-10-24,2020,Dubai International Cricket Stadium,Dubai,Punjab Kings,Sunrisers Hyderabad,Sunrisers Hyderabad,field,Punjab Kings,Punjab Kings,Sunrisers Hyderabad,0.26666666666666666,0.4,0.4,0.5909090909090909,0,0.45604395604395603,0.5304347826086957,1461.3431084397869,1506.3271934443344,0,0,1
1216544,2020-10-25,2020,Dubai International Cricket Stadium,Dubai,Royal Challengers Bengaluru,Chennai Super Kings,Royal Challengers Bengaluru,bat,Chennai Super Kings,Royal Challengers Bengaluru,Chennai Super Kings,0.375,0.8,0.2,0.6086956521739131,1,0.483695652173913,0.5919540229885057,1536.747861936775,1499.2394729540642,0,0,0
1216541,2020-10-25,2020,"Zayed Cricket Stadium, Abu Dhabi",Abu Dhabi,Mumbai Indians,Rajasthan Royals,Mumbai Indians,bat,Rajasthan Royals,Mumbai Indians,Rajasthan Royals,0.5238095238095238,1.0,0.4,0.5,1,0.5906735751295337,0.5032679738562091,1672.3920726257195,1474.9148109986872,0,0,0
1216520,2020-10-26,2020,Sharjah Cricket Stadium,Sharjah,Kolkata Knight Riders,Punjab Kings,Punjab Kings,field,Punjab Kings,Kolkata Knight Riders,Punjab Kings,0.6923076923076923,0.4,0.6,0.4666666666666667,0,0.5243243243243243,0.45901639344262296,1530.9423250140337,1479.403203369398,0,0,0
1216524,2020-10-27,2020,Dubai International Cricket Stadium,Dubai,Sunrisers Hyderabad,Delhi Capitals,Delhi Capitals,field,Sunrisers Hyderabad,Sunrisers Hyderabad,Delhi Capitals,0.625,0.4,0.4,0.5833333333333334,0,0.5258620689655172,0.44808743169398907,1488.2670985147233,1555.1011535920122,0,0,1
1216499,2020-10-28,2020,"Zayed Cricket Stadium, Abu Dhabi",Abu Dhabi,Royal Challengers Bengaluru,Mumbai Indians,Mumbai Indians,field,Mumbai Indians,Royal Challengers Bengaluru,Mumbai Indians,0.36,0.6,0.8,0.47619047619047616,0,0.4810810810810811,0.5876288659793815,1519.0272162480683,1648.165314064054,0,0,0
1216536,2020-10-29,2020,Dubai International Cricket Stadium,Dubai,Kolkata Knight Riders,Chennai Super Kings,Chennai Super Kings,field,Chennai Super Kings,Kolkata Knight Riders,Chennai Super Kings,0.38095238095238093,0.2,0.4,0.6,0,0.521505376344086,0.5942857142857143,1512.586118385683,1516.960118642771,0,0,0
1216537,2020-10-30,2020,"Zayed Cricket Stadium, Abu Dhabi",Abu Dhabi,Punjab Kings,Rajasthan Royals,Rajasthan Royals,field,Rajasthan Royals,Punjab Kings,Rajasthan Royals,0.42105263157894735,0.8,0.4,0.45454545454545453,0,0.46195652173913043,0.5064935064935064,1497.7594099977487,1499.1415695603528,0,0,0
1216502,2020-10-31,2020,Sharjah Cricket Stadium,Sharjah,Royal Challengers Bengaluru,Sunrisers Hyderabad,Sunrisers Hyderabad,field,Sunrisers Hyderabad,Royal Challengers Bengaluru,Sunrisers Hyderabad,0.5,0.4,0.4,0.4375,0,0.478494623655914,0.5299145299145299,1508.7147116448514,1507.307510359144,0,0,0
1216535,2020-10-31,2020,Dubai International Cricket Stadium,Dubai,Delhi Capitals,Mumbai Indians,Mumbai Indians,field,Mumbai Indians,Delhi Capitals,Mumbai Indians,0.48,0.4,0.8,0.5769230769230769,0,0.44565217391304346,0.5897435897435898,1536.0607417475915,1658.4778186672709,0,0,0
1216506,2020-11-01,2020,"Zayed Cricket Stadium, Abu Dhabi",Abu Dhabi,Punjab Kings,Chennai Super Kings,Chennai Super Kings,field,Chennai Super Kings,Punjab Kings,Chennai Super Kings,0.38095238095238093,0.8,0.4,0.43478260869565216,0,0.4594594594594595,0.5965909090909091,1481.823060462074,1532.7586991280523,0,0,0
1216530,2020-11-01,2020,Dubai International Cricket Stadium,Dubai,Kolkata Knight Riders,Rajasthan Royals,Rajasthan Royals,field,Kolkata Knight Riders,Kolkata Knight Riders,Rajasthan Royals,0.5789473684210527,0.2,0.6,0.5555555555555556,0,0.5187165775401069,0.5096774193548387,1496.7875379004017,1515.0779190960275,0,0,1
1216505,2020-11-02,2020,"Zayed Cricket Stadium, Abu Dhabi",Abu Dhabi,Royal Challengers Bengaluru,Delhi Capitals,Delhi Capitals,field,Delhi Capitals,Royal Challengers Bengaluru,Delhi Capitals,0.5909090909090909,0.4,0.2,0.4166666666666667,0,0.47593582887700536,0.44324324324324327,1492.6499079851426,1525.4759941703833,0,0,0
1216495,2020-11-03,2020,Sharjah Cricket Stadium,Sharjah,Mumbai Indians,Sunrisers Hyderabad,Sunrisers Hyderabad,field,Sunrisers Hyderabad,Mumbai Indians,Sunrisers Hyderabad,0.5,0.8,0.6,0.4117647058823529,0,0.5918367346938775,0.5338983050847458,1669.062566244479,1523.3723140188529,0,0,0
1237177,2020-11-05,2020,Dubai International Cricket Stadium,Dubai,Mumbai Indians,Delhi Capitals,Delhi Capitals,field,Mumbai Indians,Mumbai Indians,Delhi Capitals,0.5384615384615384,0.6,0.2,0.5714285714285714,0,0.5888324873096447,0.44623655913978494,1646.7207093354025,1539.9687791744757,0,0,1
1237178,2020-11-06,2020,"Zayed Cricket Stadium, Abu Dhabi",Abu Dhabi,Royal Challengers Bengaluru,Sunrisers Hyderabad,Sunrisers Hyderabad,field,Sunrisers Hyderabad,Royal Challengers Bengaluru,Sunrisers Hyderabad,0.4666666666666667,0.2,0.8,0.4,0,0.4734042553191489,0.5378151260504201,1478.1571229810502,1545.7141709279294,0,0,0
1237180,2020-11-08,2020,"Zayed Cricket Stadium, Abu Dhabi",Abu Dhabi,Delhi Capitals,Sunrisers Hyderabad,Delhi Capitals,bat,Delhi Capitals,Delhi Capitals,Sunrisers Hyderabad,0.35294117647058826,0.2,0.8,0.38461538461538464,1,0.44385026737967914,0.5416666666666666,1528.7358097473586,1558.6416790402936,0,0,1
1237181,2020-11-10,2020,Dubai International Cricket Stadium,Dubai,Delhi Capitals,Mumbai Indians,Delhi Capitals,bat,Mumbai Indians,Delhi Capitals,Mumbai Indians,0.4444444444444444,0.4,0.6,0.5862068965517241,1,0.44680851063829785,0.5909090909090909,1546.1096346725028,1657.9536787625195,0,0,0
1254058,2021-04-09,2021,"MA Chidambaram Stadium, Chepauk, Chennai",Chennai,Mumbai Indians,Royal Challengers Bengaluru,Royal Challengers Bengaluru,field,Royal Challengers Bengaluru,Mumbai Indians,Royal Challengers Bengaluru,0.6538461538461539,0.8,0.0,0.6071428571428571,0,0.592964824120603,0.4708994708994709,1668.9739079950837,1465.229614868686,0,0,0
1254059,2021-04-10,2021,"Wankhede Stadium, Mumbai",Mumbai,Chennai Super Kings,Delhi Capitals,Delhi Capitals,field,Delhi Capitals,Chennai Super Kings,Delhi Capitals,0.6521739130434783,0.6,0.4,0.4861111111111111,0,0.5988700564971752,0.4444444444444444,1546.429688152082,1535.0894054399387,0,0,0
1254060,2021-04-11,2021,"MA Chidambaram Stadium, Chepauk, Chennai",Chennai,Kolkata Knight Riders,Sunrisers Hyderabad,Sunrisers Hyderabad,field,Kolkata Knight Riders,Kolkata Knight Riders,Sunrisers Hyderabad,0.6111111111111112,0.4,0.8,0.5964912280701754,0,0.5212765957446809,0.5371900826446281,1513.6290638281766,1541.2678541151495,0,0,1
1254061,2021-04-12,2021,"Wankhede Stadium, Mumbai",Mumbai,Punjab Kings,Rajasthan Royals,Rajasthan Royals,field,Punjab Kings,Punjab Kings,Rajasthan Royals,0.4,0.6,0.6,0.4794520547945205,0,0.45698924731182794,0.5064102564102564,1468.1520714380442,1498.2363931682526,0,0,1
1254062,2021-04-13,2021,"MA Chidambaram Stadium, Chepauk, Chennai",Chennai,Mumbai Indians,Kolkata Knight Riders,Kolkata Knight Riders,field,Mumbai Indians,Mumbai Indians,Kolkata Knight Riders,0.7777777777777778,0.6,0.6,0.603448275862069,0,0.59,0.5238095238095238,1644.5368156445147,1530.8991990075929,0,0,1
1254063,2021-04-14,2021,"MA Chidambaram Stadium, Chepauk, Chennai",Chennai,Royal Challengers Bengaluru,Sunrisers Hyderabad,Sunrisers Hyderabad,field,Royal Challengers Bengaluru,Royal Challengers Bengaluru,Sunrisers Hyderabad,0.4375,0.2,0.6,0.6101694915254238,0,0.47368421052631576,0.5327868852459017,1489.666707219255,1523.9977189357332,0,0,1
1254064,2021-04-15,2021,"Wankhede Stadium, Mumbai",Mumbai,Delhi Capitals,Rajasthan Royals,Rajasthan Royals,field,Rajasthan Royals,Delhi Capitals,Rajasthan Royals,0.5,0.6,0.4,0.4864864864864865,0,0.4473684210526316,0.5031847133757962,1551.6114593785899,1480.8544111537426,0,0,0
1254065,2021-04-16,2021,"Wankhede Stadium, Mumbai",Mumbai,Punjab Kings,Chennai Super Kings,Chennai Super Kings,field,Chennai Super Kings,Punjab Kings,Chennai Super Kings,0.36363636363636365,0.6,0.6,0.48,0,0.45989304812834225,0.5955056179775281,1485.5340534525542,1529.9076342134308,0,0,0
1254066,2021-04-17,2021,"MA Chidambaram Stadium, Chepauk, Chennai",Chennai,Mumbai Indians,Sunrisers Hyderabad,Mumbai Indians,bat,Mumbai Indians,Mumbai Indians,Sunrisers Hyderabad,0.4666666666666667,0.6,0.4,0.6166666666666667,1,0.5920398009950248,0.5284552845528455,1655.4825691138674,1506.421842997692,0,0,1
1254067,2021-04-18,2021,"MA Chidambaram Stadium, Chepauk, Chennai",Chennai,Royal Challengers Bengaluru,Kolkata Knight Riders,Royal Challengers Bengaluru,bat,Royal Challengers Bengaluru,Royal Challengers Bengaluru,Kolkata Knight Riders,0.46153846153846156,0.4,0.4,0.6229508196721312,1,0.47643979057591623,0.5210526315789473,1507.2425831572962,1519.9534455382402,0,0,1
1254068,2021-04-18,2021,"Wankhede Stadium, Mumbai",Mumbai,Punjab Kings,Delhi Capitals,Delhi Capitals,field,Delhi Capitals,Punjab Kings,Delhi Capitals,0.6,0.4,0.4,0.47368421052631576,0,0.4574468085106383,0.44502617801047123,1471.5664934834142,1532.3972908375017,0,0,0
1254069,2021-04-19,2021,"Wankhede Stadium, Mumbai",Mumbai,Chennai Super Kings,Rajasthan Royals,Rajasthan Royals,field,Chennai Super Kings,Chennai Super Kings,Rajasthan Royals,0.6086956521739131,0.8,0.6,0.4675324675324675,0,0.5977653631284916,0.5063291139240507,1543.8751941825708,1500.0685796948308,0,0,1
1254070,2021-04-20,2021,"MA Chidambaram Stadium, Chepauk, Chennai",Chennai,Mumbai Indians,Delhi Capitals,Mumbai Indians,bat,Delhi Capitals,Mumbai Indians,Delhi Capitals,0.5714285714285714,0.8,0.6,0.6290322580645161,1,0.594059405940594,0.4479166666666667,1665.010386737143,1545.6242074544743,0,0,0
1254071,2021-04-21,2021,"MA Chidambaram Stadium, Chepauk, Chennai",Chennai,Punjab Kings,Sunrisers Hyderabad,Punjab Kings,bat,Sunrisers Hyderabad,Punjab Kings,Sunrisers Hyderabad,0.3125,0.2,0.2,0.6190476190476191,1,0.455026455026455,0.5241935483870968,1458.3395768664416,1496.8940253744163,0,0,0
1254072,2021-04-21,2021,"Wankhede Stadium, Mumbai",Mumbai,Chennai Super Kings,Kolkata Knight Riders,Kolkata Knight Riders,field,Chennai Super Kings,Chennai Super Kings,Kolkata Knight Riders,0.6363636363636364,0.8,0.4,0.47435897435897434,0,0.6,0.518324607329843,1557.8684479100095,1503.3683497102752,0,0,1
1254073,2021-04-22,2021,"Wankhede Stadium, Mumbai",Mumbai,Rajasthan Royals,Royal Challengers Bengaluru,Royal Challengers Bengaluru,field,Royal Challengers Bengaluru,Rajasthan Royals,Royal Challengers Bengaluru,0.5,0.4,0.6,0.4810126582278481,0,0.5031446540880503,0.4791666666666667,1486.075325967392,1523.8276789852612,0,0,0
1254074,2021-04-23,2021,"MA Chidambaram Stadium, Chepauk, Chennai",Chennai,Mumbai Indians,Punjab Kings,Punjab Kings,field,Punjab Kings,Mumbai Indians,Punjab Kings,0.56,0.6,0.2,0.609375,0,0.5911330049261084,0.45263157894736844,1643.7190863919463,1444.1078227053863,0,0,0
1254075,2021-04-24,2021,"Wankhede Stadium, Mumbai",Mumbai,Kolkata Knight Riders,Rajasthan Royals,Rajasthan Royals,field,Rajasthan Royals,Kolkata Knight Riders,Rajasthan Royals,0.6,0.4,0.2,0.475,0,0.515625,0.5,1489.8577868047173,1471.8070758432798,0,0,0
1254076,2021-04-25,2021,"Wankhede Stadium, Mumbai",Mumbai,Chennai Super Kings,Royal Challengers Bengaluru,Chennai Super Kings,bat,Chennai Super Kings,Chennai Super Kings,Royal Challengers Bengaluru,0.64,0.8,0.8,0.4691358024691358,1,0.6022099447513812,0.48186528497409326,1571.3790108155674,1538.0959291093734,0,0,1
1254078,2021-04-26,2021,"Narendra Modi Stadium, Ahmedabad",Ahmedabad,Punjab Kings,Kolkata Knight Riders,Kolkata Knight Riders,field,Kolkata Knight Riders,Punjab Kings,Kolkata Knight Riders,0.3333333333333333,0.4,0.2,0.5454545454545454,0,0.45549738219895286,0.5129533678756477,1468.406646066532,1473.027267964752,0,0,0
1254079,2021-04-27,2021,"Narendra Modi Stadium, Ahmedabad",Ahmedabad,Royal Challengers Bengaluru,Delhi Capitals,Delhi Capitals,field,Royal Challengers Bengaluru,Royal Challengers Bengaluru,Delhi Capitals,0.5652173913043478,0.8,0.6,0.5,0,0.4793814432989691,0.45077720207253885,1523.6240001773297,1566.915507799671,0,0,1
1254080,2021-04-28,2021,"Arun Jaitley Stadium, Delhi",Delhi,Sunrisers Hyderabad,Chennai Super Kings,Sunrisers Hyderabad,bat,Chennai Super Kings,Sunrisers Hyderabad,Chennai Super Kings,0.2857142857142857,0.2,0.8,0.4722222222222222,1,0.528,0.6043956043956044,1511.1257795354716,1585.8509397476112,0,0,0
1254081,2021-04-29,2021,"Arun Jaitley Stadium, Delhi",Delhi,Rajasthan Royals,Mumbai Indians,Mumbai Indians,field,Mumbai Indians,Rajasthan Royals,Mumbai Indians,0.5,0.4,0.4,0.4657534246575342,0,0.5031055900621118,0.5882352941176471,1488.6375946832452,1619.4202630308007,0,0,0
1254082,2021-04-29,2021,"Narendra Modi Stadium, Ahmedabad",Ahmedabad,Kolkata Knight Riders,Delhi Capitals,Delhi Capitals,field,Delhi Capitals,Kolkata Knight Riders,Delhi Capitals,0.5833333333333334,0.2,0.6,0.5384615384615384,0,0.5154639175257731,0.4484536082474227,1488.814493006987,1548.9321142463202,0,0,0
1254083,2021-04-30,2021,"Narendra Modi Stadium, Ahmedabad",Ahmedabad,Punjab Kings,Royal Challengers Bengaluru,Royal Challengers Bengaluru,field,Punjab Kings,Punjab Kings,Royal Challengers Bengaluru,0.5384615384615384,0.2,0.8,0.5,0,0.453125,0.48205128205128206,1452.6194210242968,1541.6073937306805,0,0,1
1254084,2021-05-01,2021,"Arun Jaitley Stadium, Delhi",Delhi,Chennai Super Kings,Mumbai Indians,Mumbai Indians,field,Mumbai Indians,Chennai Super Kings,Mumbai Indians,0.4,1.0,0.6,0.4594594594594595,0,0.6065573770491803,0.5902439024390244,1598.461816314023,1629.6667137418285,0,0,0
1254085,2021-05-02,2021,"Arun Jaitley Stadium, Delhi",Delhi,Rajasthan Royals,Sunrisers Hyderabad,Sunrisers Hyderabad,field,Rajasthan Royals,Rajasthan Royals,Sunrisers Hyderabad,0.46153846153846156,0.4,0.2,0.4533333333333333,0,0.5,0.5238095238095238,1478.3911439722172,1498.5149029690597,0,0,1
1254086,2021-05-02,2021,"Narendra Modi Stadium, Ahmedabad",Ahmedabad,Punjab Kings,Delhi Capitals,Delhi Capitals,field,Delhi Capitals,Punjab Kings,Delhi Capitals,0.5769230769230769,0.4,0.6,0.5333333333333333,0,0.45595854922279794,0.4512820512820513,1472.6301465405297,1562.1908985587672,0,0,0
1254104,2021-09-19,2021,Dubai International Cricket Stadium,Dubai,Chennai Super Kings,Mumbai Indians,Chennai Super Kings,bat,Chennai Super Kings,Chennai Super Kings,Mumbai Indians,0.3870967741935484,0.8,0.6,0.5666666666666667,1,0.6032608695652174,0.5922330097087378,1583.8950033122587,1644.2335267435928,0,0,1
1254087,2021-09-20,2021,"Zayed Cricket Stadium, Abu Dhabi",Abu Dhabi,Royal Challengers Bengaluru,Kolkata Knight Riders,Royal Challengers Bengaluru,bat,Kolkata Knight Riders,Royal Challengers Bengaluru,Kolkata Knight Riders,0.48148148148148145,0.6,0.2,0.4074074074074074,1,0.47959183673469385,0.5128205128205128,1521.5966682144476,1475.55570869454,0,0,0
1254111,2021-09-21,2021,Dubai International Cricket Stadium,Dubai,Rajasthan Royals,Punjab Kings,Punjab Kings,field,Rajasthan Royals,Rajasthan Royals,Punjab Kings,0.5714285714285714,0.4,0.4,0.5806451612903226,0,0.5030674846625767,0.4536082474226804,1495.316842368517,1460.6655818408549,0,0,1
1254105,2021-09-22,2021,Dubai International Cricket Stadium,Dubai,Sunrisers Hyderabad,Delhi Capitals,Sunrisers Hyderabad,bat,Delhi Capitals,Sunrisers Hyderabad,Delhi Capitals,0.6111111111111112,0.2,0.8,0.59375,1,0.5196850393700787,0.45408163265306123,1481.5892045727599,1574.155463258442,0,0,0
1254096,2021-09-23,2021,"Zayed Cricket Stadium, Abu Dhabi",Abu Dhabi,Mumbai Indians,Kolkata Knight Riders,Kolkata Knight Riders,field,Kolkata Knight Riders,Mumbai Indians,Kolkata Knight Riders,0.7857142857142857,0.4,0.4,0.39285714285714285,0,0.5893719806763285,0.5153061224489796,1625.4824378126016,1493.6636487372546,0,0,0
1254113,2021-09-24,2021,Sharjah Cricket Stadium,Sharjah,Royal Challengers Bengaluru,Chennai Super Kings,Chennai Super Kings,field,Chennai Super Kings,Royal Challengers Bengaluru,Chennai Super Kings,0.34615384615384615,0.4,0.8,0.3888888888888889,0,0.47715736040609136,0.6054054054054054,1503.488728171733,1602.64609224325,0,0,0
1254097,2021-09-25,2021,"Zayed Cricket Stadium, Abu Dhabi",Abu Dhabi,Delhi Capitals,Rajasthan Royals,Rajasthan Royals,field,Delhi Capitals,Delhi Capitals,Rajasthan Royals,0.4782608695652174,0.8,0.6,0.3793103448275862,0,0.45685279187817257,0.5060975609756098,1585.9907091236853,1509.726362823913,0,0,1
1254107,2021-09-25,2021,Sharjah Cricket Stadium,Sharjah,Punjab Kings,Sunrisers Hyderabad,Sunrisers Hyderabad,field,Punjab Kings,Punjab Kings,Sunrisers Hyderabad,0.29411764705882354,0.4,0.2,0.3684210526315789,0,0.4512820512820513,0.515625,1446.256061385459,1469.7539587075166,0,0,1
1254098,2021-09-26,2021,"Zayed Cricket Stadium, Abu Dhabi",Abu Dhabi,Kolkata Knight Riders,Chennai Super Kings,Kolkata Knight Riders,bat,Chennai Super Kings,Kolkata Knight Riders,Chennai Super Kings,0.34782608695652173,0.6,0.8,0.4,1,0.5177664974619289,0.6075268817204301,1515.4586984846192,1614.1997961861312,0,0,0
1254108,2021-09-26,2021,Dubai International Cricket Stadium,Dubai,Royal Challengers Bengaluru,Mumbai Indians,Mumbai Indians,field,Royal Challengers Bengaluru,Royal Challengers Bengaluru,Mumbai Indians,0.37037037037037035,0.2,0.4,0.5757575757575758,0,0.47474747474747475,0.5865384615384616,1491.935024228852,1603.687388065237,0,0,1
1254100,2021-09-27,2021,Dubai International Cricket Stadium,Dubai,Rajasthan Royals,Sunrisers Hyderabad,Rajasthan Royals,bat,Sunrisers Hyderabad,Rajasthan Royals,Sunrisers Hyderabad,0.5,0.6,0.2,0.5882352941176471,1,0.503030303030303,0.5116279069767442,1497.1831241571094,1452.6734874523156,0,0,0
1254099,2021-09-28,2021,"Zayed Cricket Stadium, Abu Dhabi",Abu Dhabi,Punjab Kings,Mumbai Indians,Mumbai Indians,field,Mumbai Indians,Punjab Kings,Mumbai Indians,0.46153846153846156,0.4,0.4,0.3870967741935484,0,0.45408163265306123,0.583732057416268,1463.33653264066,1582.7114306643384,0,0,0
1254092,2021-09-28,2021,Sharjah Cricket Stadium,Sharjah,Delhi Capitals,Kolkata Knight Riders,Kolkata Knight Riders,field,Kolkata Knight Riders,Delhi Capitals,Kolkata Knight Riders,0.44,0.8,0.6,0.4,0,0.4595959595959596,0.5151515151515151,1598.5339477904888,1503.8872992658553,0,0,0
1254103,2021-09-29,2021,Dubai International Cricket Stadium,Dubai,Rajasthan Royals,Royal Challengers Bengaluru,Royal Challengers Bengaluru,field,Royal Challengers Bengaluru,Rajasthan Royals,Royal Challengers Bengaluru,0.47619047619047616,0.4,0.4,0.5714285714285714,0,0.5,0.47738693467336685,1479.1445199271918,1512.9109816297505,0,0,0
1254091,2021-09-30,2021,Sharjah Cricket Stadium,Sharjah,Sunrisers Hyderabad,Chennai Super Kings,Chennai Super Kings,field,Chennai Super Kings,Sunrisers Hyderabad,Chennai Super Kings,0.26666666666666666,0.2,0.8,0.38095238095238093,0,0.5153846153846153,0.6096256684491979,1470.7120916822332,1625.771195404895,0,0,0
1254102,2021-10-01,2021,Dubai International Cricket Stadium,Dubai,Kolkata Knight Riders,Punjab Kings,Punjab Kings,field,Punjab Kings,Kolkata Knight Riders,Punjab Kings,0.6785714285714286,0.6,0.4,0.5555555555555556,0,0.5175879396984925,0.4517766497461929,1524.1412275763505,1452.627370277997,0,0,0
1254089,2021-10-02,2021,"Zayed Cricket Stadium, Abu Dhabi",Abu Dhabi,Chennai Super Kings,Rajasthan Royals,Rajasthan Royals,field,Rajasthan Royals,Chennai Super Kings,Rajasthan Royals,0.625,0.8,0.4,0.375,0,0.6117021276595744,0.49700598802395207,1635.0696027423714,1464.6946454819913,0,0,0
1254112,2021-10-02,2021,Sharjah Cricket Stadium,Sharjah,Mumbai Indians,Delhi Capitals,Delhi Capitals,field,Delhi Capitals,Mumbai Indians,Delhi Capitals,0.5517241379310345,0.4,0.8,0.36363636363636365,0,0.5857142857142857,0.457286432160804,1593.4205930270014,1578.2800194799936,0,0,0
1254090,2021-10-03,2021,Sharjah Cricket Stadium,Sharjah,Royal Challengers Bengaluru,Punjab Kings,Royal Challengers Bengaluru,bat,Royal Challengers Bengaluru,Royal Challengers Bengaluru,Punjab Kings,0.4444444444444444,0.4,0.4,0.34782608695652173,1,0.48,0.45454545454545453,1527.3608560749512,1471.87497001676,0,0,1
1254109,2021-10-03,2021,Dubai International Cricket Stadium,Dubai,Sunrisers Hyderabad,Kolkata Knight Riders,Sunrisers Hyderabad,bat,Kolkata Knight Riders,Sunrisers Hyderabad,Kolkata Knight Riders,0.3684210526315789,0.2,0.6,0.5405405405405406,1,0.5114503816793893,0.515,1461.4136843447568,1504.8936278375875,0,0,0
1254110,2021-10-04,2021,Dubai International Cricket Stadium,Dubai,Chennai Super Kings,Delhi Capitals,Delhi Capitals,field,Delhi Capitals,Chennai Super Kings,Delhi Capitals,0.625,0.8,0.8,0.5263157894736842,0,0.6084656084656085,0.46,1611.797333490735,1594.9768276239797,0,0,0
1254093,2021-10-05,2021,Sharjah Cricket Stadium,Sharjah,Rajasthan Royals,Mumbai Indians,Mumbai Indians,field,Mumbai Indians,Rajasthan Royals,Mumbai Indians,0.4782608695652174,0.4,0.2,0.375,0,0.5,0.5829383886255924,1487.9669147336278,1576.7237848830152,0,0,0
1254095,2021-10-06,2021,"Zayed Cricket Stadium, Abu Dhabi",Abu Dhabi,Sunrisers Hyderabad,Royal Challengers Bengaluru,Royal Challengers Bengaluru,field,Sunrisers Hyderabad,Sunrisers Hyderabad,Royal Challengers Bengaluru,0.5294117647058824,0.2,0.6,0.36363636363636365,0,0.5075757575757576,0.48258706467661694,1447.4056217671932,1540.8271404222635,0,0,1
1254094,2021-10-07,2021,Dubai International Cricket Stadium,Dubai,Chennai Super Kings,Punjab Kings,Punjab Kings,field,Punjab Kings,Chennai Super Kings,Punjab Kings,0.6521739130434783,0.6,0.4,0.5128205128205128,0,0.6052631578947368,0.45226130653266333,1595.0233251943127,1458.4086856694478,0,0,0
1254106,2021-10-07,2021,Sharjah Cricket Stadium,Sharjah,Kolkata Knight Riders,Rajasthan Royals,Rajasthan Royals,field,Kolkata Knight Riders,Kolkata Knight Riders,Rajasthan Royals,0.5714285714285714,0.6,0.2,0.36,0,0.5174129353233831,0.4970414201183432,1518.901690415151,1475.9676646605112,0,0,1
1254088,2021-10-08,2021,"Zayed Cricket Stadium, Abu Dhabi",Abu Dhabi,Mumbai Indians,Sunrisers Hyderabad,Mumbai Indians,bat,Mumbai Indians,Mumbai Indians,Sunrisers Hyderabad,0.5,0.4,0.4,0.38235294117647056,1,0.5849056603773585,0.5112781954887218,1588.7230349561319,1467.6070698984424,0,0,1
1254101,2021-10-08,2021,Dubai International Cricket Stadium,Dubai,Delhi Capitals,Royal Challengers Bengaluru,Royal Challengers Bengaluru,field,Royal Challengers Bengaluru,Delhi Capitals,Royal Challengers Bengaluru,0.4166666666666667,0.8,0.6,0.5,0,0.4626865671641791,0.4801980198019802,1611.7508359204019,1520.6256922910143,0,0,0
1254114,2021-10-10,2021,Dubai International Cricket Stadium,Dubai,Delhi Capitals,Chennai Super Kings,Chennai Super Kings,field,Chennai Super Kings,Delhi Capitals,Chennai Super Kings,0.4,0.6,0.4,0.4878048780487805,0,0.4603960396039604,0.6020942408376964,1591.6480175137917,1573.037357477217,0,0,0
1254115,2021-10-11,2021,Sharjah Cricket Stadium,Sharjah,Royal Challengers Bengaluru,Kolkata Knight Riders,Royal Challengers Bengaluru,bat,Kolkata Knight Riders,Royal Challengers Bengaluru,Kolkata Knight Riders,0.4642857142857143,0.8,0.6,0.38461538461538464,1,0.4827586206896552,0.5198019801980198,1540.7285106976244,1532.9345085972639,0,0,0
1254116,2021-10-13,2021,Sharjah Cricket Stadium,Sharjah,Delhi Capitals,Kolkata Knight Riders,Kolkata Knight Riders,field,Kolkata Knight Riders,Delhi Capitals,Kolkata Knight Riders,0.4230769230769231,0.4,0.8,0.37037037037037035,0,0.458128078817734,0.5221674876847291,1574.7917837184161,1549.2933754619603,0,0,0
1254117,2021-10-15,2021,Dubai International Cricket Stadium,Dubai,Chennai Super Kings,Kolkata Knight Riders,Kolkata Knight Riders,field,Chennai Super Kings,Chennai Super Kings,Kolkata Knight Riders,0.6666666666666666,0.4,0.8,0.47619047619047616,0,0.6041666666666666,0.5245098039215687,1589.8935912725926,1566.4655168733602,0,0,1
1304047,2022-03-26,2022,"Wankhede Stadium, Mumbai",Mumbai,Chennai Super Kings,Kolkata Knight Riders,Kolkata Knight Riders,field,Kolkata Knight Riders,Chennai Super Kings,Kolkata Knight Riders,0.68,0.4,0.8,0.47560975609756095,0,0.6062176165803109,0.5219512195121951,1604.8163208619646,1551.5427872839882,0,0,0
1304048,2022-03-27,2022,"Brabourne Stadium, Mumbai",Mumbai,Mumbai Indians,Delhi Capitals,Delhi Capitals,field,Delhi Capitals,Mumbai Indians,Delhi Capitals,0.5333333333333333,0.6,0.4,0.5454545454545454,0,0.5868544600938967,0.45588235294117646,1599.3609043394008,1557.6196423070162,1,0,0
1304049,2022-03-27,2022,"Dr DY Patil Sports Academy, Mumbai",Mumbai,Royal Challengers Bengaluru,Punjab Kings,Punjab Kings,field,Punjab Kings,Royal Challengers Bengaluru,Punjab Kings,0.4642857142857143,0.6,0.6,0.4117647058823529,0,0.4803921568627451,0.455,1524.369643832928,1480.3946533865435,0,0,0
1304050,2022-03-28,2022,"Wankhede Stadium, Mumbai",Mumbai,Lucknow Super Giants,Gujarat Titans,Gujarat Titans,field,Gujarat Titans,Lucknow Super Giants,Gujarat Titans,0.5,0.5,0.5,0.46987951807228917,0,0.5,0.5,1500.0,1500.0,0,0,0
1304051,2022-03-29,2022,"Maharashtra Cricket Association Stadium, Pune",Pune,Rajasthan Royals,Sunrisers Hyderabad,Sunrisers Hyderabad,field,Rajasthan Royals,Rajasthan Royals,Sunrisers Hyderabad,0.4666666666666667,0.2,0.4,0.47368421052631576,0,0.49411764705882355,0.5074626865671642,1461.9348464783984,1456.9692005151735,0,0,1
1304052,2022-03-30,2022,"Dr DY Patil Sports Academy, Mumbai",Mumbai,Kolkata Knight Riders,Royal Challengers Bengaluru,Royal Challengers Bengaluru,field,Royal Challengers Bengaluru,Kolkata Knight Riders,Royal Challengers Bengaluru,0.5517241379310345,0.8,0.4,0.3888888888888889,0,0.5242718446601942,0.47804878048780486,1569.9770763364047,1506.3552660003543,0,0,0
1304053,2022-03-31,2022,"Brabourne Stadium, Mumbai",Mumbai,Chennai Super Kings,Lucknow Super Giants,Lucknow Super Giants,field,Lucknow Super Giants,Chennai Super Kings,Lucknow Super Giants,0.5,0.4,0.0,0.5,0,0.6030927835051546,0.5,1586.3820318095482,1484.0,0,0,0
1304054,2022-04-01,2022,"Wankhede Stadium, Mumbai",Mumbai,Punjab Kings,Kolkata Knight Riders,Kolkata Knight Riders,field,Kolkata Knight Riders,Punjab Kings,Kolkata Knight Riders,0.3448275862068966,0.6,0.6,0.4642857142857143,0,0.4577114427860697,0.5217391304347826,1498.4090312191172,1551.0794990089514,0,0,0
1304055,2022-04-02,2022,"Dr DY Patil Sports Academy, Mumbai",Mumbai,Rajasthan Royals,Mumbai Indians,Mumbai Indians,field,Rajasthan Royals,Rajasthan Royals,Mumbai Indians,0.4583333333333333,0.4,0.6,0.3684210526315789,0,0.49707602339181284,0.5841121495327103,1477.7061856002051,1581.447843625205,0,1,1
1304056,2022-04-02,2022,"Maharashtra Cricket Association Stadium, Pune",Pune,Gujarat Titans,Delhi Capitals,Delhi Capitals,field,Gujarat Titans,Gujarat Titans,Delhi Capitals,0.5,1.0,0.4,0.48717948717948717,0,0.5,0.4585365853658537,1516.0,1575.532703021212,0,0,1
1304057,2022-04-03,2022,"Brabourne Stadium, Mumbai",Mumbai,Punjab Kings,Chennai Super Kings,Chennai Super Kings,field,Punjab Kings,Punjab Kings,Chennai Super Kings,0.375,0.6,0.4,0.46153846153846156,0,0.45544554455445546,0.6,1484.816183784071,1565.799058754032,0,0,1
1304058,2022-04-04,2022,"Dr DY Patil Sports Academy, Mumbai",Mumbai,Lucknow Super Giants,Sunrisers Hyderabad,Sunrisers Hyderabad,field,Lucknow Super Giants,Lucknow Super Giants,Sunrisers Hyderabad,0.5,0.5,0.2,0.4,0,0.5,0.5037037037037037,1504.582973055516,1441.1978613933668,0,0,1
1304059,2022-04-05,2022,"Wankhede Stadium, Mumbai",Mumbai,Rajasthan Royals,Royal Challengers Bengaluru,Royal Challengers Bengaluru,field,Royal Challengers Bengaluru,Rajasthan Royals,Royal Challengers Bengaluru,0.45454545454545453,0.6,0.4,0.4588235294117647,0,0.5,0.48058252427184467,1498.3465699888372,1525.2528433278076,0,0,0
1304060,2022-04-06,2022,"Maharashtra Cricket Association Stadium, Pune",Pune,Mumbai Indians,Kolkata Knight Riders,Kolkata Knight Riders,field,Kolkata Knight Riders,Mumbai Indians,Kolkata Knight Riders,0.7586206896551724,0.4,0.6,0.5,0,0.5813953488372093,0.5240384615384616,1560.8074592365729,1564.6723464439976,0,0,0
1304061,2022-04-07,2022,"Dr DY Patil Sports Academy, Mumbai",Mumbai,Delhi Capitals,Lucknow Super Giants,Lucknow Super Giants,field,Lucknow Super Giants,Delhi Capitals,Lucknow Super Giants,0.5,0.2,0.6666666666666666,0.42857142857142855,0,0.4563106796116505,0.5,1556.8176406763375,1517.6959399077577,0,0,0
1304062,2022-04-08,2022,"Brabourne Stadium, Mumbai",Mumbai,Punjab Kings,Gujarat Titans,Gujarat Titans,field,Gujarat Titans,Punjab Kings,Gujarat Titans,0.5,0.6,1.0,0.5,0,0.458128078817734,0.5,1504.4794800490172,1534.7150623448745,0,0,0
1304064,2022-04-09,2022,"Maharashtra Cricket Association Stadium, Pune",Pune,Mumbai Indians,Royal Challengers Bengaluru,Royal Challengers Bengaluru,field,Royal Challengers Bengaluru,Mumbai Indians,Royal Challengers Bengaluru,0.6071428571428571,0.4,0.6,0.4878048780487805,0,0.5787037037037037,0.4830917874396135,1544.9854365288093,1540.016234781676,0,0,0
1304063,2022-04-09,2022,"Dr DY Patil Sports Academy, Mumbai",Mumbai,Chennai Super Kings,Sunrisers Hyderabad,Sunrisers Hyderabad,field,Sunrisers Hyderabad,Chennai Super Kings,Sunrisers Hyderabad,0.75,0.4,0.2,0.4090909090909091,0,0.5969387755102041,0.5,1546.135762489086,1428.084894541125,0,0,0
1304065,2022-04-10,2022,"Brabourne Stadium, Mumbai",Mumbai,Delhi Capitals,Kolkata Knight Riders,Kolkata Knight Riders,field,Delhi Capitals,Delhi Capitals,Kolkata Knight Riders,0.4074074074074074,0.2,0.6,0.4666666666666667,0,0.45410628019323673,0.5263157894736842,1539.023595639692,1580.4943691517612,0,0,1
1304066,2022-04-10,2022,"Wankhede Stadium, Mumbai",Mumbai,Rajasthan Royals,Lucknow Super Giants,Lucknow Super Giants,field,Rajasthan Royals,Rajasthan Royals,Lucknow Super Giants,0.5,0.4,0.75,0.45348837209302323,0,0.49710982658959535,0.5,1483.5831785349687,1535.4899849444032,0,0,1
1304067,2022-04-11,2022,"Dr DY Patil Sports Academy, Mumbai",Mumbai,Gujarat Titans,Sunrisers Hyderabad,Sunrisers Hyderabad,field,Sunrisers Hyderabad,Gujarat Titans,Sunrisers Hyderabad,0.5,1.0,0.4,0.391304347826087,0,0.5,0.5036496350364964,1549.3261667523332,1449.3213574195984,0,0,0
1304068,2022-04-12,2022,"Dr DY Patil Sports Academy, Mumbai",Mumbai,Chennai Super Kings,Royal Challengers Bengaluru,Royal Challengers Bengaluru,field,Chennai Super Kings,Chennai Super Kings,Royal Challengers Bengaluru,0.6666666666666666,0.2,0.6,0.375,0,0.5939086294416244,0.4855769230769231,1524.8992996106126,1556.2450593763012,0,0,1
1304069,2022-04-13,2022,"Maharashtra Cricket Association Stadium, Pune",Pune,Punjab Kings,Mumbai Indians,Mumbai Indians,field,Punjab Kings,Punjab Kings,Mumbai Indians,0.4444444444444444,0.6,0.2,0.47619047619047616,0,0.45588235294117646,0.576036866359447,1489.8683756415585,1528.756611934184,0,0,1
1304070,2022-04-14,2022,"Dr DY Patil Sports Academy, Mumbai",Mumbai,Gujarat Titans,Rajasthan Royals,Rajasthan Royals,field,Gujarat Titans,Gujarat Titans,Rajasthan Royals,0.5,0.75,0.6,0.4,0,0.5,0.5,1528.8438826614743,1501.9559478804858,0,0,1
1304071,2022-04-15,2022,"Brabourne Stadium, Mumbai",Mumbai,Kolkata Knight Riders,Sunrisers Hyderabad,Sunrisers Hyderabad,field,Sunrisers Hyderabad,Kolkata Knight Riders,Sunrisers Hyderabad,0.65,0.6,0.4,0.5,0,0.5238095238095238,0.5072463768115942,1562.5935879560914,1469.8036415104573,0,0,0
1304072,2022-04-16,2022,"Brabourne Stadium, Mumbai",Mumbai,Lucknow Super Giants,Mumbai Indians,Mumbai Indians,field,Lucknow Super Giants,Lucknow Super Giants,Mumbai Indians,0.5,0.6,0.0,0.47058823529411764,0,0.6,0.573394495412844,1517.117215598886,1510.973183958321,0,1,1
1304073,2022-04-16,2022,"Wankhede Stadium, Mumbai",Mumbai,Royal Challengers Bengaluru,Delhi Capitals,Delhi Capitals,field,Royal Challengers Bengaluru,Royal Challengers Bengaluru,Delhi Capitals,0.6,0.6,0.4,0.45977011494252873,0,0.48325358851674644,0.4567307692307692,1538.8054377099888,1556.924376835362,0,0,1
1304074,2022-04-17,2022,"Dr DY Patil Sports Academy, Mumbai",Mumbai,Punjab Kings,Sunrisers Hyderabad,Sunrisers Hyderabad,field,Sunrisers Hyderabad,Punjab Kings,Sunrisers Hyderabad,0.3333333333333333,0.6,0.6,0.4230769230769231,0,0.4585365853658537,0.5107913669064749,1507.6518036174216,1489.9779972830208,0,0,0
1304075,2022-04-17,2022,"Maharashtra Cricket Association Stadium, Pune",Pune,Chennai Super Kings,Gujarat Titans,Gujarat Titans,field,Gujarat Titans,Chennai Super Kings,Gujarat Titans,0.5,0.2,0.8,0.4883720930232558,0,0.5959595959595959,0.8,1542.338921276925,1543.6081135958707,0,0,0
1304076,2022-04-18,2022,"Brabourne Stadium, Mumbai",Mumbai,Rajasthan Royals,Kolkata Knight Riders,Kolkata Knight Riders,field,Rajasthan Royals,Rajasthan Royals,Kolkata Knight Riders,0.4090909090909091,0.6,0.4,0.5,0,0.49714285714285716,0.5213270142180095,1487.1917169460894,1542.4192321835278,0,0,1
1304077,2022-04-19,2022,"Dr DY Patil Sports Academy, Mumbai",Mumbai,Royal Challengers Bengaluru,Lucknow Super Giants,Lucknow Super Giants,field,Royal Challengers Bengaluru,Royal Challengers Bengaluru,Lucknow Super Giants,0.5,0.8,0.8,0.4074074074074074,0,0.4857142857142857,0.6666666666666666,1555.6390900752292,1532.834301976037,0,0,1
1304078,2022-04-20,2022,"Brabourne Stadium, Mumbai",Mumbai,Punjab Kings,Delhi Capitals,Delhi Capitals,field,Delhi Capitals,Punjab Kings,Delhi Capitals,0.5555555555555556,0.4,0.4,0.5263157894736842,0,0.4563106796116505,0.45454545454545453,1490.8385960783417,1540.0907244701216,0,0,0
1304079,2022-04-21,2022,"Dr DY Patil Sports Academy, Mumbai",Navi Mumbai,Mumbai Indians,Chennai Super Kings,Chennai Super Kings,field,Chennai Super Kings,Mumbai Indians,Chennai Super Kings,0.59375,0.0,0.2,0.42857142857142855,0,0.5707762557077626,0.592964824120603,1495.25609758117,1526.3973694832105,0,0,0
1304080,2022-04-22,2022,"Wankhede Stadium, Mumbai",Mumbai,Rajasthan Royals,Delhi Capitals,Delhi Capitals,field,Rajasthan Royals,Rajasthan Royals,Delhi Capitals,0.5,0.6,0.4,0.4659090909090909,0,0.5,0.45714285714285713,1505.7138311954168,1553.837652251174,0,0,1
1304082,2022-04-23,2022,"Brabourne Stadium, Mumbai",Mumbai,Royal Challengers Bengaluru,Sunrisers Hyderabad,Sunrisers Hyderabad,field,Sunrisers Hyderabad,Royal Challengers Bengaluru,Sunrisers Hyderabad,0.4444444444444444,0.8,0.8,0.5,0,0.4881516587677725,0.5142857142857142,1570.5903963608712,1506.7912048221008,0,0,0
1304081,2022-04-23,2022,"Dr DY Patil Sports Academy, Mumbai",Navi Mumbai,Gujarat Titans,Kolkata Knight Riders,Gujarat Titans,bat,Gujarat Titans,Gujarat Titans,Kolkata Knight Riders,0.5,0.8,0.4,0.41379310344827586,1,0.8333333333333334,0.5188679245283019,1559.5496653895852,1523.8971179342004,0,0,1
1304083,2022-04-24,2022,"Wankhede Stadium, Mumbai",Mumbai,Lucknow Super Giants,Mumbai Indians,Mumbai Indians,field,Lucknow Super Giants,Lucknow Super Giants,Mumbai Indians,1.0,0.6,0.0,0.47191011235955055,0,0.5714285714285714,0.5681818181818182,1517.882995690395,1480.686377977485,0,1,1
1304084,2022-04-25,2022,"Wankhede Stadium, Mumbai",Mumbai,Punjab Kings,Chennai Super Kings,Chennai Super Kings,field,Punjab Kings,Punjab Kings,Chennai Super Kings,0.4,0.4,0.4,0.4777777777777778,0,0.45410628019323673,0.595,1477.0916682972893,1540.9670890868954,0,0,1
1304085,2022-04-26,2022,"Maharashtra Cricket Association Stadium, Pune",Pune,Rajasthan Royals,Royal Challengers Bengaluru,Royal Challengers Bengaluru,field,Rajasthan Royals,Rajasthan Royals,Royal Challengers Bengaluru,0.43478260869565216,0.6,0.6,0.4772727272727273,0,0.5028248587570622,0.4858490566037736,1523.9159501657791,1551.6849189648542,0,0,1
1304086,2022-04-27,2022,"Wankhede Stadium, Mumbai",Mumbai,Sunrisers Hyderabad,Gujarat Titans,Gujarat Titans,field,Gujarat Titans,Sunrisers Hyderabad,Gujarat Titans,1.0,1.0,0.8,0.4835164835164835,0,0.5177304964539007,0.8571428571428571,1525.6966822181178,1573.9135437182972,0,0,0
1304087,2022-04-28,2022,"Wankhede Stadium, Mumbai",Mumbai,Kolkata Knight Riders,Delhi Capitals,Delhi Capitals,field,Delhi Capitals,Kolkata Knight Riders,Delhi Capitals,0.5714285714285714,0.2,0.4,0.4782608695652174,0,0.5164319248826291,0.4549763033175355,1509.5332396054885,1535.6355332808116,0,0,0
1304088,2022-04-29,2022,"Maharashtra Cricket Association Stadium, Pune",Pune,Lucknow Super Giants,Punjab Kings,Punjab Kings,field,Lucknow Super Giants,Lucknow Super Giants,Punjab Kings,0.5,0.6,0.4,0.4888888888888889,0,0.625,0.4567307692307692,1532.1765429204963,1496.0005402837082,0,0,1
1304090,2022-04-30,2022,"Dr DY Patil Sports Academy, Mumbai",Navi Mumbai,Rajasthan Royals,Mumbai Indians,Mumbai Indians,field,Mumbai Indians,Rajasthan Royals,Mumbai Indians,0.48,0.8,0.0,0.43333333333333335,0,0.5056179775280899,0.5656108597285068,1541.192042331244,1466.3928307473839,0,0,0
1304089,2022-04-30,2022,"Brabourne Stadium, Mumbai",Mumbai,Royal Challengers Bengaluru,Gujarat Titans,Royal Challengers Bengaluru,bat,Gujarat Titans,Royal Challengers Bengaluru,Gujarat Titans,0.5,0.4,0.8,0.47619047619047616,1,0.4835680751173709,0.875,1534.4088267993893,1587.7072213953297,0,0,0
1304091,2022-05-01,2022,"Wankhede Stadium, Mumbai",Mumbai,Lucknow Super Giants,Delhi Capitals,Lucknow Super Giants,bat,Lucknow Super Giants,Lucknow Super Giants,Delhi Capitals,1.0,0.6,0.6,0.4731182795698925,1,0.6666666666666666,0.45754716981132076,1546.51657100701,1550.4357347197001,0,0,1
1304092,2022-05-01,2022,"Maharashtra Cricket Association Stadium, Pune",Pune,Chennai Super Kings,Sunrisers Hyderabad,Sunrisers Hyderabad,field,Chennai Super Kings,Chennai Super Kings,Sunrisers Hyderabad,0.7058823529411765,0.4,0.8,0.5,0,0.5920398009950248,0.5140845070422535,1522.0582171004764,1511.9030045410852,0,0,1
1304093,2022-05-02,2022,"Wankhede Stadium, Mumbai",Mumbai,Rajasthan Royals,Kolkata Knight Riders,Kolkata Knight Riders,field,Kolkata Knight Riders,Rajasthan Royals,Kolkata Knight Riders,0.43478260869565216,0.6,0.0,0.4787234042553192,0,0.5027932960893855,0.514018691588785,1521.7996618608672,1494.7330381666,0,0,0
1304094,2022-05-03,2022,"Dr DY Patil Sports Academy, Mumbai",Navi Mumbai,Gujarat Titans,Punjab Kings,Gujarat Titans,bat,Punjab Kings,Gujarat Titans,Punjab Kings,1.0,1.0,0.4,0.41935483870967744,1,0.8888888888888888,0.45454545454545453,1601.2718139643096,1481.6605121971945,0,0,0
1304095,2022-05-04,2022,"Maharashtra Cricket Association Stadium, Pune",Pune,Royal Challengers Bengaluru,Chennai Super Kings,Chennai Super Kings,field,Royal Challengers Bengaluru,Royal Challengers Bengaluru,Chennai Super Kings,0.32142857142857145,0.4,0.6,0.5106382978723404,0,0.48130841121495327,0.594059405940594,1520.8442342304095,1537.5906854150596,0,0,1
1304096,2022-05-05,2022,"Brabourne Stadium, Mumbai",Mumbai,Delhi Capitals,Sunrisers Hyderabad,Sunrisers Hyderabad,field,Delhi Capitals,Delhi Capitals,Sunrisers Hyderabad,0.42105263157894735,0.4,0.6,0.45454545454545453,0,0.45539906103286387,0.5104895104895105,1534.255258215665,1496.370536226502,0,0,1
1304097,2022-05-06,2022,"Brabourne Stadium, Mumbai",Mumbai,Mumbai Indians,Gujarat Titans,Gujarat Titans,field,Mumbai Indians,Mumbai Indians,Gujarat Titans,0.5,0.2,0.8,0.4782608695652174,0,0.5675675675675675,0.8,1485.7852112177607,1579.9712821588632,1,0,1
1304099,2022-05-07,2022,"Maharashtra Cricket Association Stadium, Pune",Pune,Lucknow Super Giants,Kolkata Knight Riders,Kolkata Knight Riders,field,Lucknow Super Giants,Lucknow Super Giants,Kolkata Knight Riders,0.5,0.8,0.2,0.5208333333333334,0,0.7,0.5162790697674419,1562.6970475110452,1511.9769867468315,0,0,1
1304098,2022-05-07,2022,"Wankhede Stadium, Mumbai",Mumbai,Punjab Kings,Rajasthan Royals,Punjab Kings,bat,Rajasthan Royals,Punjab Kings,Rajasthan Royals,0.4090909090909091,0.4,0.6,0.47368421052631576,1,0.45714285714285713,0.5,1502.9610440026408,1504.5557132806357,0,0,0
1304100,2022-05-08,2022,"Wankhede Stadium, Mumbai",Mumbai,Royal Challengers Bengaluru,Sunrisers Hyderabad,Royal Challengers Bengaluru,bat,Royal Challengers Bengaluru,Royal Challengers Bengaluru,Sunrisers Hyderabad,0.42105263157894735,0.4,0.4,0.46875,1,0.48372093023255813,0.5069444444444444,1537.614840128515,1482.1083102595596,0,0,1
1304101,2022-05-08,2022,"Dr DY Patil Sports Academy, Mumbai",Navi Mumbai,Chennai Super Kings,Delhi Capitals,Delhi Capitals,field,Chennai Super Kings,Chennai Super Kings,Delhi Capitals,0.6153846153846154,0.4,0.6,0.40625,0,0.5911330049261084,0.45794392523364486,1520.8200795169541,1548.5174841826074,0,0,1
1304102,2022-05-09,2022,"Dr DY Patil Sports Academy, Mumbai",Navi Mumbai,Kolkata Knight Riders,Mumbai Indians,Mumbai Indians,field,Kolkata Knight Riders,Kolkata Knight Riders,Mumbai Indians,0.26666666666666666,0.2,0.4,0.42424242424242425,0,0.5138888888888888,0.5695067264573991,1498.296279472134,1506.0194215096762,0,0,1
1304103,2022-05-10,2022,"Maharashtra Cricket Association Stadium, Pune",Pune,Gujarat Titans,Lucknow Super Giants,Gujarat Titans,bat,Gujarat Titans,Gujarat Titans,Lucknow Super Giants,1.0,0.6,0.8,0.5306122448979592,1,0.7272727272727273,0.7272727272727273,1559.7370718669476,1576.3777547857426,0,0,1
1304104,2022-05-11,2022,"Dr DY Patil Sports Academy, Mumbai",Navi Mumbai,Rajasthan Royals,Delhi Capitals,Delhi Capitals,field,Delhi Capitals,Rajasthan Royals,Delhi Capitals,0.52,0.6,0.4,0.4411764705882353,0,0.5027624309392266,0.4558139534883721,1520.4822765621648,1531.2446667574607,0,0,0
1304105,2022-05-12,2022,"Wankhede Stadium, Mumbai",Mumbai,Chennai Super Kings,Mumbai Indians,Mumbai Indians,field,Mumbai Indians,Chennai Super Kings,Mumbai Indians,0.42424242424242425,0.6,0.4,0.4742268041237113,0,0.5931372549019608,0.5669642857142857,1538.0928969421009,1489.6638162447164,0,1,0
1304106,2022-05-13,2022,"Brabourne Stadium, Mumbai",Mumbai,Punjab Kings,Royal Challengers Bengaluru,Royal Challengers Bengaluru,field,Punjab Kings,Punjab Kings,Royal Challengers Bengaluru,0.5517241379310345,0.4,0.4,0.5,0,0.4549763033175355,0.4861111111111111,1487.0344807211118,1551.0801976422097,0,0,1
1304107,2022-05-14,2022,"Maharashtra Cricket Association Stadium, Pune",Pune,Kolkata Knight Riders,Sunrisers Hyderabad,Kolkata Knight Riders,bat,Kolkata Knight Riders,Kolkata Knight Riders,Sunrisers Hyderabad,0.6190476190476191,0.4,0.2,0.54,1,0.5161290322580645,0.503448275862069,1514.651884737094,1468.642952745865,0,0,1
1304108,2022-05-15,2022,"Wankhede Stadium, Mumbai",Mumbai,Chennai Super Kings,Gujarat Titans,Chennai Super Kings,bat,Gujarat Titans,Chennai Super Kings,Gujarat Titans,0.0,0.4,0.6,0.46938775510204084,1,0.5902439024390244,0.75,1519.8769882079157,1576.502818183936,0,0,0
1304109,2022-05-15,2022,"Brabourne Stadium, Mumbai",Mumbai,Rajasthan Royals,Lucknow Super Giants,Rajasthan Royals,bat,Rajasthan Royals,Rajasthan Royals,Lucknow Super Giants,1.0,0.4,0.8,0.52,1,0.5,0.6666666666666666,1504.977744481001,1559.6120084687543,0,0,1
1304110,2022-05-16,2022,"Dr DY Patil Sports Academy, Mumbai",Navi Mumbai,Delhi Capitals,Punjab Kings,Punjab Kings,field,Delhi Capitals,Delhi Capitals,Punjab Kings,0.4642857142857143,0.6,0.6,0.42857142857142855,0,0.4583333333333333,0.45754716981132076,1546.7491988386244,1505.95093524315,0,0,1
1304111,2022-05-17,2022,"Wankhede Stadium, Mumbai",Mumbai,Sunrisers Hyderabad,Mumbai Indians,Mumbai Indians,field,Sunrisers Hyderabad,Sunrisers Hyderabad,Mumbai Indians,0.47058823529411764,0.0,0.6,0.46464646464646464,0,0.5,0.5688888888888889,1454.7494434491152,1507.8797249789015,0,1,1
1304112,2022-05-18,2022,"Dr DY Patil Sports Academy, Mumbai",Navi Mumbai,Lucknow Super Giants,Kolkata Knight Riders,Lucknow Super Giants,bat,Lucknow Super Giants,Lucknow Super Giants,Kolkata Knight Riders,1.0,0.6,0.6,0.4444444444444444,1,0.6153846153846154,0.518348623853211,1541.1165427457915,1528.5453940338436,0,0,1
1304113,2022-05-19,2022,"Wankhede Stadium, Mumbai",Mumbai,Gujarat Titans,Royal Challengers Bengaluru,Gujarat Titans,bat,Royal Challengers Bengaluru,Gujarat Titans,Royal Challengers Bengaluru,1.0,0.6,0.4,0.47,1,0.7692307692307693,0.4838709677419355,1589.9179493869594,1532.1637431201714,0,0,0
1304114,2022-05-20,2022,"Brabourne Stadium, Mumbai",Mumbai,Chennai Super Kings,Rajasthan Royals,Chennai Super Kings,bat,Rajasthan Royals,Chennai Super Kings,Rajasthan Royals,0.6,0.4,0.4,0.5384615384615384,1,0.587378640776699,0.5027322404371585,1506.4618570048922,1523.4732102039638,0,0,0
1304115,2022-05-21,2022,"Wankhede Stadium, Mumbai",Mumbai,Delhi Capitals,Mumbai Indians,Mumbai Indians,field,Mumbai Indians,Delhi Capitals,Mumbai Indians,0.4838709677419355,0.6,0.6,0.46534653465346537,0,0.4608294930875576,0.5663716814159292,1560.8789577659609,1489.4518806268593,0,1,0
1304116,2022-05-22,2022,"Wankhede Stadium, Mumbai",Mumbai,Sunrisers Hyderabad,Punjab Kings,Sunrisers Hyderabad,bat,Punjab Kings,Sunrisers Hyderabad,Punjab Kings,0.6842105263157895,0.2,0.4,0.46078431372549017,1,0.5034013605442177,0.45539906103286387,1473.1772878011575,1491.8211763158135,0,0,0
1312197,2022-05-24,2022,"Eden Gardens, Kolkata",Kolkata,Rajasthan Royals,Gujarat Titans,Gujarat Titans,field,Gujarat Titans,Rajasthan Royals,Gujarat Titans,0.0,0.6,0.4,0.38961038961038963,0,0.5054347826086957,0.7142857142857143,1538.6904338645395,1571.2824998986002,0,0,0
1312198,2022-05-25,2022,"Eden Gardens, Kolkata",Kolkata,Royal Challengers Bengaluru,Lucknow Super Giants,Lucknow Super Giants,field,Royal Challengers Bengaluru,Royal Challengers Bengaluru,Lucknow Super Giants,1.0,0.6,0.6,0.38461538461538464,0,0.48623853211009177,0.6428571428571429,1550.7991926085306,1556.537872460235,0,0,1
1312199,2022-05-27,2022,"Narendra Modi Stadium, Ahmedabad",Ahmedabad,Royal Challengers Bengaluru,Rajasthan Royals,Rajasthan Royals,field,Rajasthan Royals,Royal Challengers Bengaluru,Rajasthan Royals,0.5416666666666666,0.8,0.6,0.5,0,0.4885844748858447,0.5027027027027027,1567.0634445515407,1524.1869667914038,0,0,0
1312200,2022-05-29,2022,"Narendra Modi Stadium, Ahmedabad",Ahmedabad,Rajasthan Royals,Gujarat Titans,Rajasthan Royals,bat,Gujarat Titans,Rajasthan Royals,Gujarat Titans,0.0,0.6,0.6,0.47058823529411764,1,0.5053763440860215,0.7333333333333333,1542.1515384343625,1585.785966971736,0,1,0
1359475,2023-03-31,2023,"Narendra Modi Stadium, Ahmedabad",Ahmedabad,Chennai Super Kings,Gujarat Titans,Gujarat Titans,field,Gujarat Titans,Chennai Super Kings,Gujarat Titans,0.0,0.2,0.8,0.4444444444444444,0,0.5845410628019324,0.75,1491.2446333443165,1599.7870259047324,0,1,0
1359476,2023-04-01,2023,"Punjab Cricket Association IS Bindra Stadium, Mohali, Chandigarh",Chandigarh,Punjab Kings,Kolkata Knight Riders,Kolkata Knight Riders,field,Punjab Kings,Punjab Kings,Kolkata Knight Riders,0.3333333333333333,0.6,0.6,0.42857142857142855,0,0.45794392523364486,0.5159817351598174,1506.963416682574,1513.1240643194003,1,0,1
1359477,2023-04-01,2023,"Bharat Ratna Shri Atal Bihari Vajpayee Ekana Cricket Stadium, Lucknow",Lucknow,Lucknow Super Giants,Delhi Capitals,Delhi Capitals,field,Lucknow Super Giants,Lucknow Super Giants,Delhi Capitals,1.0,0.4,0.6,0.5,0,0.6,0.45871559633027525,1540.2736205172248,1541.6351899494193,1,0,1
1359478,2023-04-02,2023,"Rajiv Gandhi International Stadium, Uppal, Hyderabad",Hyderabad,Rajasthan Royals,Sunrisers Hyderabad,Sunrisers Hyderabad,field,Rajasthan Royals,Rajasthan Royals,Sunrisers Hyderabad,0.5,0.6,0.2,0.42857142857142855,0,0.5026737967914439,0.5,1528.150479501366,1458.035047434397,0,1,1
1359479,2023-04-02,2023,"M Chinnaswamy Stadium, Bengaluru",Bengaluru,Mumbai Indians,Royal Challengers Bengaluru,Royal Challengers Bengaluru,field,Royal Challengers Bengaluru,Mumbai Indians,Royal Challengers Bengaluru,0.5862068965517241,0.6,0.6,0.4342105263157895,0,0.5682819383259912,0.4863636363636364,1508.6956484434008,1549.098872908582,0,1,0
1359480,2023-04-03,2023,"MA Chidambaram Stadium, Chepauk, Chennai",Chennai,Chennai Super Kings,Lucknow Super Giants,Lucknow Super Giants,field,Chennai Super Kings,Chennai Super Kings,Lucknow Super Giants,0.0,0.2,0.4,0.6,0,0.5817307692307693,0.625,1480.0866826569938,1556.336322785787,1,0,1
1359481,2023-04-04,2023,"Arun Jaitley Stadium, Delhi",Delhi,Delhi Capitals,Gujarat Titans,Gujarat Titans,field,Gujarat Titans,Delhi Capitals,Gujarat Titans,0.0,0.4,0.8,0.4605263157894737,0,0.45662100456621,0.7647058823529411,1525.5724876808572,1610.9449765920554,1,0,0
1359482,2023-04-05,2023,"Barsapara Cricket Stadium, Guwahati",Guwahati,Punjab Kings,Rajasthan Royals,Rajasthan Royals,field,Punjab Kings,Punjab Kings,Rajasthan Royals,0.391304347826087,0.6,0.6,0.5,0,0.4604651162790698,0.5053191489361702,1523.247095260438,1540.9646765771588,0,0,1
1359483,2023-04-06,2023,"Eden Gardens, Kolkata",Kolkata,Kolkata Knight Riders,Royal Challengers Bengaluru,Royal Challengers Bengaluru,field,Kolkata Knight Riders,Kolkata Knight Riders,Royal Challengers Bengaluru,0.5333333333333333,0.4,0.6,0.3924050632911392,0,0.5136363636363637,0.48868778280542985,1496.8403857415362,1563.2465778719707,1,0,1
1359484,2023-04-07,2023,"Bharat Ratna Shri Atal Bihari Vajpayee Ekana Cricket Stadium, Lucknow",Lucknow,Sunrisers Hyderabad,Lucknow Super Giants,Sunrisers Hyderabad,bat,Lucknow Super Giants,Sunrisers Hyderabad,Lucknow Super Giants,0.0,0.2,0.4,0.5,1,0.4966442953020134,0.5882352941176471,1445.2208503586041,1536.8802070912673,0,1,0
1359485,2023-04-08,2023,"Barsapara Cricket Stadium, Guwahati",Guwahati,Rajasthan Royals,Delhi Capitals,Delhi Capitals,field,Rajasthan Royals,Rajasthan Royals,Delhi Capitals,0.5,0.4,0.4,0.5,0,0.5026455026455027,0.45454545454545453,1524.149458346093,1513.4267736652344,0,0,1
1359486,2023-04-08,2023,"Wankhede Stadium, Mumbai",Mumbai,Mumbai Indians,Chennai Super Kings,Chennai Super Kings,field,Chennai Super Kings,Mumbai Indians,Chennai Super Kings,0.5882352941176471,0.4,0.2,0.4563106796116505,0,0.5657894736842105,0.583732057416268,1494.5479434800122,1499.5427983515135,1,0,0
1359487,2023-04-09,2023,"Narendra Modi Stadium, Ahmedabad",Ahmedabad,Gujarat Titans,Kolkata Knight Riders,Gujarat Titans,bat,Kolkata Knight Riders,Gujarat Titans,Kolkata Knight Riders,1.0,0.8,0.6,0.42105263157894735,1,0.7777777777777778,0.5158371040723982,1623.0906906076782,1515.8618008337098,1,0,0
1359488,2023-04-09,2023,"Rajiv Gandhi International Stadium, Uppal, Hyderabad",Hyderabad,Punjab Kings,Sunrisers Hyderabad,Sunrisers Hyderabad,field,Sunrisers Hyderabad,Punjab Kings,Sunrisers Hyderabad,0.35,0.8,0.2,0.4375,0,0.46296296296296297,0.49333333333333335,1540.0623134915038,1433.346643460197,0,1,0
1359489,2023-04-10,2023,"M Chinnaswamy Stadium, Bengaluru",Bengaluru,Royal Challengers Bengaluru,Lucknow Super Giants,Lucknow Super Giants,field,Lucknow Super Giants,Royal Challengers Bengaluru,Lucknow Super Giants,1.0,0.6,0.6,0.42857142857142855,0,0.4864864864864865,0.6111111111111112,1544.225162779797,1548.7544139896745,1,0,0
1359490,2023-04-11,2023,"Arun Jaitley Stadium, Delhi",Delhi,Delhi Capitals,Mumbai Indians,Mumbai Indians,field,Mumbai Indians,Delhi Capitals,Mumbai Indians,0.46875,0.2,0.4,0.45454545454545453,0,0.45248868778280543,0.5633187772925764,1497.9204148245276,1478.777949201793,1,0,0
1359491,2023-04-12,2023,"MA Chidambaram Stadium, Chepauk, Chennai",Chennai,Rajasthan Royals,Chennai Super Kings,Chennai Super Kings,field,Rajasthan Royals,Rajasthan Royals,Chennai Super Kings,0.4230769230769231,0.6,0.4,0.6060606060606061,0,0.5052631578947369,0.5857142857142857,1539.6558171867998,1515.3127926297327,0,1,1
1359492,2023-04-13,2023,"Punjab Cricket Association IS Bindra Stadium, Mohali, Chandigarh",Chandigarh,Punjab Kings,Gujarat Titans,Gujarat Titans,field,Gujarat Titans,Punjab Kings,Gujarat Titans,0.5,0.6,0.8,0.43859649122807015,0,0.4608294930875576,0.7368421052631579,1519.2968045783714,1602.3036531976602,1,0,0
1359493,2023-04-14,2023,"Eden Gardens, Kolkata",Kolkata,Sunrisers Hyderabad,Kolkata Knight Riders,Kolkata Knight Riders,field,Sunrisers Hyderabad,Sunrisers Hyderabad,Kolkata Knight Riders,0.36363636363636365,0.4,0.6,0.4,0,0.4966887417218543,0.5180180180180181,1454.1121523733293,1536.6488382437278,0,1,1
1359494,2023-04-15,2023,"M Chinnaswamy Stadium, Bengaluru",Bengaluru,Royal Challengers Bengaluru,Delhi Capitals,Delhi Capitals,field,Royal Challengers Bengaluru,Royal Challengers Bengaluru,Delhi Capitals,0.6153846153846154,0.4,0.0,0.4230769230769231,0,0.484304932735426,0.45045045045045046,1528.4337306913856,1481.0397626324761,1,0,1
1359495,2023-04-15,2023,"Bharat Ratna Shri Atal Bihari Vajpayee Ekana Cricket Stadium, Lucknow",Lucknow,Lucknow Super Giants,Punjab Kings,Punjab Kings,field,Punjab Kings,Lucknow Super Giants,Punjab Kings,1.0,0.6,0.6,0.5,0,0.631578947368421,0.45871559633027525,1564.545846078086,1507.0483036205053,1,0,0
1359496,2023-04-16,2023,"Wankhede Stadium, Mumbai",Mumbai,Kolkata Knight Riders,Mumbai Indians,Mumbai Indians,field,Mumbai Indians,Kolkata Knight Riders,Mumbai Indians,0.2903225806451613,0.4,0.4,0.4519230769230769,0,0.515695067264574,0.5652173913043478,1516.9178071584665,1495.6586013938445,0,1,0
1359497,2023-04-16,2023,"Narendra Modi Stadium, Ahmedabad",Ahmedabad,Gujarat Titans,Rajasthan Royals,Rajasthan Royals,field,Rajasthan Royals,Gujarat Titans,Rajasthan Royals,1.0,0.8,0.6,0.4,0,0.75,0.5078534031413613,1614.5521541555263,1554.5366103053602,1,0,0
1359498,2023-04-17,2023,"M Chinnaswamy Stadium, Bengaluru",Bengaluru,Chennai Super Kings,Royal Challengers Bengaluru,Royal Challengers Bengaluru,field,Chennai Super Kings,Chennai Super Kings,Royal Challengers Bengaluru,0.6551724137931034,0.4,0.4,0.43037974683544306,0,0.5829383886255924,0.48660714285714285,1500.4319995111723,1542.264595499325,0,1,1
1359499,2023-04-18,2023,"Rajiv Gandhi International Stadium, Uppal, Hyderabad",Hyderabad,Mumbai Indians,Sunrisers Hyderabad,Sunrisers Hyderabad,field,Mumbai Indians,Mumbai Indians,Sunrisers Hyderabad,0.5,0.6,0.4,0.4307692307692308,0,0.5670995670995671,0.5,1512.6364039792884,1473.8431834585906,0,1,1
1359500,2023-04-19,2023,"Sawai Mansingh Stadium, Jaipur",Jaipur,Lucknow Super Giants,Rajasthan Royals,Rajasthan Royals,field,Lucknow Super Giants,Lucknow Super Giants,Rajasthan Royals,0.0,0.6,0.8,0.3191489361702128,0,0.6,0.5104166666666666,1545.9218971064427,1573.2732629076274,0,1,1
1359501,2023-04-20,2023,"Punjab Cricket Association IS Bindra Stadium, Mohali, Chandigarh",Chandigarh,Royal Challengers Bengaluru,Punjab Kings,Punjab Kings,field,Royal Challengers Bengaluru,Royal Challengers Bengaluru,Punjab Kings,0.43333333333333335,0.4,0.6,0.43103448275862066,0,0.48444444444444446,0.4611872146118721,1524.347388962028,1525.6722525921487,0,1,1
1359502,2023-04-20,2023,"Arun Jaitley Stadium, Delhi",Delhi,Kolkata Knight Riders,Delhi Capitals,Delhi Capitals,field,Delhi Capitals,Kolkata Knight Riders,Delhi Capitals,0.5517241379310345,0.4,0.0,0.44871794871794873,0,0.5133928571428571,0.4484304932735426,1499.9400045730226,1467.2088978245367,0,1,0
1359503,2023-04-21,2023,"MA Chidambaram Stadium, Chepauk, Chennai",Chennai,Sunrisers Hyderabad,Chennai Super Kings,Chennai Super Kings,field,Chennai Super Kings,Sunrisers Hyderabad,Chennai Super Kings,0.2777777777777778,0.4,0.6,0.6119402985074627,0,0.49673202614379086,0.5849056603773585,1459.6222900289774,1518.3492060484693,0,1,0
1359504,2023-04-22,2023,"Bharat Ratna Shri Atal Bihari Vajpayee Ekana Cricket Stadium, Lucknow",Lucknow,Gujarat Titans,Lucknow Super Giants,Gujarat Titans,bat,Gujarat Titans,Gujarat Titans,Lucknow Super Giants,1.0,0.6,0.6,0.5,1,0.7142857142857143,0.6190476190476191,1595.815501553259,1563.1788784504568,0,1,1
1359505,2023-04-22,2023,"Wankhede Stadium, Mumbai",Mumbai,Punjab Kings,Mumbai Indians,Mumbai Indians,field,Punjab Kings,Punjab Kings,Mumbai Indians,0.4642857142857143,0.4,0.6,0.44761904761904764,0,0.4590909090909091,0.5689655172413793,1509.6112406629736,1526.8572974089016,0,1,1
1359506,2023-04-23,2023,"M Chinnaswamy Stadium, Bengaluru",Bengaluru,Royal Challengers Bengaluru,Rajasthan Royals,Rajasthan Royals,field,Royal Challengers Bengaluru,Royal Challengers Bengaluru,Rajasthan Royals,0.52,0.4,0.6,0.4375,0,0.48672566371681414,0.5077720207253886,1540.408400891203,1556.0162815636133,1,0,1
1359507,2023-04-23,2023,"Eden Gardens, Kolkata",Kolkata,Chennai Super Kings,Kolkata Knight Riders,Kolkata Knight Riders,field,Chennai Super Kings,Chennai Super Kings,Kolkata Knight Riders,0.6538461538461539,0.8,0.4,0.4074074074074074,0,0.5868544600938967,0.5111111111111111,1531.67019716353,1482.4371248395923,0,1,1
1359508,2023-04-24,2023,"Rajiv Gandhi International Stadium, Uppal, Hyderabad",Hyderabad,Delhi Capitals,Sunrisers Hyderabad,Delhi Capitals,bat,Delhi Capitals,Delhi Capitals,Sunrisers Hyderabad,0.45,0.2,0.4,0.4393939393939394,1,0.45089285714285715,0.4935064935064935,1484.711777557967,1446.3012989139168,0,1,1
1359509,2023-04-25,2023,"Narendra Modi Stadium, Ahmedabad",Ahmedabad,Gujarat Titans,Mumbai Indians,Mumbai Indians,field,Gujarat Titans,Gujarat Titans,Mumbai Indians,0.0,0.6,0.6,0.38095238095238093,0,0.7272727272727273,0.5665236051502146,1610.3169346732159,1510.0637387999566,1,0,1
1359510,2023-04-26,2023,"M Chinnaswamy Stadium, Bengaluru",Bengaluru,Kolkata Knight Riders,Royal Challengers Bengaluru,Royal Challengers Bengaluru,field,Kolkata Knight Riders,Kolkata Knight Riders,Royal Challengers Bengaluru,0.5483870967741935,0.2,0.6,0.4444444444444444,0,0.5088495575221239,0.4889867841409692,1468.6893368891444,1557.1266872361546,0,1,1
1359511,2023-04-27,2023,"Sawai Mansingh Stadium, Jaipur",Jaipur,Rajasthan Royals,Chennai Super Kings,Rajasthan Royals,bat,Rajasthan Royals,Rajasthan Royals,Chennai Super Kings,0.4444444444444444,0.6,0.8,0.3333333333333333,1,0.5051546391752577,0.5887850467289719,1539.2979952186618,1545.417985113978,1,0,1
1359512,2023-04-28,2023,"Punjab Cricket Association IS Bindra Stadium, Mohali, Chandigarh",Chandigarh,Lucknow Super Giants,Punjab Kings,Punjab Kings,field,Lucknow Super Giants,Lucknow Super Giants,Punjab Kings,0.5,0.6,0.4,0.4406779661016949,0,0.5909090909090909,0.46153846153846156,1548.6774453305,1526.4047992719186,0,1,1
1359513,2023-04-29,2023,"Eden Gardens, Kolkata",Kolkata,Kolkata Knight Riders,Gujarat Titans,Gujarat Titans,field,Gujarat Titans,Kolkata Knight Riders,Gujarat Titans,0.5,0.2,0.6,0.4146341463414634,0,0.5110132158590308,0.7391304347826086,1488.676289213183,1621.8241117746422,1,0,0
1359514,2023-04-29,2023,"Arun Jaitley Stadium, Delhi",Delhi,Sunrisers Hyderabad,Delhi Capitals,Sunrisers Hyderabad,bat,Sunrisers Hyderabad,Sunrisers Hyderabad,Delhi Capitals,0.5238095238095238,0.4,0.4,0.4430379746835443,1,0.49032258064516127,0.4533333333333333,1432.0629953732273,1498.9500810986565,0,1,1
1359515,2023-04-30,2023,"MA Chidambaram Stadium, Chepauk, Chennai",Chennai,Chennai Super Kings,Punjab Kings,Chennai Super Kings,bat,Punjab Kings,Chennai Super Kings,Punjab Kings,0.5769230769230769,0.6,0.4,0.6029411764705882,1,0.586046511627907,0.4594594594594595,1529.1361783096038,1511.42908978527,1,0,0
1359516,2023-04-30,2023,"Wankhede Stadium, Mumbai",Mumbai,Rajasthan Royals,Mumbai Indians,Rajasthan Royals,bat,Mumbai Indians,Rajasthan Royals,Mumbai Indians,0.46153846153846156,0.6,0.6,0.4528301886792453,1,0.5076923076923077,0.5641025641025641,1555.5798020230359,1498.5565616985302,0,1,0
1359517,2023-05-01,2023,"Bharat Ratna Shri Atal Bihari Vajpayee Ekana Cricket Stadium, Lucknow",Lucknow,Royal Challengers Bengaluru,Lucknow Super Giants,Royal Challengers Bengaluru,bat,Royal Challengers Bengaluru,Royal Challengers Bengaluru,Lucknow Super Giants,0.6666666666666666,0.6,0.6,0.5,1,0.4868421052631579,0.6086956521739131,1537.139734912116,1563.6531548171486,0,1,1
1359518,2023-05-02,2023,"Narendra Modi Stadium, Ahmedabad",Ahmedabad,Delhi Capitals,Gujarat Titans,Delhi Capitals,bat,Delhi Capitals,Delhi Capitals,Gujarat Titans,0.0,0.4,0.8,0.4090909090909091,1,0.45132743362831856,0.75,1479.9073153564916,1631.9759605019935,0,1,1
1359520,2023-05-03,2023,"Punjab Cricket Association IS Bindra Stadium, Mohali, Chandigarh",Chandigarh,Punjab Kings,Mumbai Indians,Mumbai Indians,field,Mumbai Indians,Punjab Kings,Mumbai Indians,0.4827586206896552,0.6,0.6,0.45,0,0.4618834080717489,0.5659574468085107,1528.243826059072,1517.1592509542127,1,0,0
1359521,2023-05-04,2023,"Rajiv Gandhi International Stadium, Uppal, Hyderabad",Hyderabad,Kolkata Knight Riders,Sunrisers Hyderabad,Kolkata Knight Riders,bat,Kolkata Knight Riders,Kolkata Knight Riders,Sunrisers Hyderabad,0.6086956521739131,0.2,0.4,0.44776119402985076,1,0.5087719298245614,0.4935897435897436,1478.5244404858317,1451.1057611153922,0,1,1
1359522,2023-05-05,2023,"Sawai Mansingh Stadium, Jaipur",Jaipur,Rajasthan Royals,Gujarat Titans,Rajasthan Royals,bat,Gujarat Titans,Rajasthan Royals,Gujarat Titans,0.25,0.4,0.6,0.3469387755102041,1,0.5051020408163265,0.72,1536.9771127673534,1609.388331439628,1,0,0
1359523,2023-05-06,2023,"MA Chidambaram Stadium, Chepauk, Chennai",Chennai,Mumbai Indians,Chennai Super Kings,Chennai Super Kings,field,Chennai Super Kings,Mumbai Indians,Chennai Super Kings,0.5714285714285714,0.6,0.6,0.5942028985507246,0,0.5677966101694916,0.5833333333333334,1533.669541378615,1512.3214420358017,0,1,0
1359524,2023-05-06,2023,"Arun Jaitley Stadium, Delhi",Delhi,Royal Challengers Bengaluru,Delhi Capitals,Royal Challengers Bengaluru,bat,Delhi Capitals,Royal Challengers Bengaluru,Delhi Capitals,0.6296296296296297,0.6,0.6,0.45,1,0.4890829694323144,0.45374449339207046,1554.358358393866,1502.4949444188571,0,1,0
1359525,2023-05-07,2023,"Narendra Modi Stadium, Ahmedabad",Ahmedabad,Gujarat Titans,Lucknow Super Giants,Lucknow Super Giants,field,Gujarat Titans,Gujarat Titans,Lucknow Super Giants,1.0,0.8,0.4,0.43478260869565216,0,0.7307692307692307,0.5833333333333334,1622.1011300744772,1546.4345313353986,1,0,1
1359526,2023-05-07,2023,"Sawai Mansingh Stadium, Jaipur",Jaipur,Rajasthan Royals,Sunrisers Hyderabad,Rajasthan Royals,bat,Sunrisers Hyderabad,Rajasthan Royals,Sunrisers Hyderabad,0.5294117647058824,0.2,0.2,0.34,1,0.5025380710659898,0.49044585987261147,1524.2643141325043,1436.365823184651,1,0,0
1359527,2023-05-08,2023,"Eden Gardens, Kolkata",Kolkata,Punjab Kings,Kolkata Knight Riders,Punjab Kings,bat,Kolkata Knight Riders,Punjab Kings,Kolkata Knight Riders,0.3548387096774194,0.4,0.4,0.40963855421686746,1,0.45982142857142855,0.5109170305676856,1511.7335356346698,1493.264378416573,0,1,0
1359528,2023-05-09,2023,"Wankhede Stadium, Mumbai",Mumbai,Royal Challengers Bengaluru,Mumbai Indians,Mumbai Indians,field,Mumbai Indians,Royal Challengers Bengaluru,Mumbai Indians,0.43333333333333335,0.6,0.4,0.4485981308411215,0,0.48695652173913045,0.5654008438818565,1535.9875434328333,1516.6876604454476,0,1,0
1359529,2023-05-10,2023,"MA Chidambaram Stadium, Chepauk, Chennai",Chennai,Chennai Super Kings,Delhi Capitals,Chennai Super Kings,bat,Chennai Super Kings,Chennai Super Kings,Delhi Capitals,0.6296296296296297,0.6,0.8,0.5857142857142857,1,0.5852534562211982,0.45614035087719296,1529.303322968969,1520.8657593798898,1,0,1
1359530,2023-05-11,2023,"Eden Gardens, Kolkata",Kolkata,Kolkata Knight Riders,Rajasthan Royals,Rajasthan Royals,field,Rajasthan Royals,Kolkata Knight Riders,Rajasthan Royals,0.5833333333333334,0.6,0.2,0.40476190476190477,0,0.5130434782608696,0.5,1510.1141142869608,1504.3006453204007,1,0,0
1359531,2023-05-12,2023,"Wankhede Stadium, Mumbai",Mumbai,Mumbai Indians,Gujarat Titans,Gujarat Titans,field,Mumbai Indians,Mumbai Indians,Gujarat Titans,0.5,0.6,0.8,0.4444444444444444,0,0.5672268907563025,0.7407407407407407,1533.5755398325537,1634.670620886492,1,0,1
1359532,2023-05-13,2023,"Rajiv Gandhi International Stadium, Uppal, Hyderabad",Hyderabad,Sunrisers Hyderabad,Lucknow Super Giants,Sunrisers Hyderabad,bat,Lucknow Super Giants,Sunrisers Hyderabad,Lucknow Super Giants,0.0,0.4,0.4,0.45588235294117646,1,0.4936708860759494,0.56,1456.3294919967545,1533.8650405233836,1,0,0
1359533,2023-05-13,2023,"Arun Jaitley Stadium, Delhi",Delhi,Punjab Kings,Delhi Capitals,Delhi Capitals,field,Punjab Kings,Punjab Kings,Delhi Capitals,0.5172413793103449,0.4,0.6,0.4444444444444444,0,0.4577777777777778,0.45414847161572053,1494.883799764282,1505.2542471724053,0,1,1
1359534,2023-05-14,2023,"Sawai Mansingh Stadium, Jaipur",Jaipur,Royal Challengers Bengaluru,Rajasthan Royals,Royal Challengers Bengaluru,bat,Royal Challengers Bengaluru,Royal Challengers Bengaluru,Rajasthan Royals,0.5384615384615384,0.4,0.4,0.3333333333333333,1,0.48484848484848486,0.5025125628140703,1519.099664045727,1520.5683404776712,0,1,1
1359535,2023-05-14,2023,"MA Chidambaram Stadium, Chepauk, Chennai",Chennai,Chennai Super Kings,Kolkata Knight Riders,Chennai Super Kings,bat,Kolkata Knight Riders,Chennai Super Kings,Kolkata Knight Riders,0.6666666666666666,0.6,0.6,0.5915492957746479,1,0.5871559633027523,0.5108225108225108,1544.9148351764536,1493.8464191296903,1,0,0
1359536,2023-05-15,2023,"Narendra Modi Stadium, Ahmedabad",Ahmedabad,Gujarat Titans,Sunrisers Hyderabad,Sunrisers Hyderabad,field,Gujarat Titans,Gujarat Titans,Sunrisers Hyderabad,0.5,0.6,0.4,0.4583333333333333,0,0.7142857142857143,0.49056603773584906,1614.1421091081797,1443.8420175330875,1,0,1
1359537,2023-05-16,2023,"Bharat Ratna Shri Atal Bihari Vajpayee Ekana Cricket Stadium, Lucknow",Lucknow,Lucknow Super Giants,Mumbai Indians,Mumbai Indians,field,Lucknow Super Giants,Lucknow Super Giants,Mumbai Indians,1.0,0.4,0.8,0.6,0,0.5769230769230769,0.5690376569037657,1546.3525149870507,1554.104051610866,1,0,1
1359538,2023-05-17,2023,"Himachal Pradesh Cricket Association Stadium, Dharamsala",Dharamsala,Delhi Capitals,Punjab Kings,Punjab Kings,field,Delhi Capitals,Delhi Capitals,Punjab Kings,0.4666666666666667,0.4,0.4,0.5555555555555556,0,0.45217391304347826,0.46017699115044247,1488.776812199755,1511.3612347369321,0,0,1
1359539,2023-05-18,2023,"Rajiv Gandhi International Stadium, Uppal, Hyderabad",Hyderabad,Sunrisers Hyderabad,Royal Challengers Bengaluru,Royal Challengers Bengaluru,field,Royal Challengers Bengaluru,Sunrisers Hyderabad,Royal Challengers Bengaluru,0.55,0.4,0.4,0.4492753623188406,0,0.4875,0.4870689655172414,1435.1115510679963,1535.1672986920423,1,0,0
1359540,2023-05-19,2023,"Himachal Pradesh Cricket Association Stadium, Dharamsala",Dharamsala,Punjab Kings,Rajasthan Royals,Rajasthan Royals,field,Rajasthan Royals,Punjab Kings,Rajasthan Royals,0.4166666666666667,0.4,0.2,0.6,0,0.4581497797356828,0.5,1494.3226460544518,1504.5007058313558,0,0,0
1359541,2023-05-20,2023,"Arun Jaitley Stadium, Delhi",Delhi,Chennai Super Kings,Delhi Capitals,Chennai Super Kings,bat,Chennai Super Kings,Chennai Super Kings,Delhi Capitals,0.6428571428571429,0.4,0.6,0.45121951219512196,1,0.5844748858447488,0.45454545454545453,1526.5798394699268,1505.8154008822355,0,1,1
1359542,2023-05-20,2023,"Eden Gardens, Kolkata",Kolkata,Lucknow Super Giants,Kolkata Knight Riders,Kolkata Knight Riders,field,Lucknow Super Giants,Lucknow Super Giants,Kolkata Knight Riders,1.0,0.6,0.6,0.4,0,0.5925925925925926,0.5129310344827587,1562.7094272227368,1512.181414836217,0,1,1
1359543,2023-05-21,2023,"Wankhede Stadium, Mumbai",Mumbai,Sunrisers Hyderabad,Mumbai Indians,Mumbai Indians,field,Mumbai Indians,Sunrisers Hyderabad,Mumbai Indians,0.47368421052631576,0.2,0.6,0.44954128440366975,0,0.484472049689441,0.5666666666666667,1423.5959967671556,1537.7471393751798,0,1,0
1359544,2023-05-21,2023,"M Chinnaswamy Stadium, Bengaluru",Bengaluru,Royal Challengers Bengaluru,Gujarat Titans,Gujarat Titans,field,Gujarat Titans,Royal Challengers Bengaluru,Gujarat Titans,0.5,0.6,0.6,0.45121951219512196,0,0.4892703862660944,0.7241379310344828,1546.682852992883,1622.872575573271,1,0,0
1370350,2023-05-23,2023,"MA Chidambaram Stadium, Chepauk, Chennai",Chennai,Chennai Super Kings,Gujarat Titans,Gujarat Titans,field,Chennai Super Kings,Chennai Super Kings,Gujarat Titans,0.0,0.6,0.8,0.5833333333333334,0,0.5863636363636363,0.7333333333333333,1541.624738619376,1635.4190905350404,1,0,1
1370351,2023-05-24,2023,"MA Chidambaram Stadium, Chepauk, Chennai",Chennai,Mumbai Indians,Lucknow Super Giants,Mumbai Indians,bat,Mumbai Indians,Mumbai Indians,Lucknow Super Giants,0.0,0.6,0.6,0.589041095890411,1,0.5684647302904564,0.6071428571428571,1548.671613881669,1576.398793510002,0,0,1
1370352,2023-05-26,2023,"Narendra Modi Stadium, Ahmedabad",Ahmedabad,Gujarat Titans,Mumbai Indians,Mumbai Indians,field,Gujarat Titans,Gujarat Titans,Mumbai Indians,0.3333333333333333,0.6,0.8,0.48,0,0.7096774193548387,0.5702479338842975,1615.2016612161997,1565.9457938078367,1,0,1
1370353,2023-05-29,2023,"Narendra Modi Stadium, Ahmedabad",Ahmedabad,Gujarat Titans,Chennai Super Kings,Chennai Super Kings,field,Chennai Super Kings,Gujarat Titans,Chennai Super Kings,0.75,0.6,0.8,0.5,0,0.71875,0.5882352941176471,1628.9484202238225,1561.8421679382168,1,0,0
1422119,2024-03-22,2024,"MA Chidambaram Stadium, Chepauk, Chennai",Chennai,Royal Challengers Bengaluru,Chennai Super Kings,Royal Challengers Bengaluru,bat,Chennai Super Kings,Royal Challengers Bengaluru,Chennai Super Kings,0.3333333333333333,0.4,0.8,0.5945945945945946,1,0.48717948717948717,0.5900900900900901,1534.1363380311136,1580.8946604849943,0,1,0
1422120,2024-03-23,2024,"Maharaja Yadavindra Singh International Cricket Stadium, New Chandigarh",Mohali,Delhi Capitals,Punjab Kings,Punjab Kings,field,Punjab Kings,Delhi Capitals,Punjab Kings,0.4838709677419355,0.4,0.2,0.5,0,0.4525862068965517,0.45614035087719296,1490.7705017327862,1478.7912289927142,0,0,0
1422121,2024-03-23,2024,"Eden Gardens, Kolkata",Kolkata,Kolkata Knight Riders,Sunrisers Hyderabad,Sunrisers Hyderabad,field,Kolkata Knight Riders,Kolkata Knight Riders,Sunrisers Hyderabad,0.625,0.6,0.2,0.4069767441860465,0,0.5107296137339056,0.48148148148148145,1498.492048548952,1412.6715222606665,1,0,1
1422122,2024-03-24,2024,"Sawai Mansingh Stadium, Jaipur",Jaipur,Rajasthan Royals,Lucknow Super Giants,Rajasthan Royals,bat,Rajasthan Royals,Rajasthan Royals,Lucknow Super Giants,0.6666666666666666,0.4,0.6,0.34615384615384615,1,0.5024875621890548,0.5862068965517241,1520.0321228930934,1559.1246135838342,1,0,1
1422123,2024-03-24,2024,"Narendra Modi Stadium, Ahmedabad",Ahmedabad,Gujarat Titans,Mumbai Indians,Mumbai Indians,field,Gujarat Titans,Gujarat Titans,Mumbai Indians,0.5,0.6,0.6,0.48148148148148145,0,0.696969696969697,0.5679012345679012,1609.895927677045,1552.199034800214,1,0,1
1422124,2024-03-25,2024,"M Chinnaswamy Stadium, Bengaluru",Bengaluru,Punjab Kings,Royal Challengers Bengaluru,Royal Challengers Bengaluru,field,Royal Challengers Bengaluru,Punjab Kings,Royal Challengers Bengaluru,0.5483870967741935,0.4,0.4,0.4457831325301205,0,0.4585152838427948,0.4851063829787234,1495.3426763847676,1520.2767315790434,0,1,0
1422125,2024-03-26,2024,"MA Chidambaram Stadium, Chepauk, Chennai",Chennai,Chennai Super Kings,Gujarat Titans,Gujarat Titans,field,Chennai Super Kings,Chennai Super Kings,Gujarat Titans,0.4,0.8,0.6,0.5866666666666667,0,0.5919282511210763,0.7058823529411765,1594.7542669370646,1623.2630460279881,1,0,1
1422126,2024-03-27,2024,"Rajiv Gandhi International Stadium, Uppal, Hyderabad",Hyderabad,Sunrisers Hyderabad,Mumbai Indians,Mumbai Indians,field,Sunrisers Hyderabad,Sunrisers Hyderabad,Mumbai Indians,0.45,0.0,0.4,0.44285714285714284,0,0.4785276073619632,0.5655737704918032,1400.5452377689248,1538.8319164492707,1,0,1
1422127,2024-03-28,2024,"Sawai Mansingh Stadium, Jaipur",Jaipur,Rajasthan Royals,Delhi Capitals,Delhi Capitals,field,Rajasthan Royals,Rajasthan Royals,Delhi Capitals,0.5185185185185185,0.6,0.2,0.3584905660377358,0,0.504950495049505,0.45064377682403434,1537.8248396558197,1474.2190543407328,1,0,1
1422128,2024-03-29,2024,"M Chinnaswamy Stadium, Bengaluru",Bengaluru,Royal Challengers Bengaluru,Kolkata Knight Riders,Kolkata Knight Riders,field,Kolkata Knight Riders,Royal Challengers Bengaluru,Kolkata Knight Riders,0.4375,0.6,0.6,0.44047619047619047,0,0.4872881355932203,0.5128205128205128,1535.130443158797,1510.6183330406936,1,0,0
1422129,2024-03-30,2024,"Bharat Ratna Shri Atal Bihari Vajpayee Ekana Cricket Stadium, Lucknow",Lucknow,Lucknow Super Giants,Punjab Kings,Lucknow Super Giants,bat,Lucknow Super Giants,Lucknow Super Giants,Punjab Kings,0.6666666666666666,0.6,0.4,0.6666666666666666,1,0.5666666666666667,0.45652173913043476,1541.3318968211079,1480.488964805014,1,0,1
1422130,2024-03-31,2024,"Narendra Modi Stadium, Ahmedabad",Ahmedabad,Sunrisers Hyderabad,Gujarat Titans,Sunrisers Hyderabad,bat,Gujarat Titans,Sunrisers Hyderabad,Gujarat Titans,0.3333333333333333,0.2,0.4,0.5,1,0.4817073170731707,0.6857142857142857,1422.5973086362071,1605.9531068544386,0,1,0
1422131,2024-03-31,2024,"Dr. Y.S. Rajasekhara Reddy ACA-VDCA Cricket Stadium, Visakhapatnam",Visakhapatnam,Delhi Capitals,Chennai Super Kings,Delhi Capitals,bat,Delhi Capitals,Delhi Capitals,Chennai Super Kings,0.3448275862068966,0.2,1.0,0.46153846153846156,1,0.44871794871794873,0.59375,1461.1159178860262,1612.0642061106141,0,0,1
1422132,2024-04-01,2024,"Wankhede Stadium, Mumbai",Mumbai,Mumbai Indians,Rajasthan Royals,Rajasthan Royals,field,Rajasthan Royals,Mumbai Indians,Rajasthan Royals,0.5555555555555556,0.4,0.8,0.44545454545454544,0,0.563265306122449,0.5073891625615764,1516.7798455819884,1550.9279761105263,1,0,0
1422133,2024-04-02,2024,"M Chinnaswamy Stadium, Bengaluru",Bengaluru,Lucknow Super Giants,Royal Challengers Bengaluru,Royal Challengers Bengaluru,field,Lucknow Super Giants,Lucknow Super Giants,Royal Challengers Bengaluru,0.25,0.6,0.4,0.43529411764705883,0,0.5806451612903226,0.48523206751054854,1554.5582714059904,1518.003487964599,0,1,1
1422134,2024-04-03,2024,"Dr. Y.S. Rajasekhara Reddy ACA-VDCA Cricket Stadium, Visakhapatnam",Visakhapatnam,Kolkata Knight Riders,Delhi Capitals,Kolkata Knight Riders,bat,Kolkata Knight Riders,Kolkata Knight Riders,Delhi Capitals,0.5333333333333333,0.6,0.4,0.5,1,0.5148936170212766,0.451063829787234,1527.7452882348919,1483.6606420103963,0,0,1
1422135,2024-04-04,2024,"Narendra Modi Stadium, Ahmedabad",Ahmedabad,Gujarat Titans,Punjab Kings,Punjab Kings,field,Punjab Kings,Gujarat Titans,Punjab Kings,0.6666666666666666,0.6,0.2,0.4827586206896552,0,0.6944444444444444,0.45454545454545453,1614.2146755830327,1467.2625902201314,1,0,0
1422136,2024-04-05,2024,"Rajiv Gandhi International Stadium, Uppal, Hyderabad",Hyderabad,Chennai Super Kings,Sunrisers Hyderabad,Sunrisers Hyderabad,field,Sunrisers Hyderabad,Chennai Super Kings,Sunrisers Hyderabad,0.7368421052631579,0.8,0.2,0.4507042253521127,0,0.5911111111111111,0.47878787878787876,1589.519481986244,1414.335739907613,0,1,0
1422137,2024-04-06,2024,"Sawai Mansingh Stadium, Jaipur",Jaipur,Royal Challengers Bengaluru,Rajasthan Royals,Rajasthan Royals,field,Rajasthan Royals,Royal Challengers Bengaluru,Rajasthan Royals,0.5555555555555556,0.2,0.8,0.37037037037037035,0,0.4831932773109244,0.5098039215686274,1503.6807136638092,1565.3604408946844,0,1,0
1422138,2024-04-07,2024,"Wankhede Stadium, Mumbai",Mumbai,Mumbai Indians,Delhi Capitals,Delhi Capitals,field,Mumbai Indians,Mumbai Indians,Delhi Capitals,0.5454545454545454,0.2,0.2,0.44144144144144143,0,0.5609756097560976,0.4491525423728814,1502.3473807978303,1469.67998943832,1,0,1
1422139,2024-04-07,2024,"Bharat Ratna Shri Atal Bihari Vajpayee Ekana Cricket Stadium, Lucknow",Lucknow,Lucknow Super Giants,Gujarat Titans,Lucknow Super Giants,bat,Lucknow Super Giants,Lucknow Super Giants,Gujarat Titans,0.0,0.6,0.4,0.7142857142857143,1,0.59375,0.6756756756756757,1568.88104570678,1591.823909096951,1,0,1
1426260,2024-04-08,2024,"MA Chidambaram Stadium, Chepauk, Chennai",Chennai,Kolkata Knight Riders,Chennai Super Kings,Chennai Super Kings,field,Chennai Super Kings,Kolkata Knight Riders,Chennai Super Kings,0.35714285714285715,0.8,0.6,0.5921052631578947,0,0.5169491525423728,0.588495575221239,1541.725940806968,1566.072618441652,0,1,0
1426261,2024-04-09,2024,"Maharaja Yadavindra Singh International Cricket Stadium, New Chandigarh",Mohali,Sunrisers Hyderabad,Punjab Kings,Punjab Kings,field,Sunrisers Hyderabad,Sunrisers Hyderabad,Punjab Kings,0.6666666666666666,0.4,0.4,0.5,0,0.4819277108433735,0.45689655172413796,1437.7826034522052,1489.6533567062131,0,0,1
1426262,2024-04-10,2024,"Sawai Mansingh Stadium, Jaipur",Jaipur,Rajasthan Royals,Gujarat Titans,Gujarat Titans,field,Gujarat Titans,Rajasthan Royals,Gujarat Titans,0.2,1.0,0.4,0.36363636363636365,0,0.5121951219512195,0.6578947368421053,1578.5494533392398,1574.7688842618236,1,0,0
1426263,2024-04-11,2024,"Wankhede Stadium, Mumbai",Mumbai,Royal Challengers Bengaluru,Mumbai Indians,Mumbai Indians,field,Mumbai Indians,Royal Challengers Bengaluru,Mumbai Indians,0.41935483870967744,0.2,0.2,0.44642857142857145,0,0.4811715481171548,0.562753036437247,1490.4917012192539,1516.8474094285618,0,1,0
1426264,2024-04-12,2024,"Bharat Ratna Shri Atal Bihari Vajpayee Ekana Cricket Stadium, Lucknow",Lucknow,Lucknow Super Giants,Delhi Capitals,Lucknow Super Giants,bat,Delhi Capitals,Lucknow Super Giants,Delhi Capitals,1.0,0.6,0.2,0.75,1,0.6060606060606061,0.4472573839662447,1585.9360705419074,1455.1799608075885,1,0,0
1426265,2024-04-13,2024,"Maharaja Yadavindra Singh International Cricket Stadium, New Chandigarh",Mohali,Punjab Kings,Rajasthan Royals,Rajasthan Royals,field,Rajasthan Royals,Punjab Kings,Rajasthan Royals,0.4,0.4,0.8,0.5,0,0.45493562231759654,0.5097087378640777,1471.2822111807902,1562.3753585703344,0,0,0
1426266,2024-04-14,2024,"Eden Gardens, Kolkata",Kolkata,Lucknow Super Giants,Kolkata Knight Riders,Kolkata Knight Riders,field,Kolkata Knight Riders,Lucknow Super Giants,Kolkata Knight Riders,1.0,0.6,0.6,0.41379310344827586,0,0.5882352941176471,0.5147679324894515,1564.1835861965951,1526.8453150955636,0,1,0
1426267,2024-04-14,2024,"Wankhede Stadium, Mumbai",Mumbai,Chennai Super Kings,Mumbai Indians,Mumbai Indians,field,Chennai Super Kings,Chennai Super Kings,Mumbai Indians,0.4444444444444444,0.6,0.4,0.4424778761061947,0,0.5903083700440529,0.5645161290322581,1580.9532441530564,1531.6360069562872,0,1,1
1426268,2024-04-15,2024,"M Chinnaswamy Stadium, Bengaluru",Bengaluru,Sunrisers Hyderabad,Royal Challengers Bengaluru,Royal Challengers Bengaluru,field,Sunrisers Hyderabad,Sunrisers Hyderabad,Royal Challengers Bengaluru,0.5238095238095238,0.6,0.2,0.4418604651162791,0,0.48502994011976047,0.4791666666666667,1456.153748977628,1475.7031036915284,0,1,1
1426269,2024-04-16,2024,"Eden Gardens, Kolkata",Kolkata,Kolkata Knight Riders,Rajasthan Royals,Rajasthan Royals,field,Rajasthan Royals,Kolkata Knight Riders,Rajasthan Royals,0.56,0.8,0.8,0.4090909090909091,0,0.5168067226890757,0.5120772946859904,1544.55821676132,1574.2739167896918,1,0,0
1426270,2024-04-17,2024,"Narendra Modi Stadium, Ahmedabad",Ahmedabad,Gujarat Titans,Delhi Capitals,Delhi Capitals,field,Delhi Capitals,Gujarat Titans,Delhi Capitals,0.6666666666666666,0.4,0.4,0.4666666666666667,0,0.6666666666666666,0.4495798319327731,1590.942979030729,1476.9324451529008,1,0,0
1426271,2024-04-18,2024,"Maharaja Yadavindra Singh International Cricket Stadium, New Chandigarh",Mohali,Mumbai Indians,Punjab Kings,Punjab Kings,field,Mumbai Indians,Mumbai Indians,Punjab Kings,0.5333333333333333,0.4,0.2,0.5,0,0.5622489959839357,0.452991452991453,1517.8920180129264,1459.3836529614327,0,0,1
1426272,2024-04-19,2024,"Bharat Ratna Shri Atal Bihari Vajpayee Ekana Cricket Stadium, Lucknow",Lucknow,Chennai Super Kings,Lucknow Super Giants,Lucknow Super Giants,field,Lucknow Super Giants,Chennai Super Kings,Lucknow Super Giants,0.5,0.6,0.6,0.6666666666666666,0,0.5921052631578947,0.5714285714285714,1594.6972330964172,1546.4706845308388,0,1,0
1426273,2024-04-20,2024,"Arun Jaitley Stadium, Delhi",Delhi,Sunrisers Hyderabad,Delhi Capitals,Delhi Capitals,field,Sunrisers Hyderabad,Sunrisers Hyderabad,Delhi Capitals,0.5454545454545454,0.8,0.6,0.4578313253012048,0,0.4880952380952381,0.45188284518828453,1473.053081125855,1498.0021462261004,0,1,1
1426274,2024-04-21,2024,"Eden Gardens, Kolkata",Kolkata,Kolkata Knight Riders,Royal Challengers Bengaluru,Royal Challengers Bengaluru,field,Kolkata Knight Riders,Kolkata Knight Riders,Royal Challengers Bengaluru,0.5757575757575758,0.6,0.0,0.4044943820224719,0,0.5146443514644351,0.47717842323651455,1529.92334822722,1458.8037715433015,1,0,1
1426275,2024-04-21,2024,"Maharaja Yadavindra Singh International Cricket Stadium, New Chandigarh",Mohali,Punjab Kings,Gujarat Titans,Punjab Kings,bat,Gujarat Titans,Punjab Kings,Gujarat Titans,0.5,0.2,0.4,0.5,1,0.451063829787234,0.65,1446.0528783405439,1569.8732779575294,0,0,0
1426276,2024-04-22,2024,"Sawai Mansingh Stadium, Jaipur",Jaipur,Mumbai Indians,Rajasthan Royals,Mumbai Indians,bat,Rajasthan Royals,Mumbai Indians,Rajasthan Royals,0.5357142857142857,0.6,0.8,0.35714285714285715,1,0.564,0.5144230769230769,1531.2227926338153,1588.9087853237918,0,1,0
1426277,2024-04-23,2024,"MA Chidambaram Stadium, Chepauk, Chennai",Chennai,Chennai Super Kings,Lucknow Super Giants,Lucknow Super Giants,field,Lucknow Super Giants,Chennai Super Kings,Lucknow Super Giants,0.3333333333333333,0.4,0.6,0.5844155844155844,0,0.5895196506550219,0.5833333333333334,1576.4904731520191,1564.6774444752368,1,0,0
1426278,2024-04-24,2024,"Arun Jaitley Stadium, Delhi",Delhi,Delhi Capitals,Gujarat Titans,Gujarat Titans,field,Delhi Capitals,Delhi Capitals,Gujarat Titans,0.5,0.4,0.4,0.4642857142857143,0,0.45,0.6585365853658537,1480.8551701241693,1580.4008814448964,1,0,1
1426279,2024-04-25,2024,"Rajiv Gandhi International Stadium, Uppal, Hyderabad",Hyderabad,Royal Challengers Bengaluru,Sunrisers Hyderabad,Royal Challengers Bengaluru,bat,Royal Challengers Bengaluru,Royal Challengers Bengaluru,Sunrisers Hyderabad,0.45454545454545453,0.0,0.8,0.4444444444444444,1,0.47520661157024796,0.4911242603550296,1446.0339580447244,1490.2000572277861,0,1,1
1426280,2024-04-26,2024,"Eden Gardens, Kolkata",Kolkata,Kolkata Knight Riders,Punjab Kings,Punjab Kings,field,Punjab Kings,Kolkata Knight Riders,Punjab Kings,0.65625,0.6,0.2,0.4111111111111111,0,0.5166666666666667,0.4491525423728814,1542.6931617257972,1435.5252748531768,1,0,0
1426281,2024-04-27,2024,"Arun Jaitley Stadium, Delhi",Delhi,Delhi Capitals,Mumbai Indians,Mumbai Indians,field,Delhi Capitals,Delhi Capitals,Mumbai Indians,0.4411764705882353,0.6,0.6,0.47058823529411764,0,0.45228215767634855,0.5617529880478087,1501.3179640093542,1517.8551859007894,1,0,1
1426282,2024-04-27,2024,"Bharat Ratna Shri Atal Bihari Vajpayee Ekana Cricket Stadium, Lucknow",Lucknow,Lucknow Super Giants,Rajasthan Royals,Rajasthan Royals,field,Rajasthan Royals,Lucknow Super Giants,Rajasthan Royals,0.25,0.6,0.8,0.6,0,0.5945945945945946,0.5167464114832536,1581.221245013835,1602.2763920568177,1,0,0
1426283,2024-04-28,2024,"Narendra Modi Stadium, Ahmedabad",Ahmedabad,Gujarat Titans,Royal Challengers Bengaluru,Royal Challengers Bengaluru,field,Royal Challengers Bengaluru,Gujarat Titans,Royal Challengers Bengaluru,0.6666666666666666,0.4,0.2,0.45161290322580644,0,0.6428571428571429,0.4773662551440329,1559.9380875597114,1464.0569966611724,1,0,0
1426284,2024-04-28,2024,"MA Chidambaram Stadium, Chepauk, Chennai",Chennai,Chennai Super Kings,Sunrisers Hyderabad,Sunrisers Hyderabad,field,Chennai Super Kings,Chennai Super Kings,Sunrisers Hyderabad,0.7,0.4,0.8,0.5769230769230769,0,0.5869565217391305,0.48823529411764705,1559.946672613421,1472.177018611338,1,0,1
1426285,2024-04-29,2024,"Eden Gardens, Kolkata",Kolkata,Delhi Capitals,Kolkata Knight Riders,Delhi Capitals,bat,Kolkata Knight Riders,Delhi Capitals,Kolkata Knight Riders,0.45161290322580644,0.8,0.4,0.4065934065934066,1,0.45454545454545453,0.5145228215767634,1518.078956615554,1521.9086822654265,0,1,0
1426286,2024-04-30,2024,"Bharat Ratna Shri Atal Bihari Vajpayee Ekana Cricket Stadium, Lucknow",Lucknow,Mumbai Indians,Lucknow Super Giants,Lucknow Super Giants,field,Lucknow Super Giants,Mumbai Indians,Lucknow Super Giants,0.25,0.4,0.4,0.5454545454545454,0,0.5595238095238095,0.5789473684210527,1501.0941932945896,1566.1896851093493,0,1,0
1426287,2024-05-01,2024,"MA Chidambaram Stadium, Chepauk, Chennai",Chennai,Chennai Super Kings,Punjab Kings,Punjab Kings,field,Punjab Kings,Chennai Super Kings,Punjab Kings,0.5555555555555556,0.6,0.2,0.5822784810126582,0,0.5887445887445888,0.45147679324894513,1571.988573356398,1456.3097543135475,1,0,0
1426288,2024-05-02,2024,"Rajiv Gandhi International Stadium, Uppal, Hyderabad",Hyderabad,Sunrisers Hyderabad,Rajasthan Royals,Sunrisers Hyderabad,bat,Sunrisers Hyderabad,Sunrisers Hyderabad,Rajasthan Royals,0.5,0.6,0.8,0.4520547945205479,1,0.4853801169590643,0.5190476190476191,1460.135117868361,1617.3079519613034,1,0,1
1426289,2024-05-03,2024,"Wankhede Stadium, Mumbai",Mumbai,Kolkata Knight Riders,Mumbai Indians,Mumbai Indians,field,Kolkata Knight Riders,Kolkata Knight Riders,Mumbai Indians,0.28125,0.6,0.2,0.4473684210526316,0,0.5165289256198347,0.5573122529644269,1537.7323240242163,1488.057359621261,0,1,1
1426290,2024-05-04,2024,"M Chinnaswamy Stadium, Bengaluru",Bengaluru,Gujarat Titans,Royal Challengers Bengaluru,Royal Challengers Bengaluru,field,Royal Challengers Bengaluru,Gujarat Titans,Royal Challengers Bengaluru,0.5,0.4,0.4,0.4482758620689655,0,0.627906976744186,0.47950819672131145,1539.6313795912754,1484.3637046296085,0,1,0
1426291,2024-05-05,2024,"Himachal Pradesh Cricket Association Stadium, Dharamsala",Dharamsala,Chennai Super Kings,Punjab Kings,Punjab Kings,field,Chennai Super Kings,Chennai Super Kings,Punjab Kings,0.5357142857142857,0.4,0.4,0.5454545454545454,0,0.5862068965517241,0.453781512605042,1550.8498637444156,1477.44846392553,0,0,1
1426292,2024-05-05,2024,"Bharat Ratna Shri Atal Bihari Vajpayee Ekana Cricket Stadium, Lucknow",Lucknow,Kolkata Knight Riders,Lucknow Super Giants,Lucknow Super Giants,field,Kolkata Knight Riders,Kolkata Knight Riders,Lucknow Super Giants,0.25,0.6,0.6,0.5,0,0.5185185185185185,0.5897435897435898,1551.4601688921337,1579.2265187826779,0,1,1
1426293,2024-05-06,2024,"Wankhede Stadium, Mumbai",Mumbai,Sunrisers Hyderabad,Mumbai Indians,Mumbai Indians,field,Mumbai Indians,Sunrisers Hyderabad,Mumbai Indians,0.47619047619047616,0.6,0.2,0.45217391304347826,0,0.4883720930232558,0.5551181102362205,1482.9167694265604,1474.3295147533436,0,1,0
1426294,2024-05-07,2024,"Arun Jaitley Stadium, Delhi",Delhi,Delhi Capitals,Rajasthan Royals,Rajasthan Royals,field,Delhi Capitals,Delhi Capitals,Rajasthan Royals,0.4642857142857143,0.6,0.8,0.47674418604651164,0,0.45267489711934156,0.5165876777251185,1502.2553148567642,1594.526300403104,1,0,1
1426295,2024-05-08,2024,"Rajiv Gandhi International Stadium, Uppal, Hyderabad",Hyderabad,Lucknow Super Giants,Sunrisers Hyderabad,Lucknow Super Giants,bat,Sunrisers Hyderabad,Lucknow Super Giants,Sunrisers Hyderabad,1.0,0.6,0.4,0.4594594594594595,1,0.575,0.48554913294797686,1561.9505464553124,1466.5213922413895,0,1,0
1426296,2024-05-09,2024,"Himachal Pradesh Cricket Association Stadium, Dharamsala",Dharamsala,Royal Challengers Bengaluru,Punjab Kings,Punjab Kings,field,Royal Challengers Bengaluru,Royal Challengers Bengaluru,Punjab Kings,0.46875,0.6,0.4,0.5833333333333334,0,0.4816326530612245,0.45188284518828453,1502.8876223154366,1464.7793143976728,0,0,1
1426297,2024-05-10,2024,"Narendra Modi Stadium, Ahmedabad",Ahmedabad,Gujarat Titans,Chennai Super Kings,Chennai Super Kings,field,Gujarat Titans,Gujarat Titans,Chennai Super Kings,0.5,0.2,0.4,0.4375,0,0.6136363636363636,0.5879828326180258,1521.1074619054473,1563.5190132722728,1,0,1
1426298,2024-05-11,2024,"Eden Gardens, Kolkata",Kolkata,Kolkata Knight Riders,Mumbai Indians,Mumbai Indians,field,Kolkata Knight Riders,Kolkata Knight Riders,Mumbai Indians,0.30303030303030304,0.8,0.2,0.40217391304347827,0,0.5204918032786885,0.5568627450980392,1568.7361412194991,1490.7248919385145,1,0,1
1426299,2024-05-12,2024,"MA Chidambaram Stadium, Chepauk, Chennai",Chennai,Rajasthan Royals,Chennai Super Kings,Rajasthan Royals,bat,Chennai Super Kings,Rajasthan Royals,Chennai Super Kings,0.4642857142857143,0.6,0.4,0.575,1,0.5141509433962265,0.5854700854700855,1574.3742255852185,1545.575532939685,0,1,0
1426300,2024-05-12,2024,"M Chinnaswamy Stadium, Bengaluru",Bengaluru,Royal Challengers Bengaluru,Delhi Capitals,Delhi Capitals,field,Royal Challengers Bengaluru,Royal Challengers Bengaluru,Delhi Capitals,0.6071428571428571,0.8,0.6,0.4431818181818182,0,0.483739837398374,0.45491803278688525,1517.1396739433744,1522.4073896746497,1,0,1
1426302,2024-05-14,2024,"Arun Jaitley Stadium, Delhi",Delhi,Delhi Capitals,Lucknow Super Giants,Lucknow Super Giants,field,Delhi Capitals,Delhi Capitals,Lucknow Super Giants,0.25,0.6,0.4,0.4827586206896552,0,0.4530612244897959,0.5609756097560976,1506.1648209870364,1541.6631497852718,1,0,1
1426303,2024-05-15,2024,"Barsapara Cricket Stadium, Guwahati",Guwahati,Rajasthan Royals,Punjab Kings,Rajasthan Royals,bat,Punjab Kings,Rajasthan Royals,Punjab Kings,0.6153846153846154,0.4,0.4,0.5,1,0.5117370892018779,0.45,1557.0510257984934,1450.527262769735,0,0,0
1426305,2024-05-17,2024,"Wankhede Stadium, Mumbai",Mumbai,Lucknow Super Giants,Mumbai Indians,Mumbai Indians,field,Lucknow Super Giants,Lucknow Super Giants,Mumbai Indians,0.8,0.2,0.2,0.4482758620689655,0,0.5476190476190477,0.5546875,1524.0340562009164,1478.2582622332134,0,1,1
1426306,2024-05-18,2024,"M Chinnaswamy Stadium, Bengaluru",Bengaluru,Royal Challengers Bengaluru,Chennai Super Kings,Chennai Super Kings,field,Royal Challengers Bengaluru,Royal Challengers Bengaluru,Chennai Super Kings,0.3225806451612903,1.0,0.6,0.449438202247191,0,0.48582995951417,0.5872340425531914,1533.382242630988,1562.8987327264101,1,0,1
1426307,2024-05-19,2024,"Rajiv Gandhi International Stadium, Uppal, Hyderabad",Hyderabad,Punjab Kings,Sunrisers Hyderabad,Punjab Kings,bat,Sunrisers Hyderabad,Punjab Kings,Sunrisers Hyderabad,0.3181818181818182,0.6,0.4,0.4533333333333333,1,0.45228215767634855,0.4885057471264368,1471.2847167127425,1486.8087889114302,0,1,0
1426309,2024-05-21,2024,"Narendra Modi Stadium, Ahmedabad",Ahmedabad,Sunrisers Hyderabad,Kolkata Knight Riders,Sunrisers Hyderabad,bat,Kolkata Knight Riders,Sunrisers Hyderabad,Kolkata Knight Riders,0.36,0.6,0.8,0.45454545454545453,1,0.49142857142857144,0.5224489795918368,1502.0943543525855,1581.2027709248002,0,0,0
1426310,2024-05-22,2024,"Narendra Modi Stadium, Ahmedabad",Ahmedabad,Royal Challengers Bengaluru,Rajasthan Royals,Rajasthan Royals,field,Rajasthan Royals,Royal Challengers Bengaluru,Rajasthan Royals,0.5357142857142857,1.0,0.2,0.4411764705882353,0,0.4879032258064516,0.5093457943925234,1550.7382664788565,1536.2935718554859,0,0,0
1426311,2024-05-24,2024,"MA Chidambaram Stadium, Chepauk, Chennai",Chennai,Sunrisers Hyderabad,Rajasthan Royals,Rajasthan Royals,field,Sunrisers Hyderabad,Sunrisers Hyderabad,Rajasthan Royals,0.5263157894736842,0.6,0.2,0.5679012345679012,0,0.48863636363636365,0.5116279069767442,1489.6757533227467,1552.958391623984,0,0,1
1426312,2024-05-26,2024,"MA Chidambaram Stadium, Chepauk, Chennai",Chennai,Sunrisers Hyderabad,Kolkata Knight Riders,Sunrisers Hyderabad,bat,Kolkata Knight Riders,Sunrisers Hyderabad,Kolkata Knight Riders,0.34615384615384615,0.6,1.0,0.573170731707317,1,0.4915254237288136,0.524390243902439,1508.5582208006304,1593.621371954639,0,0,0
1473438,2025-03-22,2025,"Eden Gardens, Kolkata",Kolkata,Kolkata Knight Riders,Royal Challengers Bengaluru,Royal Challengers Bengaluru,field,Royal Challengers Bengaluru,Kolkata Knight Riders,Royal Challengers Bengaluru,0.5882352941176471,1.0,0.8,0.40860215053763443,0,0.5263157894736842,0.4859437751004016,1605.7805077163143,1534.0734467103584,1,0,0
1473439,2025-03-23,2025,"Rajiv Gandhi International Stadium, Uppal, Hyderabad",Hyderabad,Sunrisers Hyderabad,Rajasthan Royals,Rajasthan Royals,field,Sunrisers Hyderabad,Sunrisers Hyderabad,Rajasthan Royals,0.55,0.6,0.2,0.4473684210526316,0,0.4887640449438202,0.5092592592592593,1496.399085038955,1534.0759241461003,1,0,1
1473440,2025-03-23,2025,"MA Chidambaram Stadium, Chepauk, Chennai",Chennai,Mumbai Indians,Chennai Super Kings,Chennai Super Kings,field,Chennai Super Kings,Mumbai Indians,Chennai Super Kings,0.5405405405405406,0.2,0.4,0.5662650602409639,0,0.5525291828793775,0.5847457627118644,1464.3542016995334,1545.5427088785416,0,1,0
1473441,2025-03-24,2025,"Dr. Y.S. Rajasekhara Reddy ACA-VDCA Cricket Stadium, Visakhapatnam",Visakhapatnam,Lucknow Super Giants,Delhi Capitals,Delhi Capitals,field,Delhi Capitals,Lucknow Super Giants,Delhi Capitals,0.6,0.4,0.6,0.5333333333333333,0,0.5581395348837209,0.45528455284552843,1537.9381167345964,1523.7939145713917,0,0,0
1473442,2025-03-25,2025,"Narendra Modi Stadium, Ahmedabad",Ahmedabad,Punjab Kings,Gujarat Titans,Gujarat Titans,field,Punjab Kings,Punjab Kings,Gujarat Titans,0.4,0.4,0.4,0.42857142857142855,0,0.45041322314049587,0.6222222222222222,1455.9991512715872,1539.050942238035,0,1,1
1473443,2025-03-26,2025,"Barsapara Cricket Stadium, Guwahati",Guwahati,Rajasthan Royals,Kolkata Knight Riders,Kolkata Knight Riders,field,Kolkata Knight Riders,Rajasthan Royals,Kolkata Knight Riders,0.46153846153846156,0.2,0.8,0.5,0,0.5069124423963134,0.5241935483870968,1516.3476111568016,1586.5243781425913,0,0,0
1473444,2025-03-27,2025,"Rajiv Gandhi International Stadium, Uppal, Hyderabad",Hyderabad,Sunrisers Hyderabad,Lucknow Super Giants,Lucknow Super Giants,field,Lucknow Super Giants,Sunrisers Hyderabad,Lucknow Super Giants,0.25,0.6,0.2,0.45454545454545453,0,0.49162011173184356,0.5454545454545454,1514.1273980282538,1521.287111756599,1,0,0
1473445,2025-03-28,2025,"MA Chidambaram Stadium, Chepauk, Chennai",Chennai,Royal Challengers Bengaluru,Chennai Super Kings,Chennai Super Kings,field,Royal Challengers Bengaluru,Royal Challengers Bengaluru,Chennai Super Kings,0.34375,0.8,0.6,0.5595238095238095,0,0.488,0.5864978902953587,1553.3295762840814,1557.8704405277454,0,1,1
1473446,2025-03-29,2025,"Narendra Modi Stadium, Ahmedabad",Ahmedabad,Gujarat Titans,Mumbai Indians,Mumbai Indians,field,Gujarat Titans,Gujarat Titans,Mumbai Indians,0.6,0.2,0.2,0.4444444444444444,0,0.6086956521739131,0.5503875968992248,1519.2974873650269,1452.0264700503296,1,0,1
1473447,2025-03-30,2025,"Dr. Y.S. Rajasekhara Reddy ACA-VDCA Cricket Stadium, Visakhapatnam",Visakhapatnam,Sunrisers Hyderabad,Delhi Capitals,Sunrisers Hyderabad,bat,Delhi Capitals,Sunrisers Hyderabad,Delhi Capitals,0.5652173913043478,0.4,0.6,0.5,1,0.4888888888888889,0.4574898785425101,1498.4570683655131,1540.4449195493892,0,0,0
1473448,2025-03-30,2025,"Barsapara Cricket Stadium, Guwahati",Guwahati,Rajasthan Royals,Chennai Super Kings,Chennai Super Kings,field,Rajasthan Royals,Rajasthan Royals,Chennai Super Kings,0.4482758620689655,0.2,0.4,0.5,0,0.5045871559633027,0.5840336134453782,1503.5361265802287,1541.6613379072958,0,0,1
1473449,2025-03-31,2025,"Wankhede Stadium, Mumbai",Mumbai,Kolkata Knight Riders,Mumbai Indians,Mumbai Indians,field,Mumbai Indians,Kolkata Knight Riders,Mumbai Indians,0.3235294117647059,0.8,0.2,0.452991452991453,0,0.5261044176706827,0.5482625482625483,1599.3358627191642,1439.0862734728944,0,1,0
1473450,2025-04-01,2025,"Bharat Ratna Shri Atal Bihari Vajpayee Ekana Cricket Stadium, Lucknow",Lucknow,Lucknow Super Giants,Punjab Kings,Punjab Kings,field,Punjab Kings,Lucknow Super Giants,Punjab Kings,0.75,0.4,0.4,0.5384615384615384,0,0.5555555555555556,0.45267489711934156,1536.9574414193396,1475.7526061445953,1,0,0
1473451,2025-04-02,2025,"M Chinnaswamy Stadium, Bengaluru",Bengaluru,Royal Challengers Bengaluru,Gujarat Titans,Gujarat Titans,field,Gujarat Titans,Royal Challengers Bengaluru,Gujarat Titans,0.6,0.8,0.4,0.45555555555555555,0,0.4900398406374502,0.6170212765957447,1569.538678904531,1532.2376839424621,1,0,0
1473452,2025-04-03,2025,"Eden Gardens, Kolkata",Kolkata,Kolkata Knight Riders,Sunrisers Hyderabad,Sunrisers Hyderabad,field,Kolkata Knight Riders,Kolkata Knight Riders,Sunrisers Hyderabad,0.6666666666666666,0.6,0.4,0.40425531914893614,0,0.524,0.4861878453038674,1576.4384138147454,1484.381321633749,1,0,1
1473453,2025-04-04,2025,"Bharat Ratna Shri Atal Bihari Vajpayee Ekana Cricket Stadium, Lucknow",Lucknow,Lucknow Super Giants,Mumbai Indians,Mumbai Indians,field,Lucknow Super Giants,Lucknow Super Giants,Mumbai Indians,0.8333333333333334,0.4,0.2,0.5,0,0.5434782608695652,0.55,1518.167653501593,1461.9837223773131,1,0,1
1473454,2025-04-05,2025,"MA Chidambaram Stadium, Chepauk, Chennai",Chennai,Delhi Capitals,Chennai Super Kings,Delhi Capitals,bat,Delhi Capitals,Delhi Capitals,Chennai Super Kings,0.36666666666666664,0.8,0.4,0.5647058823529412,1,0.4596774193548387,0.5815899581589958,1554.5206662811534,1523.9126203990168,0,1,1
1473455,2025-04-05,2025,"Maharaja Yadavindra Singh International Cricket Stadium, New Chandigarh",Mohali,Rajasthan Royals,Punjab Kings,Punjab Kings,field,Rajasthan Royals,Rajasthan Royals,Punjab Kings,0.5925925925925926,0.4,0.6,0.4,0,0.5068493150684932,0.45491803278688525,1521.2848440885077,1494.542394062342,0,0,1
1473457,2025-04-06,2025,"Rajiv Gandhi International Stadium, Uppal, Hyderabad",Hyderabad,Sunrisers Hyderabad,Gujarat Titans,Gujarat Titans,field,Gujarat Titans,Sunrisers Hyderabad,Gujarat Titans,0.25,0.2,0.6,0.44871794871794873,0,0.4835164835164835,0.625,1472.5242081670879,1549.948888633496,1,0,0
1473458,2025-04-07,2025,"Wankhede Stadium, Mumbai",Mumbai,Royal Challengers Bengaluru,Mumbai Indians,Mumbai Indians,field,Royal Challengers Bengaluru,Royal Challengers Bengaluru,Mumbai Indians,0.40625,0.6,0.2,0.4491525423728814,0,0.4880952380952381,0.5478927203065134,1551.8274742134972,1448.5487680534052,0,1,1
1473456,2025-04-08,2025,"Eden Gardens, Kolkata",Kolkata,Lucknow Super Giants,Kolkata Knight Riders,Kolkata Knight Riders,field,Lucknow Super Giants,Lucknow Super Giants,Kolkata Knight Riders,0.6,0.6,0.6,0.4105263157894737,0,0.5531914893617021,0.5258964143426295,1531.6026078255009,1588.2955272814065,0,1,1
1473459,2025-04-08,2025,"Maharaja Yadavindra Singh International Cricket Stadium, New Chandigarh",Mohali,Punjab Kings,Chennai Super Kings,Punjab Kings,bat,Punjab Kings,Punjab Kings,Chennai Super Kings,0.4482758620689655,0.6,0.2,0.5,1,0.4530612244897959,0.5791666666666667,1479.7715030590427,1509.3185377335767,0,0,1
1473460,2025-04-09,2025,"Narendra Modi Stadium, Ahmedabad",Ahmedabad,Gujarat Titans,Rajasthan Royals,Rajasthan Royals,field,Gujarat Titans,Gujarat Titans,Rajasthan Royals,0.8333333333333334,0.8,0.4,0.4594594594594595,0,0.6326530612244898,0.509090909090909,1562.441223034571,1536.055735091807,1,0,1
1473461,2025-04-10,2025,"M Chinnaswamy Stadium, Bengaluru",Bengaluru,Royal Challengers Bengaluru,Delhi Capitals,Delhi Capitals,field,Delhi Capitals,Royal Challengers Bengaluru,Delhi Capitals,0.6206896551724138,0.6,0.8,0.45054945054945056,0,0.4901185770750988,0.46184738955823296,1563.2066237978636,1569.1147489465934,1,0,0
1473462,2025-04-11,2025,"MA Chidambaram Stadium, Chepauk, Chennai",Chennai,Chennai Super Kings,Kolkata Knight Riders,Kolkata Knight Riders,field,Kolkata Knight Riders,Chennai Super Kings,Kolkata Knight Riders,0.6551724137931034,0.2,0.4,0.5697674418604651,0,0.5767634854771784,0.5238095238095238,1491.9611173698286,1569.707649631124,1,0,0
1473463,2025-04-12,2025,"Bharat Ratna Shri Atal Bihari Vajpayee Ekana Cricket Stadium, Lucknow",Lucknow,Gujarat Titans,Lucknow Super Giants,Lucknow Super Giants,field,Lucknow Super Giants,Gujarat Titans,Lucknow Super Giants,0.8,0.8,0.6,0.5333333333333333,0,0.64,0.5625,1577.2284570252061,1550.1904854757834,0,1,0
1473464,2025-04-12,2025,"Rajiv Gandhi International Stadium, Uppal, Hyderabad",Hyderabad,Punjab Kings,Sunrisers Hyderabad,Punjab Kings,bat,Sunrisers Hyderabad,Punjab Kings,Sunrisers Hyderabad,0.30434782608695654,0.6,0.2,0.4430379746835443,1,0.45528455284552843,0.4808743169398907,1497.1289234227909,1460.0318737660127,0,1,0
1473465,2025-04-13,2025,"Sawai Mansingh Stadium, Jaipur",Jaipur,Rajasthan Royals,Royal Challengers Bengaluru,Royal Challengers Bengaluru,field,Royal Challengers Bengaluru,Rajasthan Royals,Royal Challengers Bengaluru,0.4827586206896552,0.4,0.6,0.3508771929824561,0,0.5067873303167421,0.4881889763779528,1521.268501101172,1547.4786767932296,1,0,0
1473466,2025-04-13,2025,"Arun Jaitley Stadium, Delhi",Delhi,Mumbai Indians,Delhi Capitals,Delhi Capitals,field,Mumbai Indians,Mumbai Indians,Delhi Capitals,0.5428571428571428,0.2,1.0,0.48863636363636365,0,0.5458015267175572,0.464,1437.1696184690388,1584.8426959512274,0,1,1
1473467,2025-04-14,2025,"Bharat Ratna Shri Atal Bihari Vajpayee Ekana Cricket Stadium, Lucknow",Lucknow,Lucknow Super Giants,Chennai Super Kings,Chennai Super Kings,field,Chennai Super Kings,Lucknow Super Giants,Chennai Super Kings,0.75,0.8,0.0,0.5,0,0.5714285714285714,0.5743801652892562,1567.4331225432568,1479.4828895652347,1,0,0
1473468,2025-04-15,2025,"Maharaja Yadavindra Singh International Cricket Stadium, New Chandigarh",Mohali,Punjab Kings,Kolkata Knight Riders,Punjab Kings,bat,Punjab Kings,Punjab Kings,Kolkata Knight Riders,0.36363636363636365,0.6,0.6,0.5714285714285714,1,0.4534412955465587,0.525691699604743,1479.4270039125586,1582.1858774357179,0,0,1
1473470,2025-04-17,2025,"Wankhede Stadium, Mumbai",Mumbai,Sunrisers Hyderabad,Mumbai Indians,Mumbai Indians,field,Mumbai Indians,Sunrisers Hyderabad,Mumbai Indians,0.45454545454545453,0.2,0.4,0.453781512605042,0,0.483695652173913,0.5475285171102662,1477.733793276245,1459.5882675696682,0,1,0
1473471,2025-04-18,2025,"M Chinnaswamy Stadium, Bengaluru",Bengaluru,Royal Challengers Bengaluru,Punjab Kings,Punjab Kings,field,Punjab Kings,Royal Challengers Bengaluru,Punjab Kings,0.48484848484848486,0.6,0.6,0.44565217391304346,0,0.49019607843137253,0.45564516129032256,1562.2739381332979,1500.025902382585,1,0,0
1473472,2025-04-19,2025,"Narendra Modi Stadium, Ahmedabad",Ahmedabad,Delhi Capitals,Gujarat Titans,Gujarat Titans,field,Gujarat Titans,Delhi Capitals,Gujarat Titans,0.6,0.8,0.8,0.47368421052631576,0,0.46215139442231074,0.6274509803921569,1562.424046850598,1559.9858199577327,0,1,0
1473473,2025-04-19,2025,"Sawai Mansingh Stadium, Jaipur",Jaipur,Lucknow Super Giants,Rajasthan Royals,Lucknow Super Giants,bat,Lucknow Super Giants,Lucknow Super Giants,Rajasthan Royals,0.2,0.6,0.4,0.3448275862068966,1,0.56,0.5045045045045045,1547.4672172376336,1506.4732397611037,0,1,1
1473474,2025-04-20,2025,"Maharaja Yadavindra Singh International Cricket Stadium, New Chandigarh",Mohali,Punjab Kings,Royal Challengers Bengaluru,Royal Challengers Bengaluru,field,Royal Challengers Bengaluru,Punjab Kings,Royal Challengers Bengaluru,0.5294117647058824,0.6,0.4,0.625,0,0.4578313253012048,0.48828125,1518.8622463959036,1543.4375941199792,0,0,0
1473475,2025-04-20,2025,"Wankhede Stadium, Mumbai",Mumbai,Chennai Super Kings,Mumbai Indians,Mumbai Indians,field,Mumbai Indians,Chennai Super Kings,Mumbai Indians,0.47368421052631576,0.2,0.6,0.45,0,0.5761316872427984,0.5492424242424242,1499.448794870858,1476.4231409635238,0,1,0
1473476,2025-04-21,2025,"Eden Gardens, Kolkata",Kolkata,Gujarat Titans,Kolkata Knight Riders,Kolkata Knight Riders,field,Gujarat Titans,Gujarat Titans,Kolkata Knight Riders,0.6666666666666666,0.8,0.4,0.4166666666666667,0,0.6346153846153846,0.5236220472440944,1576.0981026123968,1561.5869789656915,0,1,1
1473477,2025-04-22,2025,"Bharat Ratna Shri Atal Bihari Vajpayee Ekana Cricket Stadium, Lucknow",Lucknow,Lucknow Super Giants,Delhi Capitals,Delhi Capitals,field,Delhi Capitals,Lucknow Super Giants,Delhi Capitals,0.5,0.8,0.6,0.47058823529411764,0,0.5686274509803921,0.4603174603174603,1561.5880869405532,1546.3117641959338,1,0,0
1473478,2025-04-23,2025,"Rajiv Gandhi International Stadium, Uppal, Hyderabad",Hyderabad,Sunrisers Hyderabad,Mumbai Indians,Mumbai Indians,field,Mumbai Indians,Sunrisers Hyderabad,Mumbai Indians,0.43478260869565216,0.2,0.6,0.4375,0,0.4810810810810811,0.5509433962264151,1460.8989198823895,1493.481961805928,1,0,0
1473479,2025-04-24,2025,"M Chinnaswamy Stadium, Bengaluru",Bengaluru,Royal Challengers Bengaluru,Rajasthan Royals,Rajasthan Royals,field,Royal Challengers Bengaluru,Royal Challengers Bengaluru,Rajasthan Royals,0.5333333333333333,0.6,0.4,0.44086021505376344,0,0.490272373540856,0.5022421524663677,1558.307741211143,1492.352370058184,1,0,1
1473480,2025-04-25,2025,"MA Chidambaram Stadium, Chepauk, Chennai",Chennai,Chennai Super Kings,Sunrisers Hyderabad,Sunrisers Hyderabad,field,Sunrisers Hyderabad,Chennai Super Kings,Sunrisers Hyderabad,0.7142857142857143,0.2,0.2,0.5632183908045977,0,0.5737704918032787,0.478494623655914,1482.3899740284537,1446.395040868261,1,0,0
1473482,2025-04-27,2025,"Wankhede Stadium, Mumbai",Mumbai,Mumbai Indians,Lucknow Super Giants,Lucknow Super Giants,field,Mumbai Indians,Mumbai Indians,Lucknow Super Giants,0.14285714285714285,0.8,0.6,0.4462809917355372,0,0.5526315789473685,0.5576923076923077,1507.9858408200564,1544.8850392783324,1,0,1
1473483,2025-04-27,2025,"Arun Jaitley Stadium, Delhi",Delhi,Delhi Capitals,Royal Challengers Bengaluru,Royal Challengers Bengaluru,field,Royal Challengers Bengaluru,Delhi Capitals,Royal Challengers Bengaluru,0.4,0.6,0.6,0.4943820224719101,0,0.4624505928853755,0.49224806201550386,1563.0148118581546,1571.3063517488754,1,0,0
1473484,2025-04-28,2025,"Sawai Mansingh Stadium, Jaipur",Jaipur,Gujarat Titans,Rajasthan Royals,Rajasthan Royals,field,Rajasthan Royals,Gujarat Titans,Rajasthan Royals,0.8571428571428571,0.8,0.2,0.3559322033898305,0,0.6415094339622641,0.5,1591.4302289802922,1479.3537595204516,0,1,0
1473485,2025-04-29,2025,"Arun Jaitley Stadium, Delhi",Delhi,Kolkata Knight Riders,Delhi Capitals,Delhi Capitals,field,Kolkata Knight Riders,Kolkata Knight Riders,Delhi Capitals,0.5625,0.4,0.4,0.4888888888888889,0,0.5215686274509804,0.46062992125984253,1546.2548525977961,1547.3965789071185,0,1,1
1473486,2025-04-30,2025,"MA Chidambaram Stadium, Chepauk, Chennai",Chennai,Chennai Super Kings,Punjab Kings,Punjab Kings,field,Punjab Kings,Chennai Super Kings,Punjab Kings,0.5333333333333333,0.2,0.6,0.5568181818181818,0,0.5714285714285714,0.456,1464.7382513640873,1503.99209930474,1,0,0
1473487,2025-05-01,2025,"Sawai Mansingh Stadium, Jaipur",Jaipur,Mumbai Indians,Rajasthan Royals,Rajasthan Royals,field,Mumbai Indians,Mumbai Indians,Rajasthan Royals,0.5172413793103449,1.0,0.2,0.35,0,0.5543071161048689,0.5022222222222222,1525.6787514925588,1500.3431950270501,0,1,1
1473488,2025-05-02,2025,"Narendra Modi Stadium, Ahmedabad",Ahmedabad,Gujarat Titans,Sunrisers Hyderabad,Sunrisers Hyderabad,field,Gujarat Titans,Gujarat Titans,Sunrisers Hyderabad,0.8,0.6,0.4,0.46153846153846156,0,0.6296296296296297,0.48128342245989303,1570.4407934736937,1464.0467635326274,1,0,1
1473489,2025-05-03,2025,"M Chinnaswamy Stadium, Bengaluru",Bengaluru,Royal Challengers Bengaluru,Chennai Super Kings,Chennai Super Kings,field,Royal Challengers Bengaluru,Royal Challengers Bengaluru,Chennai Super Kings,0.36363636363636365,0.8,0.2,0.44680851063829785,0,0.4942084942084942,0.5691056910569106,1586.9245846999115,1450.5383052342224,1,0,1
1473491,2025-05-04,2025,"Himachal Pradesh Cricket Association Stadium, Dharamsala",Dharamsala,Punjab Kings,Lucknow Super Giants,Lucknow Super Giants,field,Punjab Kings,Punjab Kings,Lucknow Super Giants,0.4,0.6,0.4,0.6153846153846154,0,0.4581673306772908,0.5471698113207547,1518.1920454346048,1527.19212860583,0,0,1
1473490,2025-05-04,2025,"Eden Gardens, Kolkata",Kolkata,Kolkata Knight Riders,Rajasthan Royals,Kolkata Knight Riders,bat,Kolkata Knight Riders,Kolkata Knight Riders,Rajasthan Royals,0.5555555555555556,0.4,0.2,0.422680412371134,1,0.5234375,0.5,1562.3074308481382,1485.5078768300173,1,0,1
1473493,2025-05-06,2025,"Wankhede Stadium, Mumbai",Mumbai,Mumbai Indians,Gujarat Titans,Gujarat Titans,field,Gujarat Titans,Mumbai Indians,Gujarat Titans,0.3333333333333333,1.0,0.6,0.45081967213114754,0,0.5559701492537313,0.6363636363636364,1540.5140696895917,1581.6887863558247,1,0,0
1473494,2025-05-07,2025,"Eden Gardens, Kolkata",Kolkata,Kolkata Knight Riders,Chennai Super Kings,Kolkata Knight Riders,bat,Chennai Super Kings,Kolkata Knight Riders,Chennai Super Kings,0.36666666666666664,0.6,0.2,0.42857142857142855,1,0.5252918287937743,0.5668016194331984,1574.8271805723114,1440.5152263139312,1,0,0
1473497,2025-05-18,2025,"Sawai Mansingh Stadium, Jaipur",Jaipur,Punjab Kings,Rajasthan Royals,Punjab Kings,bat,Punjab Kings,Punjab Kings,Rajasthan Royals,0.39285714285714285,0.8,0.2,0.36065573770491804,1,0.4603174603174603,0.4977973568281938,1534.606421898784,1472.9881271058441,0,1,1
1473498,2025-05-18,2025,"Arun Jaitley Stadium, Delhi",Delhi,Delhi Capitals,Gujarat Titans,Gujarat Titans,field,Gujarat Titans,Delhi Capitals,Gujarat Titans,0.5,0.2,0.8,0.4945054945054945,0,0.4588235294117647,0.6428571428571429,1531.3440006567764,1595.8014480216045,1,0,0
1473499,2025-05-19,2025,"Bharat Ratna Shri Atal Bihari Vajpayee Ekana Cricket Stadium, Lucknow",Lucknow,Lucknow Super Giants,Sunrisers Hyderabad,Sunrisers Hyderabad,field,Sunrisers Hyderabad,Lucknow Super Giants,Sunrisers Hyderabad,0.8,0.2,0.4,0.4444444444444444,0,0.5370370370370371,0.4787234042553192,1510.7777521416508,1452.7987706504964,1,0,0
1473500,2025-05-20,2025,"Arun Jaitley Stadium, Delhi",Delhi,Chennai Super Kings,Rajasthan Royals,Rajasthan Royals,field,Rajasthan Royals,Chennai Super Kings,Rajasthan Royals,0.5333333333333333,0.2,0.2,0.4891304347826087,0,0.5685483870967742,0.4956140350877193,1462.4097686674147,1459.7963728293537,0,0,0
1473501,2025-05-21,2025,"Wankhede Stadium, Mumbai",Mumbai,Mumbai Indians,Delhi Capitals,Delhi Capitals,field,Mumbai Indians,Mumbai Indians,Delhi Capitals,0.5555555555555556,0.8,0.2,0.44715447154471544,0,0.5539033457249071,0.45703125,1526.4014080238119,1518.2787821156592,1,0,1
1473502,2025-05-22,2025,"Narendra Modi Stadium, Ahmedabad",Ahmedabad,Lucknow Super Giants,Gujarat Titans,Gujarat Titans,field,Lucknow Super Giants,Lucknow Super Giants,Gujarat Titans,0.3333333333333333,0.2,0.8,0.475,0,0.5272727272727272,0.6491228070175439,1492.1322332890732,1608.8666665627218,0,1,1
1473503,2025-05-23,2025,"Bharat Ratna Shri Atal Bihari Vajpayee Ekana Cricket Stadium, Lucknow",Lucknow,Sunrisers Hyderabad,Royal Challengers Bengaluru,Royal Challengers Bengaluru,field,Sunrisers Hyderabad,Sunrisers Hyderabad,Royal Challengers Bengaluru,0.5217391304347826,0.4,0.8,0.42105263157894735,0,0.48148148148148145,0.49615384615384617,1471.444289503074,1596.9476636202028,0,0,1
1485779,2025-05-24,2025,"Sawai Mansingh Stadium, Jaipur",Jaipur,Punjab Kings,Delhi Capitals,Delhi Capitals,field,Delhi Capitals,Punjab Kings,Delhi Capitals,0.53125,0.8,0.2,0.3709677419354839,0,0.4624505928853755,0.45525291828793774,1547.7981761752744,1502.6527747273021,0,0,0
1473504,2025-05-25,2025,"Narendra Modi Stadium, Ahmedabad",Ahmedabad,Chennai Super Kings,Gujarat Titans,Chennai Super Kings,bat,Chennai Super Kings,Chennai Super Kings,Gujarat Titans,0.42857142857142855,0.2,0.6,0.4878048780487805,1,0.5662650602409639,0.6379310344827587,1446.289419611207,1587.6844011566263,0,1,1
1473505,2025-05-25,2025,"Arun Jaitley Stadium, Delhi",Delhi,Sunrisers Hyderabad,Kolkata Knight Riders,Sunrisers Hyderabad,bat,Sunrisers Hyderabad,Sunrisers Hyderabad,Kolkata Knight Riders,0.32142857142857145,0.6,0.4,0.4838709677419355,1,0.4842105263157895,0.5232558139534884,1492.9850096521143,1552.9326382188278,0,0,1
1473506,2025-05-26,2025,"Sawai Mansingh Stadium, Jaipur",Jaipur,Mumbai Indians,Punjab Kings,Punjab Kings,field,Punjab Kings,Mumbai Indians,Punjab Kings,0.5483870967741935,0.8,0.6,0.36507936507936506,0,0.5555555555555556,0.46062992125984253,1542.027415412169,1529.7307759430787,0,0,0
1473507,2025-05-27,2025,"Bharat Ratna Shri Atal Bihari Vajpayee Ekana Cricket Stadium, Lucknow",Lucknow,Lucknow Super Giants,Royal Challengers Bengaluru,Royal Challengers Bengaluru,field,Royal Challengers Bengaluru,Lucknow Super Giants,Royal Challengers Bengaluru,0.4,0.2,0.8,0.45,0,0.5357142857142857,0.4942528735632184,1513.3144986951686,1575.4069434711625,1,0,0
1473508,2025-05-29,2025,"Maharaja Yadavindra Singh International Cricket Stadium, New Chandigarh",New Chandigarh,Punjab Kings,Royal Challengers Bengaluru,Royal Challengers Bengaluru,field,Royal Challengers Bengaluru,Punjab Kings,Royal Challengers Bengaluru,0.5142857142857142,0.8,0.8,0.5555555555555556,0,0.4627450980392157,0.4961832061068702,1546.2968207884685,1588.577540068901,0,0,0
1473509,2025-05-30,2025,"Maharaja Yadavindra Singh International Cricket Stadium, New Chandigarh",New Chandigarh,Mumbai Indians,Gujarat Titans,Mumbai Indians,bat,Mumbai Indians,Mumbai Indians,Gujarat Titans,0.2857142857142857,0.6,0.6,0.5,1,0.5535055350553506,0.6271186440677966,1525.4613705667791,1565.510084929855,0,0,1
1473510,2025-06-01,2025,"Narendra Modi Stadium, Ahmedabad",Ahmedabad,Mumbai Indians,Punjab Kings,Punjab Kings,field,Punjab Kings,Mumbai Indians,Punjab Kings,0.53125,0.6,0.6,0.5,0,0.5551470588235294,0.4609375,1543.297556716278,1532.2343647051707,0,0,0
1473511,2025-06-03,2025,"Narendra Modi Stadium, Ahmedabad",Ahmedabad,Royal Challengers Bengaluru,Punjab Kings,Punjab Kings,field,Royal Challengers Bengaluru,Royal Challengers Bengaluru,Punjab Kings,0.5,0.8,0.6,0.4883720930232558,0,0.49809885931558934,0.46303501945525294,1602.6399961521988,1548.7436714014236,0,0,1
